{
	"credit": "Made with Blockbench",
	"texture_size": [64, 64],
	"textures": {
		"0": "custom/pigeon",
		"particle": "custom/pigeon"
	},
	"elements": [
		{
			"name": "body5",
			"from": [3.5, 4.16348, 8.24178],
			"to": [12.5, 4.16348, 16.24178],
			"rotation": {"angle": -22.5, "axis": "x", "origin": [8, 4.16348, 10.24178]},
			"faces": {
				"north": {"uv": [2, 2, 4.25, 2], "texture": "#0"},
				"east": {"uv": [0, 2, 2, 2], "texture": "#0"},
				"south": {"uv": [6.25, 2, 8.5, 2], "texture": "#0"},
				"west": {"uv": [4.25, 2, 6.25, 2], "texture": "#0"},
				"up": {"uv": [4.25, 2, 2, 0], "texture": "#0"},
				"down": {"uv": [4.25, 0, 2, 2], "texture": "#0"}
			}
		},
		{
			"name": "body2",
			"from": [5.5, 3, 3],
			"to": [10.5, 8, 10],
			"rotation": {"angle": 0, "axis": "y", "origin": [1, 0, 0]},
			"faces": {
				"north": {"uv": [1.75, 3.75, 3, 5], "texture": "#0"},
				"east": {"uv": [0, 3.75, 1.75, 5], "texture": "#0"},
				"south": {"uv": [4.75, 3.75, 6, 5], "texture": "#0"},
				"west": {"uv": [3, 3.75, 4.75, 5], "texture": "#0"},
				"up": {"uv": [3, 3.75, 1.75, 2], "texture": "#0"},
				"down": {"uv": [4.25, 2, 3, 3.75], "texture": "#0"}
			}
		},
		{
			"name": "body3",
			"from": [5.4, 3, 3],
			"to": [5.4, 8, 13],
			"rotation": {"angle": 0, "axis": "y", "origin": [5.4, 8, 3]},
			"faces": {
				"north": {"uv": [2.5, 6.25, 2.5, 7.5], "texture": "#0"},
				"east": {"uv": [0, 6.25, 2.5, 7.5], "texture": "#0"},
				"south": {"uv": [5, 6.25, 5, 7.5], "texture": "#0"},
				"west": {"uv": [2.5, 6.25, 0, 7.5], "texture": "#0"},
				"up": {"uv": [2.5, 6.25, 2.5, 3.75], "texture": "#0"},
				"down": {"uv": [2.5, 3.75, 2.5, 6.25], "texture": "#0"}
			}
		},
		{
			"name": "body4",
			"from": [10.5, 3, 3],
			"to": [10.5, 8, 13],
			"rotation": {"angle": 0, "axis": "y", "origin": [10.5, 8, 3]},
			"faces": {
				"north": {"uv": [2.5, 5, 2.5, 6.25], "texture": "#0"},
				"east": {"uv": [0, 5, 2.5, 6.25], "texture": "#0"},
				"south": {"uv": [5, 5, 5, 6.25], "texture": "#0"},
				"west": {"uv": [2.5, 5, 0, 6.25], "texture": "#0"},
				"up": {"uv": [2.5, 5, 2.5, 2.5], "texture": "#0"},
				"down": {"uv": [2.5, 2.5, 2.5, 5], "texture": "#0"}
			}
		},
		{
			"name": "bone",
			"from": [6.5, 4.44487, 2.60673],
			"to": [9.5, 9.44487, 4.60673],
			"rotation": {"angle": 0, "axis": "x", "origin": [8, 4.41496, 3.10224]},
			"faces": {
				"north": {"uv": [4.75, 2.5, 5.5, 3.75], "texture": "#0"},
				"east": {"uv": [4.25, 2.5, 4.75, 3.75], "texture": "#0"},
				"south": {"uv": [6, 2.5, 6.75, 3.75], "texture": "#0"},
				"west": {"uv": [5.5, 2.5, 6, 3.75], "texture": "#0"},
				"up": {"uv": [5.5, 2.5, 4.75, 2], "texture": "#0"},
				"down": {"uv": [6.25, 2, 5.5, 2.5], "texture": "#0"}
			}
		},
		{
			"name": "body",
			"from": [6, 7.4, 0.6],
			"to": [10, 11.4, 4.6],
			"rotation": {"angle": 0, "axis": "x", "origin": [8, 4.41496, 3.10224]},
			"faces": {
				"north": {"uv": [6, 5, 7, 6], "texture": "#0"},
				"east": {"uv": [5, 5, 6, 6], "texture": "#0"},
				"south": {"uv": [8, 5, 9, 6], "texture": "#0"},
				"west": {"uv": [7, 5, 8, 6], "texture": "#0"},
				"up": {"uv": [7, 5, 6, 4], "texture": "#0"},
				"down": {"uv": [8, 4, 7, 5], "texture": "#0"}
			}
		},
		{
			"name": "body",
			"from": [7, 8.4, -0.4],
			"to": [9, 9.4, 0.6],
			"rotation": {"angle": 0, "axis": "x", "origin": [8, 4.41496, 3.10224]},
			"faces": {
				"north": {"uv": [0.25, 1.5, 0.75, 1.75], "texture": "#0"},
				"east": {"uv": [0, 1.5, 0.25, 1.75], "texture": "#0"},
				"south": {"uv": [1, 1.5, 1.5, 1.75], "texture": "#0"},
				"west": {"uv": [0.75, 1.5, 1, 1.75], "texture": "#0"},
				"up": {"uv": [0.75, 1.5, 0.25, 1.25], "texture": "#0"},
				"down": {"uv": [1.25, 1.25, 0.75, 1.5], "texture": "#0"}
			}
		},
		{
			"name": "body",
			"from": [5, 0, 4.6],
			"to": [6, 1, 5.6],
			"rotation": {"angle": 0, "axis": "x", "origin": [6.5, 2.875, 7.5]},
			"faces": {
				"north": {"uv": [0.25, 2, 0.5, 2.25], "texture": "#0"},
				"east": {"uv": [0, 2, 0.25, 2.25], "texture": "#0"},
				"south": {"uv": [0.75, 2, 1, 2.25], "texture": "#0"},
				"west": {"uv": [0.5, 2, 0.75, 2.25], "texture": "#0"},
				"up": {"uv": [0.5, 2, 0.25, 1.75], "texture": "#0"},
				"down": {"uv": [0.75, 1.75, 0.5, 2], "texture": "#0"}
			}
		},
		{
			"name": "body",
			"from": [5, 0, 5.6],
			"to": [8, 1, 7.6],
			"rotation": {"angle": 0, "axis": "x", "origin": [6.5, 2.875, 7.5]},
			"faces": {
				"north": {"uv": [5.5, 6.5, 6.25, 6.75], "texture": "#0"},
				"east": {"uv": [5, 6.5, 5.5, 6.75], "texture": "#0"},
				"south": {"uv": [6.75, 6.5, 7.5, 6.75], "texture": "#0"},
				"west": {"uv": [6.25, 6.5, 6.75, 6.75], "texture": "#0"},
				"up": {"uv": [6.25, 6.5, 5.5, 6], "texture": "#0"},
				"down": {"uv": [7, 6, 6.25, 6.5], "texture": "#0"}
			}
		},
		{
			"name": "body",
			"from": [6, 0, 6.6],
			"to": [7, 4, 7.6],
			"rotation": {"angle": 0, "axis": "x", "origin": [6.5, 2.875, 7.5]},
			"faces": {
				"north": {"uv": [0.25, 0.25, 0.5, 1.25], "texture": "#0"},
				"east": {"uv": [0, 0.25, 0.25, 1.25], "texture": "#0"},
				"south": {"uv": [0.75, 0.25, 1, 1.25], "texture": "#0"},
				"west": {"uv": [0.5, 0.25, 0.75, 1.25], "texture": "#0"},
				"up": {"uv": [0.5, 0.25, 0.25, 0], "texture": "#0"},
				"down": {"uv": [0.75, 0, 0.5, 0.25], "texture": "#0"}
			}
		},
		{
			"name": "body",
			"from": [7, 0, 4.6],
			"to": [8, 1, 5.6],
			"rotation": {"angle": 0, "axis": "x", "origin": [6.5, 2.875, 7.5]},
			"faces": {
				"north": {"uv": [1, 2.25, 1.25, 2.5], "texture": "#0"},
				"east": {"uv": [0.75, 2.25, 1, 2.5], "texture": "#0"},
				"south": {"uv": [1.5, 2.25, 1.75, 2.5], "texture": "#0"},
				"west": {"uv": [1.25, 2.25, 1.5, 2.5], "texture": "#0"},
				"up": {"uv": [1.25, 2.25, 1, 2], "texture": "#0"},
				"down": {"uv": [1.5, 2, 1.25, 2.25], "texture": "#0"}
			}
		},
		{
			"name": "body",
			"from": [9, 0, 6.6],
			"to": [10, 4, 7.6],
			"rotation": {"angle": 0, "axis": "y", "origin": [9.5, 2.875, 7.5]},
			"faces": {
				"north": {"uv": [1.25, 0.25, 1.5, 1.25], "texture": "#0"},
				"east": {"uv": [1, 0.25, 1.25, 1.25], "texture": "#0"},
				"south": {"uv": [1.75, 0.25, 2, 1.25], "texture": "#0"},
				"west": {"uv": [1.5, 0.25, 1.75, 1.25], "texture": "#0"},
				"up": {"uv": [1.5, 0.25, 1.25, 0], "texture": "#0"},
				"down": {"uv": [1.75, 0, 1.5, 0.25], "texture": "#0"}
			}
		},
		{
			"name": "body",
			"from": [8, 0, 5.6],
			"to": [11, 1, 7.6],
			"rotation": {"angle": 0, "axis": "y", "origin": [9.5, 2.875, 7.5]},
			"faces": {
				"north": {"uv": [6.75, 2, 7.5, 2.25], "texture": "#0"},
				"east": {"uv": [6.25, 2, 6.75, 2.25], "texture": "#0"},
				"south": {"uv": [8, 2, 8.75, 2.25], "texture": "#0"},
				"west": {"uv": [7.5, 2, 8, 2.25], "texture": "#0"},
				"up": {"uv": [7.5, 2, 6.75, 1.5], "texture": "#0"},
				"down": {"uv": [8.25, 1.5, 7.5, 2], "texture": "#0"}
			}
		},
		{
			"name": "body",
			"from": [8, 0, 4.6],
			"to": [9, 1, 5.6],
			"rotation": {"angle": 0, "axis": "y", "origin": [9.5, 2.875, 7.5]},
			"faces": {
				"north": {"uv": [0.25, 2.5, 0.5, 2.75], "texture": "#0"},
				"east": {"uv": [0, 2.5, 0.25, 2.75], "texture": "#0"},
				"south": {"uv": [0.75, 2.5, 1, 2.75], "texture": "#0"},
				"west": {"uv": [0.5, 2.5, 0.75, 2.75], "texture": "#0"},
				"up": {"uv": [0.5, 2.5, 0.25, 2.25], "texture": "#0"},
				"down": {"uv": [0.75, 2.25, 0.5, 2.5], "texture": "#0"}
			}
		},
		{
			"name": "body",
			"from": [10, 0, 4.6],
			"to": [11, 1, 5.6],
			"rotation": {"angle": 0, "axis": "y", "origin": [9.5, 2.875, 7.5]},
			"faces": {
				"north": {"uv": [1, 2.75, 1.25, 3], "texture": "#0"},
				"east": {"uv": [0.75, 2.75, 1, 3], "texture": "#0"},
				"south": {"uv": [1.5, 2.75, 1.75, 3], "texture": "#0"},
				"west": {"uv": [1.25, 2.75, 1.5, 3], "texture": "#0"},
				"up": {"uv": [1.25, 2.75, 1, 2.5], "texture": "#0"},
				"down": {"uv": [1.5, 2.5, 1.25, 2.75], "texture": "#0"}
			}
		}
	],
	"display": {
		"head": {
			"translation": [0, -31.25, 0],
			"scale": [1.5, 1.5, 1.5]
		}
	},
	"groups": [
		0,
		1,
		2,
		3,
		{
			"name": "head",
			"origin": [0, 0, 0],
			"color": 0,
			"children": [4, 5, 6]
		},
		{
			"name": "LeftFoot",
			"origin": [0, 0, 0],
			"color": 0,
			"children": [7, 8, 9, 10]
		},
		{
			"name": "RightFoot",
			"origin": [0, 0, 0],
			"color": 0,
			"children": [11, 12, 13, 14]
		}
	]
}