{
"providers": [{"type": "bitmap","file": "minecraft:ui/tbms_pres_0.png","ascent": 30,"height": 60,"chars": ["\uE100"],"shift": [0, 0]},{"type": "bitmap","file": "minecraft:ui/tbms_pres_1.png","ascent": 30,"height": 60,"chars": ["\uE101"],"shift": [0, 0]},{"type": "bitmap","file": "minecraft:ui/tbms_pres_2.png","ascent": 30,"height": 60,"chars": ["\uE102"],"shift": [0, 0]},{"type": "bitmap","file": "minecraft:ui/tbms_pres_3.png","ascent": 30,"height": 60,"chars": ["\uE103"],"shift": [0, 0]},{"type": "bitmap","file": "minecraft:ui/tbms_pres_4.png","ascent": 30,"height": 60,"chars": ["\uE104"],"shift": [0, 0]},{"type": "bitmap","file": "minecraft:ui/tbms_pres_5.png","ascent": 30,"height": 60,"chars": ["\uE105"],"shift": [0, 0]},{"type": "bitmap","file": "minecraft:ui/tbms_pres_6.png","ascent": 30,"height": 60,"chars": ["\uE106"],"shift": [0, 0]},{"type": "bitmap","file": "minecraft:ui/tbms_pres_7.png","ascent": 30,"height": 60,"chars": ["\uE107"],"shift": [0, 0]},{"type": "bitmap","file": "minecraft:ui/tbms_pres_8.png","ascent": 30,"height": 60,"chars": ["\uE108"],"shift": [0, 0]},{"type": "bitmap","file": "minecraft:ui/tbms_pres_9.png","ascent": 30,"height": 60,"chars": ["\uE109"],"shift": [0, 0]},{"type": "bitmap","file": "ui/tbms_pres_10.png","ascent": 30,"height": 60,"chars": ["\uE110"],"shift": [0, 0]},{"type": "bitmap","file": "ui/tbms_pres_11.png","ascent": 30,"height": 60,"chars": ["\uE111"],"shift": [0, 0]},{"type": "bitmap","file": "ui/tbms_pres_12.png","ascent": 30,"height": 60,"chars": ["\uE112"],"shift": [0, 0]},{"type": "bitmap","file": "ui/tbms_pres_13.png","ascent": 30,"height": 60,"chars": ["\uE113"],"shift": [0, 0]},{"type": "bitmap","file": "ui/tbms_pres_14.png","ascent": 30,"height": 60,"chars": ["\uE114"],"shift": [0, 0]},{"type": "bitmap","file": "ui/tbms_pres_15.png","ascent": 30,"height": 60,"chars": ["\uE115"],"shift": [0, 0]},{"type": "bitmap","file": "ui/tbms_pres_16.png","ascent": 30,"height": 60,"chars": ["\uE116"],"shift": [0, 0]},{"type": "bitmap","file": "ui/tbms_pres_17.png","ascent": 30,"height": 60,"chars": ["\uE117"],"shift": [0, 0]},{"type": "bitmap","file": "ui/tbms_pres_18.png","ascent": 30,"height": 60,"chars": ["\uE118"],"shift": [0, 0]},{"type": "bitmap","file": "ui/tbms_pres_19.png","ascent": 30,"height": 60,"chars": ["\uE119"],"shift": [0, 0]},{"type": "bitmap","file": "ui/tbms_pres_20.png","ascent": 30,"height": 60,"chars": ["\uE120"],"shift": [0, 0]},{"type": "bitmap","file": "ui/tbms_pres_21.png","ascent": 30,"height": 60,"chars": ["\uE121"],"shift": [0, 0]},{"type": "bitmap","file": "ui/tbms_pres_22.png","ascent": 30,"height": 60,"chars": ["\uE122"],"shift": [0, 0]},{"type": "bitmap","file": "ui/tbms_pres_23.png","ascent": 30,"height": 60,"chars": ["\uE123"],"shift": [0, 0]},{"type": "bitmap","file": "ui/benj_pres_0.png","ascent": 30,"height": 60,"chars": ["\uE130"],"shift": [0, 0]},{"type": "bitmap","file": "ui/benj_pres_1.png","ascent": 30,"height": 60,"chars": ["\uE131"],"shift": [0, 0]},{"type": "bitmap","file": "ui/benj_pres_2.png","ascent": 30,"height": 60,"chars": ["\uE132"],"shift": [0, 0]},{"type": "bitmap","file": "ui/benj_pres_3.png","ascent": 30,"height": 60,"chars": ["\uE133"],"shift": [0, 0]},{"type": "bitmap","file": "ui/benj_pres_4.png","ascent": 30,"height": 60,"chars": ["\uE134"],"shift": [0, 0]},{"type": "bitmap","file": "ui/benj_pres_5.png","ascent": 30,"height": 60,"chars": ["\uE135"],"shift": [0, 0]},{"type": "bitmap","file": "ui/benj_pres_6.png","ascent": 30,"height": 60,"chars": ["\uE136"],"shift": [0, 0]},{"type": "bitmap","file": "ui/benj_pres_7.png","ascent": 30,"height": 60,"chars": ["\uE137"],"shift": [0, 0]},{"type": "bitmap","file": "ui/benj_pres_8.png","ascent": 30,"height": 60,"chars": ["\uE138"],"shift": [0, 0]},{"type": "bitmap","file": "ui/benj_pres_9.png","ascent": 30,"height": 60,"chars": ["\uE139"],"shift": [0, 0]},{"type": "bitmap","file": "ui/benj_pres_10.png","ascent": 30,"height": 60,"chars": ["\uE140"],"shift": [0, 0]},{"type": "bitmap","file": "ui/benj_pres_11.png","ascent": 30,"height": 60,"chars": ["\uE141"],"shift": [0, 0]},{"type": "bitmap","file": "ui/benj_pres_12.png","ascent": 30,"height": 60,"chars": ["\uE142"],"shift": [0, 0]},{"type": "bitmap","file": "ui/benj_pres_13.png","ascent": 30,"height": 60,"chars": ["\uE143"],"shift": [0, 0]},{"type": "bitmap","file": "ui/benj_pres_14.png","ascent": 30,"height": 60,"chars": ["\uE144"],"shift": [0, 0]},{"type": "bitmap","file": "ui/jam.png","ascent": 15,"height": 30,"chars": ["\uE201"],"shift": [0, 0]},{"type": "bitmap","file": "ui/title_0.png","ascent": 30,"height": 60,"chars": ["\uE150"],"shift": [0, 0]},{"type": "bitmap","file": "ui/title_1.png","ascent": 30,"height": 60,"chars": ["\uE151"],"shift": [0, 0]},{"type": "bitmap","file": "ui/title_2.png","ascent": 30,"height": 60,"chars": ["\uE152"],"shift": [0, 0]},{"type": "bitmap","file": "ui/title_3.png","ascent": 30,"height": 60,"chars": ["\uE153"],"shift": [0, 0]},{"type": "bitmap","file": "ui/title_4.png","ascent": 30,"height": 60,"chars": ["\uE154"],"shift": [0, 0]},{"type": "bitmap","file": "ui/title_5.png","ascent": 30,"height": 60,"chars": ["\uE155"],"shift": [0, 0]},{"type": "bitmap","file": "ui/title_6.png","ascent": 30,"height": 60,"chars": ["\uE156"],"shift": [0, 0]},{"type": "bitmap","file": "ui/title_7.png","ascent": 30,"height": 60,"chars": ["\uE157"],"shift": [0, 0]},{"type": "bitmap","file": "ui/title_8.png","ascent": 30,"height": 60,"chars": ["\uE158"],"shift": [0, 0]},{"type": "bitmap","file": "ui/title_9.png","ascent": 30,"height": 60,"chars": ["\uE159"],"shift": [0, 0]},{"type": "bitmap","file": "ui/title_10.png","ascent": 30,"height": 60,"chars": ["\uE160"],"shift": [0, 0]},{"type": "bitmap","file": "ui/title_11.png","ascent": 30,"height": 60,"chars": ["\uE161"],"shift": [0, 0]},{"type": "bitmap","file": "ui/title_12.png","ascent": 30,"height": 60,"chars": ["\uE162"],"shift": [0, 0]},{"type": "bitmap","file": "ui/title_13.png","ascent": 30,"height": 60,"chars": ["\uE163"],"shift": [0, 0]},{"type": "bitmap","file": "ui/title_14.png","ascent": 30,"height": 60,"chars": ["\uE164"],"shift": [0, 0]},{"type": "bitmap","file": "ui/title_15.png","ascent": 30,"height": 60,"chars": ["\uE165"],"shift": [0, 0]},{"type": "bitmap","file": "ui/title_16.png","ascent": 30,"height": 60,"chars": ["\uE166"],"shift": [0, 0]},{"type": "bitmap","file": "ui/title_17.png","ascent": 30,"height": 60,"chars": ["\uE167"],"shift": [0, 0]},{"type": "bitmap","file": "ui/to_be_continued.png","ascent": 30,"height": 60,"chars": ["\uE200"],"shift": [0, 0]}]
}
