{
    "parent": "item/handheld",
    "textures": {
        "layer0": "item/diamond_sword"
    },
	"overrides": [
		{ "predicate": { "custom_model_data": 10000000}, "model": "item/sword_"},
		{ "predicate": { "custom_model_data": 10000008}, "model": "item/sword_ruby"},
		{ "predicate": { "custom_model_data": 10000009}, "model": "item/sword_emerald"},
		{ "predicate": { "custom_model_data": 10000010}, "model": "item/sword_obsidian"},
		{ "predicate": { "custom_model_data": 10000011}, "model": "item/sword_ice"},
		{ "predicate": { "custom_model_data": 10000012}, "model": "item/sword_beef"},
		{ "predicate": { "custom_model_data": 10000013}, "model": "item/sword_needle"},
		{ "predicate": { "custom_model_data": 10000014}, "model": "item/sword_pirate"},
		{ "predicate": { "custom_model_data": 10000015}, "model": "item/sword_dagger"},
		{ "predicate": { "custom_model_data": 10000016}, "model": "item/sword_club"},
		{ "predicate": { "custom_model_data": 10000017}, "model": "item/sword_board"},
		{ "predicate": { "custom_model_data": 10000018}, "model": "item/sword_candy"},
		{ "predicate": { "custom_model_data": 10000019}, "model": "item/sword_hammer"},
		{ "predicate": { "custom_model_data": 10000020}, "model": "item/sword_axe"},
		{ "predicate": { "custom_model_data": 10000021}, "model": "item/sword_bo"},
		{ "predicate": { "custom_model_data": 10000022}, "model": "item/sword_branch"},
		{ "predicate": { "custom_model_data": 10000023}, "model": "item/sword_fish"},
		{ "predicate": { "custom_model_data": 10000024}, "model": "item/sword_fairy"},
		{ "predicate": { "custom_model_data": 10000025}, "model": "item/sword_wine"},
		{ "predicate": { "custom_model_data": 10000026}, "model": "item/sword_scythe"},
		{ "predicate": { "custom_model_data": 10000027}, "model": "item/sword_buster"},
		{ "predicate": { "custom_model_data": 10000028}, "model": "item/sword_transistor"},
		{ "predicate": { "custom_model_data": 10000029}, "model": "item/sword_magma"},
		{ "predicate": { "custom_model_data": 10000030}, "model": "item/sword_greensaber"},
		{ "predicate": { "custom_model_data": 10000031}, "model": "item/sword_bluesaber"},
		{ "predicate": { "custom_model_data": 10000032}, "model": "item/sword_redsaber"},
		{ "predicate": { "custom_model_data": 10000033}, "model": "item/sword_flamestaff"},
		{ "predicate": { "custom_model_data": 10000034}, "model": "block/sword_fez"},
		{ "predicate": { "custom_model_data": 10000035}, "model": "item/sword_energy"},
		{ "predicate": { "custom_model_data": 10000036}, "model": "item/sword_steampunk"}
	]
}
