{
    "parent": "item/handheld",
    "textures": {
        "layer0": "item/sword_scythe"
    },
"display": {
        "gui": {
            "rotation": [ 0, 0, 0 ],
            "translation": [ 1, 0.5, 0 ],
            "scale": [ 1, 1, 1 ]
        },
        "ground": {
            "rotation": [ 0, 0, 0 ],
            "translation": [ 0, 2, 0 ],
            "scale": [ 1, 1, 0.5 ]
        },
        "firstperson_righthand": {
            "rotation": [ 0, -90, 25 ],
            "translation": [ 0, 2.8, 1.53 ],
            "scale": [ 1.36, 1.36, 0.68 ]
        },
        "thirdperson_righthand": {
            "rotation": [ 0, -90, 55 ],
            "translation": [ 0, 8, 0.4 ],
            "scale": [ 1.7, 1.7, 0.85 ]
        },
        "firstperson_lefthand": {
            "rotation": [ 0, 90, -25 ],
            "translation": [ 0, 2.8, 1.53 ],
            "scale": [ 1.36, 1.36, 0.68 ]
        },
        "thirdperson_lefthand": {
            "rotation": [ 0, 90, -55 ],
            "translation": [ 0, 8, 0.4 ],
            "scale": [ 1.7, 1.7, 0.85 ]
        }
    }

}
