{
    "parent": "item/handheld",
    "textures": {
        "layer0": "item/sword_redsaber"
    },
"display": {
        "gui": {
            "rotation": [ 0, 0, 0 ],
            "translation": [ 2.5, 2.5, 0 ],
            "scale": [ 1.3, 1.3, 1.3 ]
        },
        "ground": {
            "rotation": [ 0, 0, 0 ],
            "translation": [ 0, 2, 0 ],
            "scale": [ 1, 1, 0.5 ]
        },
        "firstperson_righthand": {
            "rotation": [ 0, -90, 25 ],
            "translation": [ 1.13, 9.2, 2.53 ],
            "scale": [ 1.36, 1.36, 0.68 ]
        },
        "thirdperson_righthand": {
            "rotation": [ 0, -90, 55 ],
            "translation": [ 0, 14, -1.2 ],
            "scale": [ 1.7, 1.7, 0.85 ]
        },
        "firstperson_lefthand": {
            "rotation": [ 0, 90, -25 ],
            "translation": [ 1.13, 9.2, 2.53 ],
            "scale": [ 1.36, 1.36, 0.68 ]
        },
        "thirdperson_lefthand": {
            "rotation": [ 0, 90, -55 ],
            "translation": [ 0, 14, -1.2 ],
            "scale": [ 1.7, 1.7, 0.85 ]
        }
    }
}
