{
    "variants": {
        "age=0": [ { "model": "block/wheat_stage0" },
			{ "model": "block/wheat_stage0" },
			{ "model": "block/wheat_stage0" } ],
        "age=1": { "model": "block/wheat_stage1" },
        "age=2": { "model": "block/wheat_stage2" },
        "age=3": { "model": "block/wheat_stage3" },
        "age=4": { "model": "block/wheat_stage4" },
        "age=5": [ { "model": "block/wheat_stage5", "weight": 6 },
		 { "model": "block/wheat_stage5_1", "weight": 3 },
		 { "model": "block/wheat_stage5_2", "weight": 3 },
		 { "model": "block/wheat_stage5_3", "weight": 4 }, 
		 { "model": "block/wheat_stage5_4", "weight": 4 } ],
        "age=6": [ { "model": "block/wheat_stage6", "weight": 6 }, 
		 { "model": "block/wheat_stage6_1", "weight": 3 },
		 { "model": "block/wheat_stage6_2", "weight": 3 },
		 { "model": "block/wheat_stage6_3", "weight": 4 },
		 { "model": "block/wheat_stage6_4", "weight": 4 } ],
        "age=7": [ { "model": "block/wheat_stage7", "weight": 6 }, 
		 { "model": "block/wheat_stage7_1", "weight": 3 },
		 { "model": "block/wheat_stage7_2", "weight": 3 },
		 { "model": "block/wheat_stage7_3", "weight": 4 },
		 { "model": "block/wheat_stage7_4", "weight": 4 } ]
    }
}
