{
"credit": "Made with Blockbench",
"texture_size": [64, 64],
"textures": {
"0": "custom/kernel",
"particle": "custom/kernel"
}
,
"elements": [
{
"from": [6, -6, 6],
"to": [10, 6, 10],
"rotation": {"angle": 0, "axis": "y", "origin": [8, 4, 8]},
"faces": {
"north": {"uv": [9, 13, 10, 16], "texture": "#0"},
"east": {"uv": [8, 13, 9, 16], "texture": "#0"},
"south": {"uv": [11, 13, 12, 16], "texture": "#0"},
"west": {"uv": [10, 13, 11, 16], "texture": "#0"},
"up": {"uv": [9, 12, 10, 13], "rotation": 180, "texture": "#0"},
"down": {"uv": [10, 12, 11, 13], "texture": "#0"}
}
}
,
{
"from": [5.8, -6.2, 5.8],
"to": [10.2, 6.2, 10.2],
"rotation": {"angle": 0, "axis": "y", "origin": [8, 4, 8]},
"faces": {
"north": {"uv": [13, 13, 14, 16], "texture": "#0"},
"east": {"uv": [12, 13, 13, 16], "texture": "#0"},
"south": {"uv": [15, 13, 16, 16], "texture": "#0"},
"west": {"uv": [14, 13, 15, 16], "texture": "#0"},
"up": {"uv": [13, 12, 14, 13], "rotation": 180, "texture": "#0"},
"down": {"uv": [14, 12, 15, 13], "texture": "#0"}
}
}
],
"display": {
"head": {
"scale": [1.5, 1.5, 1.5],
"translation": [0.0, -1.75, 0.0]
}
}
}
