{
"credit": "Made with Blockbench",
"texture_size": [256, 256],
"textures": {
"0": "custom/maps/rewind_time",
"particle": "custom/maps/rewind_time"
}
,
"elements": [
{
"from": [-16, -15, 8],
"to": [32, 15, 8],
"rotation": {"angle": 0, "axis": "y", "origin": [8, 0, 8]},
"faces": {
"north": {"uv": [0, 0, 16, 9], "texture": "#0"},
"east": {"uv": [0, 0, 16, 9], "texture": "#0"},
"south": {"uv": [0, 0, 16, 9], "texture": "#0"},
"west": {"uv": [0, 0, 16, 9], "texture": "#0"},
"up": {"uv": [0, 0, 16, 9], "texture": "#0"},
"down": {"uv": [0, 0, 16, 9], "texture": "#0"}
}
}
],
"display": {
"head": {
"scale": [2, 2, 2]
}
}
}
