{
	"credit": "Made with Blockbench",
	"textures": {
		"0": "blocks/beard",
		"particle": "blocks/beard"
	},
	"elements": [
		{
			"from": [5, -2, 4.5],
			"to": [11, 1, 5],
			"faces": {
				"north": {"uv": [0, 0, 16, 9], "texture": "#0"},
				"east": {"uv": [0, 0, 1.5, 3], "texture": "#0"},
				"south": {"uv": [0, 0, 16, 9], "texture": "#0"},
				"west": {"uv": [0, 0, 1.5, 3], "texture": "#0"},
				"up": {"uv": [0, 0, 16, 1.5], "texture": "#0"},
				"down": {"uv": [0, 0, 16, 1.5], "texture": "#0"}
			}
		},
		{
			"from": [6, -3, 4.5],
			"to": [10, -2, 5],
			"rotation": {"angle": 0, "axis": "y", "origin": [8, 7, 8]},
			"faces": {
				"north": {"uv": [3, 8, 13, 11], "texture": "#0"},
				"east": {"uv": [0, 0, 1.5, 3], "texture": "#0"},
				"south": {"uv": [0, 0, 16, 3], "texture": "#0"},
				"west": {"uv": [0, 0, 1.5, 3], "texture": "#0"},
				"up": {"uv": [0, 0, 16, 1.5], "texture": "#0"},
				"down": {"uv": [0, 0, 16, 1.5], "texture": "#0"}
			}
		},
		{
			"from": [7, -4, 4.5],
			"to": [9, -3, 5],
			"rotation": {"angle": 0, "axis": "y", "origin": [8, 7, 8]},
			"faces": {
				"north": {"uv": [4, 5, 9, 8], "texture": "#0"},
				"east": {"uv": [0, 0, 1.5, 3], "texture": "#0"},
				"south": {"uv": [0, 0, 16, 3], "texture": "#0"},
				"west": {"uv": [0, 0, 1.5, 3], "texture": "#0"},
				"up": {"uv": [0, 0, 16, 1.5], "texture": "#0"},
				"down": {"uv": [0, 0, 16, 1.5], "texture": "#0"}
			}
		},
		{
			"from": [9, 1, 4.5],
			"to": [11, 2, 5],
			"faces": {
				"north": {"uv": [0, 0, 6, 3], "texture": "#0"},
				"east": {"uv": [0, 0, 1.5, 3], "texture": "#0"},
				"south": {"uv": [0, 0, 16, 3], "texture": "#0"},
				"west": {"uv": [0, 0, 1.5, 3], "texture": "#0"},
				"up": {"uv": [0, 0, 16, 1.5], "texture": "#0"},
				"down": {"uv": [0, 0, 16, 1.5], "texture": "#0"}
			}
		},
		{
			"from": [5, 1, 4.5],
			"to": [7, 2, 5],
			"faces": {
				"north": {"uv": [11, 0, 16, 3], "texture": "#0"},
				"east": {"uv": [0, 0, 1.5, 3], "texture": "#0"},
				"south": {"uv": [0, 0, 16, 3], "texture": "#0"},
				"west": {"uv": [0, 0, 1.5, 3], "texture": "#0"},
				"up": {"uv": [0, 0, 16, 1.5], "texture": "#0"},
				"down": {"uv": [0, 0, 16, 1.5], "texture": "#0"}
			}
		},
		{
			"from": [6.5, 2, 4.4],
			"to": [9.5, 2.5, 5],
			"faces": {
				"north": {"uv": [4, 0, 9, 1], "texture": "#0"},
				"east": {"uv": [0, 0, 1.5, 3], "texture": "#0"},
				"south": {"uv": [0, 0, 16, 3], "texture": "#0"},
				"west": {"uv": [0, 0, 1.5, 3], "texture": "#0"},
				"up": {"uv": [0, 0, 16, 1.5], "texture": "#0"},
				"down": {"uv": [0, 0, 16, 1.5], "texture": "#0"}
			}
		},
		{
			"from": [9, 0.5, 4.4],
			"to": [9.5, 2, 4.5],
			"faces": {
				"north": {"uv": [7, 3, 8, 7], "texture": "#0"},
				"east": {"uv": [0, 0, 1.5, 3], "texture": "#0"},
				"south": {"uv": [0, 0, 16, 3], "texture": "#0"},
				"west": {"uv": [0, 0, 1.5, 3], "texture": "#0"},
				"up": {"uv": [0, 0, 16, 1.5], "texture": "#0"},
				"down": {"uv": [0, 0, 16, 1.5], "texture": "#0"}
			}
		},
		{
			"from": [6.5, 0.5, 4.4],
			"to": [7, 2, 4.5],
			"faces": {
				"north": {"uv": [7, 3, 8, 7], "texture": "#0"},
				"east": {"uv": [0, 0, 1.5, 3], "texture": "#0"},
				"south": {"uv": [0, 0, 16, 3], "texture": "#0"},
				"west": {"uv": [0, 0, 1.5, 3], "texture": "#0"},
				"up": {"uv": [0, 0, 16, 1.5], "texture": "#0"},
				"down": {"uv": [0, 0, 16, 1.5], "texture": "#0"}
			}
		},
		{
			"from": [8.75, -0.25, 4.35],
			"to": [9.25, 0.25, 4.5],
			"faces": {
				"north": {"uv": [2, 2, 3, 3], "texture": "#0"},
				"east": {"uv": [0, 0, 1.5, 3], "texture": "#0"},
				"south": {"uv": [0, 0, 16, 3], "texture": "#0"},
				"west": {"uv": [0, 0, 1.5, 3], "texture": "#0"},
				"up": {"uv": [0, 0, 16, 1.5], "texture": "#0"},
				"down": {"uv": [0, 0, 16, 1.5], "texture": "#0"}
			}
		},
		{
			"from": [10, -1.5, 4.35],
			"to": [10.5, -1, 4.5],
			"faces": {
				"north": {"uv": [2, 2, 3, 3], "texture": "#0"},
				"east": {"uv": [0, 0, 1.5, 3], "texture": "#0"},
				"south": {"uv": [0, 0, 16, 3], "texture": "#0"},
				"west": {"uv": [0, 0, 1.5, 3], "texture": "#0"},
				"up": {"uv": [0, 0, 16, 1.5], "texture": "#0"},
				"down": {"uv": [0, 0, 16, 1.5], "texture": "#0"}
			}
		},
		{
			"from": [9.75, 1.25, 4.35],
			"to": [10.25, 1.75, 4.5],
			"faces": {
				"north": {"uv": [2, 2, 3, 3], "texture": "#0"},
				"east": {"uv": [0, 0, 1.5, 3], "texture": "#0"},
				"south": {"uv": [0, 0, 16, 3], "texture": "#0"},
				"west": {"uv": [0, 0, 1.5, 3], "texture": "#0"},
				"up": {"uv": [0, 0, 16, 1.5], "texture": "#0"},
				"down": {"uv": [0, 0, 16, 1.5], "texture": "#0"}
			}
		},
		{
			"from": [6.5, -0.5, 4.35],
			"to": [7, 0, 4.5],
			"faces": {
				"north": {"uv": [2, 2, 3, 3], "texture": "#0"},
				"east": {"uv": [0, 0, 1.5, 3], "texture": "#0"},
				"south": {"uv": [0, 0, 16, 3], "texture": "#0"},
				"west": {"uv": [0, 0, 1.5, 3], "texture": "#0"},
				"up": {"uv": [0, 0, 16, 1.5], "texture": "#0"},
				"down": {"uv": [0, 0, 16, 1.5], "texture": "#0"}
			}
		},
		{
			"from": [8, -3, 4.35],
			"to": [8.5, -2.5, 4.5],
			"faces": {
				"north": {"uv": [2, 2, 3, 3], "texture": "#0"},
				"east": {"uv": [0, 0, 1.5, 3], "texture": "#0"},
				"south": {"uv": [0, 0, 16, 3], "texture": "#0"},
				"west": {"uv": [0, 0, 1.5, 3], "texture": "#0"},
				"up": {"uv": [0, 0, 16, 1.5], "texture": "#0"},
				"down": {"uv": [0, 0, 16, 1.5], "texture": "#0"}
			}
		},
		{
			"from": [7.5, -1.75, 4.35],
			"to": [8, -1.25, 4.5],
			"faces": {
				"north": {"uv": [2, 2, 3, 3], "texture": "#0"},
				"east": {"uv": [0, 0, 1.5, 3], "texture": "#0"},
				"south": {"uv": [0, 0, 16, 3], "texture": "#0"},
				"west": {"uv": [0, 0, 1.5, 3], "texture": "#0"},
				"up": {"uv": [0, 0, 16, 1.5], "texture": "#0"},
				"down": {"uv": [0, 0, 16, 1.5], "texture": "#0"}
			}
		},
		{
			"from": [5.5, 0.75, 4.35],
			"to": [6, 1.25, 4.5],
			"faces": {
				"north": {"uv": [2, 2, 3, 3], "texture": "#0"},
				"east": {"uv": [0, 0, 1.5, 3], "texture": "#0"},
				"south": {"uv": [0, 0, 16, 3], "texture": "#0"},
				"west": {"uv": [0, 0, 1.5, 3], "texture": "#0"},
				"up": {"uv": [0, 0, 16, 1.5], "texture": "#0"},
				"down": {"uv": [0, 0, 16, 1.5], "texture": "#0"}
			}
		}
	],
	"display": {
		"ground": {
			"translation": [0, 7.75, 0]
		},
		"gui": {
			"translation": [0, 12, 0],
			"scale": [1.6, 1.6, 1.6]
		},
		"head": {
			"translation": [0, 9.25, 0],
			"scale": [2.14, 2.14, 2.14]
		},
		"fixed": {
			"translation": [0, 13, 4.75],
			"scale": [1.7, 1.7, 1.7]
		}
	}
}