{
	"credit": "Made with Blockbench",
	"textures": {
		"1": "blocks/hardened_clay_yellow",
		"2": "blocks/blackdragoneye1",
		"3": "blocks/blackdragoneye2",
		"4": "blocks/blackdragonnose",
		"5": "blocks/blackdragonunderbelly",
		"6": "blocks/blackdragon2",
		"7": "blocks/blackdragonmouth",
		"8": "blocks/blackdragonwingup",
		"9": "blocks/blackdragonwingdown",
		"1_6": "blocks/blackdragon2",
		"2_5": "blocks/blackdragonunderbelly",
		"3_5": "blocks/blackdragonunderbelly",
		"3_8": "blocks/blackdragonwingup",
		"3_9": "blocks/blackdragonwingdown",
		"4_5": "blocks/blackdragonunderbelly",
		"4_6": "blocks/blackdragon2"
	},
	"elements": [
		{
			"name": "body",
			"from": [4.04, -1.32, 4.98],
			"to": [11.96, 5.94, 10.92],
			"rotation": {"angle": 0, "axis": "y", "origin": [8, 5.28, 3]},
			"faces": {
				"north": {"uv": [1, 0, 13, 16], "texture": "#5"},
				"east": {"uv": [2, 0, 16, 16], "texture": "#6"},
				"south": {"uv": [0, 0, 16, 16], "texture": "#6"},
				"west": {"uv": [2, 0, 16, 16], "texture": "#6"},
				"up": {"uv": [0, 0, 16, 10], "texture": "#6"},
				"down": {"uv": [1, 0, 13, 9], "texture": "#5"}
			}
		},
		{
			"name": "body",
			"from": [4.7, -0.66, 0.36],
			"to": [11.3, 5.94, 4.98],
			"rotation": {"angle": 0, "axis": "y", "origin": [8, 5.28, 3]},
			"faces": {
				"north": {"uv": [1, 0, 13, 16], "texture": "#5"},
				"east": {"uv": [1, 0, 13, 16], "texture": "#5"},
				"south": {"uv": [0, 0, 16, 16], "texture": "#5"},
				"west": {"uv": [1, 0, 13, 16], "texture": "#5"},
				"up": {"uv": [1, 0, 15, 10], "texture": "#6"},
				"down": {"uv": [1, 0, 13, 9], "texture": "#5"}
			}
		},
		{
			"name": "neck",
			"from": [6.02, 1.32, -4.94],
			"to": [9.98, 5.94, 1],
			"rotation": {"angle": 0, "axis": "x", "origin": [8, 5.28, 1]},
			"faces": {
				"north": {"uv": [0, 0, 6, 7], "texture": "#6"},
				"east": {"uv": [0, 0, 9, 7], "texture": "#5"},
				"south": {"uv": [0, 0, 6, 7], "texture": "#6"},
				"west": {"uv": [0, 0, 9, 7], "texture": "#5"},
				"up": {"uv": [0, 0, 6, 9], "texture": "#6"},
				"down": {"uv": [0, 0, 11, 9], "texture": "#5"}
			}
		},
		{
			"name": "spine",
			"from": [7.67, 6.798, -1.64],
			"to": [8.33, 8.778, 0.34],
			"rotation": {"angle": -45, "axis": "x", "origin": [8, 5.28, 1]},
			"faces": {
				"north": {"uv": [2, 0, 3, 1], "texture": "#5"},
				"east": {"uv": [2, 0, 3, 1], "texture": "#5"},
				"south": {"uv": [2, 0, 3, 1], "texture": "#5"},
				"west": {"uv": [2, 0, 3, 1], "texture": "#5"},
				"up": {"uv": [2, 0, 3, 1], "texture": "#5"},
				"down": {"uv": [2, 0, 3, 1], "texture": "#5"}
			}
		},
		{
			"name": "spine",
			"from": [7.67, 4.752, 3.594],
			"to": [8.33, 6.732, 5.574],
			"rotation": {"angle": -45, "axis": "x", "origin": [8, 7.26, 4.98]},
			"faces": {
				"north": {"uv": [2, 0, 3, 1], "texture": "#5"},
				"east": {"uv": [2, 0, 3, 1], "texture": "#5"},
				"south": {"uv": [2, 0, 3, 1], "texture": "#5"},
				"west": {"uv": [2, 0, 3, 1], "texture": "#5"},
				"up": {"uv": [2, 0, 3, 1], "texture": "#5"},
				"down": {"uv": [2, 0, 3, 1], "texture": "#5"}
			}
		},
		{
			"name": "spine",
			"from": [7.67, 2.112, 6.234],
			"to": [8.33, 4.092, 8.214],
			"rotation": {"angle": -45, "axis": "x", "origin": [8, 7.26, 4.98]},
			"faces": {
				"north": {"uv": [2, 0, 3, 1], "texture": "#5"},
				"east": {"uv": [2, 0, 3, 1], "texture": "#5"},
				"south": {"uv": [2, 0, 3, 1], "texture": "#5"},
				"west": {"uv": [2, 0, 3, 1], "texture": "#5"},
				"up": {"uv": [2, 0, 3, 1], "texture": "#5"},
				"down": {"uv": [2, 0, 3, 1], "texture": "#5"}
			}
		},
		{
			"name": "leg",
			"from": [2.72, -5.28, 5.64],
			"to": [5.36, 1.98, 8.28],
			"rotation": {"angle": 0, "axis": "y", "origin": [8, 5.28, 3.66]},
			"faces": {
				"north": {"uv": [0, 0, 4, 11], "texture": "#6"},
				"east": {"uv": [0, 0, 4, 11], "texture": "#6"},
				"south": {"uv": [0, 0, 4, 11], "texture": "#6"},
				"west": {"uv": [0, 0, 4, 11], "texture": "#6"},
				"up": {"uv": [0, 0, 4, 4], "texture": "#6"},
				"down": {"uv": [0, 0, 4, 4], "texture": "#6"}
			}
		},
		{
			"name": "leg",
			"from": [10.64, -5.28, 5.64],
			"to": [13.28, 1.98, 8.28],
			"rotation": {"angle": 0, "axis": "y", "origin": [14.6, 5.28, 3.66]},
			"faces": {
				"north": {"uv": [0, 0, 4, 11], "texture": "#6"},
				"east": {"uv": [0, 0, 4, 11], "texture": "#6"},
				"south": {"uv": [0, 0, 4, 11], "texture": "#6"},
				"west": {"uv": [0, 0, 4, 11], "texture": "#6"},
				"up": {"uv": [0, 0, 4, 4], "texture": "#6"},
				"down": {"uv": [0, 0, 4, 4], "texture": "#6"}
			}
		},
		{
			"name": "leg",
			"from": [2.39, -9.9, 7.62],
			"to": [5.69, -3.96, 11.58],
			"rotation": {"angle": 0, "axis": "y", "origin": [8, 5.28, 3.66]},
			"faces": {
				"north": {"uv": [0, 0, 5, 9], "texture": "#6"},
				"east": {"uv": [0, 0, 6, 9], "texture": "#6"},
				"south": {"uv": [0, 0, 5, 9], "texture": "#6"},
				"west": {"uv": [0, 0, 6, 9], "texture": "#6"},
				"up": {"uv": [0, 0, 5, 6], "texture": "#6"},
				"down": {"uv": [0, 0, 5, 6], "texture": "#6"}
			}
		},
		{
			"name": "leg",
			"from": [10.31, -9.9, 7.62],
			"to": [13.61, -3.96, 11.58],
			"rotation": {"angle": 0, "axis": "y", "origin": [14.6, 5.28, 3.66]},
			"faces": {
				"north": {"uv": [0, 0, 5, 9], "texture": "#6"},
				"east": {"uv": [0, 0, 6, 9], "texture": "#6"},
				"south": {"uv": [0, 0, 5, 9], "texture": "#6"},
				"west": {"uv": [0, 0, 6, 9], "texture": "#6"},
				"up": {"uv": [0, 0, 5, 6], "texture": "#6"},
				"down": {"uv": [0, 0, 5, 6], "texture": "#6"}
			}
		},
		{
			"name": "toe",
			"from": [12.95, -9.9, 6.96],
			"to": [13.61, -9.24, 7.62],
			"rotation": {"angle": 0, "axis": "y", "origin": [14.6, 5.28, 3.66]},
			"faces": {
				"north": {"uv": [2, 0, 3, 1], "texture": "#5"},
				"east": {"uv": [2, 0, 3, 1], "texture": "#5"},
				"south": {"uv": [2, 0, 3, 1], "texture": "#5"},
				"west": {"uv": [2, 0, 3, 1], "texture": "#5"},
				"up": {"uv": [2, 0, 3, 1], "texture": "#5"},
				"down": {"uv": [2, 0, 3, 1], "texture": "#5"}
			}
		},
		{
			"name": "toe",
			"from": [11.63, -9.9, 6.96],
			"to": [12.29, -9.24, 7.62],
			"rotation": {"angle": 0, "axis": "y", "origin": [14.6, 5.28, 3.66]},
			"faces": {
				"north": {"uv": [2, 0, 3, 1], "texture": "#5"},
				"east": {"uv": [2, 0, 3, 1], "texture": "#5"},
				"south": {"uv": [2, 0, 3, 1], "texture": "#5"},
				"west": {"uv": [2, 0, 3, 1], "texture": "#5"},
				"up": {"uv": [2, 0, 3, 1], "texture": "#5"},
				"down": {"uv": [2, 0, 3, 1], "texture": "#5"}
			}
		},
		{
			"name": "toe",
			"from": [10.31, -9.9, 6.96],
			"to": [10.97, -9.24, 7.62],
			"rotation": {"angle": 0, "axis": "y", "origin": [14.6, 5.28, 3.66]},
			"faces": {
				"north": {"uv": [2, 0, 3, 1], "texture": "#5"},
				"east": {"uv": [2, 0, 3, 1], "texture": "#5"},
				"south": {"uv": [2, 0, 3, 1], "texture": "#5"},
				"west": {"uv": [2, 0, 3, 1], "texture": "#5"},
				"up": {"uv": [2, 0, 3, 1], "texture": "#5"},
				"down": {"uv": [2, 0, 3, 1], "texture": "#5"}
			}
		},
		{
			"name": "toe",
			"from": [5.03, -9.9, 6.96],
			"to": [5.69, -9.24, 7.62],
			"rotation": {"angle": 0, "axis": "y", "origin": [14.6, 5.28, 3.66]},
			"faces": {
				"north": {"uv": [2, 0, 3, 1], "texture": "#5"},
				"east": {"uv": [2, 0, 3, 1], "texture": "#5"},
				"south": {"uv": [2, 0, 3, 1], "texture": "#5"},
				"west": {"uv": [2, 0, 3, 1], "texture": "#5"},
				"up": {"uv": [2, 0, 3, 1], "texture": "#5"},
				"down": {"uv": [2, 0, 3, 1], "texture": "#5"}
			}
		},
		{
			"name": "toe",
			"from": [3.71, -9.9, 6.96],
			"to": [4.37, -9.24, 7.62],
			"rotation": {"angle": 0, "axis": "y", "origin": [14.6, 5.28, 3.66]},
			"faces": {
				"north": {"uv": [2, 0, 3, 1], "texture": "#5"},
				"east": {"uv": [2, 0, 3, 1], "texture": "#5"},
				"south": {"uv": [2, 0, 3, 1], "texture": "#5"},
				"west": {"uv": [2, 0, 3, 1], "texture": "#5"},
				"up": {"uv": [2, 0, 3, 1], "texture": "#5"},
				"down": {"uv": [2, 0, 3, 1], "texture": "#5"}
			}
		},
		{
			"name": "toe",
			"from": [2.39, -9.9, 6.96],
			"to": [3.05, -9.24, 7.62],
			"rotation": {"angle": 0, "axis": "y", "origin": [14.6, 5.28, 3.66]},
			"faces": {
				"north": {"uv": [2, 0, 3, 1], "texture": "#5"},
				"east": {"uv": [2, 0, 3, 1], "texture": "#5"},
				"south": {"uv": [2, 0, 3, 1], "texture": "#5"},
				"west": {"uv": [2, 0, 3, 1], "texture": "#5"},
				"up": {"uv": [2, 0, 3, 1], "texture": "#5"},
				"down": {"uv": [2, 0, 3, 1], "texture": "#5"}
			}
		},
		{
			"name": "toe",
			"from": [9.65, -9.9, 8.94],
			"to": [10.31, -9.24, 9.6],
			"rotation": {"angle": 0, "axis": "y", "origin": [14.6, 5.28, 2.34]},
			"faces": {
				"north": {"uv": [2, 0, 3, 1], "texture": "#5"},
				"east": {"uv": [2, 0, 3, 1], "texture": "#5"},
				"south": {"uv": [2, 0, 3, 1], "texture": "#5"},
				"west": {"uv": [2, 0, 3, 1], "texture": "#5"},
				"up": {"uv": [2, 0, 3, 1], "texture": "#5"},
				"down": {"uv": [2, 0, 3, 1], "texture": "#5"}
			}
		},
		{
			"name": "toe",
			"from": [5.69, -9.9, 8.94],
			"to": [6.35, -9.24, 9.6],
			"rotation": {"angle": 0, "axis": "y", "origin": [14.6, 5.28, 2.34]},
			"faces": {
				"north": {"uv": [2, 0, 3, 1], "texture": "#5"},
				"east": {"uv": [2, 0, 3, 1], "texture": "#5"},
				"south": {"uv": [2, 0, 3, 1], "texture": "#5"},
				"west": {"uv": [2, 0, 3, 1], "texture": "#5"},
				"up": {"uv": [2, 0, 3, 1], "texture": "#5"},
				"down": {"uv": [2, 0, 3, 1], "texture": "#5"}
			}
		},
		{
			"name": "tail",
			"from": [6.02, 2.64, 10.689],
			"to": [9.98, 5.94, 20.589],
			"rotation": {"angle": 22.5, "axis": "x", "origin": [8, 5.28, 10.92]},
			"faces": {
				"north": {"uv": [0, 0, 6, 5], "texture": "#1_6"},
				"east": {"uv": [0, 0, 15, 5], "texture": "#1_6"},
				"south": {"uv": [0, 0, 6, 5], "texture": "#1_6"},
				"west": {"uv": [0, 0, 15, 5], "texture": "#1_6"},
				"up": {"uv": [0, 0, 6, 15], "texture": "#1_6"},
				"down": {"uv": [0, 0, 6, 15], "texture": "#1_6"}
			}
		},
		{
			"name": "tail",
			"from": [6.68, -0.66, 18.84],
			"to": [9.32, 1.98, 26.1],
			"rotation": {"angle": 0, "axis": "y", "origin": [8, 4.95, 10.656]},
			"faces": {
				"north": {"uv": [0, 0, 4, 4], "texture": "#1_6"},
				"east": {"uv": [0, 0, 11, 4], "texture": "#1_6"},
				"south": {"uv": [0, 0, 4, 4], "texture": "#1_6"},
				"west": {"uv": [0, 0, 11, 4], "texture": "#1_6"},
				"up": {"uv": [0, 0, 4, 11], "texture": "#1_6"},
				"down": {"uv": [0, 0, 4, 11], "texture": "#1_6"}
			}
		},
		{
			"name": "tail",
			"from": [7.34, 0, 26.1],
			"to": [8.66, 1.32, 30.06],
			"rotation": {"angle": 0, "axis": "y", "origin": [8, 4.95, 10.656]},
			"faces": {
				"north": {"uv": [0, 0, 2, 2], "texture": "#1_6"},
				"east": {"uv": [0, 0, 6, 2], "texture": "#1_6"},
				"south": {"uv": [0, 0, 2, 2], "texture": "#1_6"},
				"west": {"uv": [0, 0, 6, 2], "texture": "#1_6"},
				"up": {"uv": [0, 0, 2, 6], "texture": "#1_6"},
				"down": {"uv": [0, 0, 2, 6], "texture": "#1_6"}
			}
		},
		{
			"name": "joint",
			"from": [2.72, 3.61488, 0.64188],
			"to": [4.7, 5.59488, 2.21188],
			"rotation": {"angle": -45, "axis": "z", "origin": [4.83902, 4.6365, 1.31838]},
			"faces": {
				"north": {"uv": [2, 0, 3, 1], "rotation": 270, "texture": "#2_5"},
				"east": {"uv": [2, 0, 3, 1], "rotation": 270, "texture": "#2_5"},
				"south": {"uv": [2, 0, 3, 1], "rotation": 270, "texture": "#2_5"},
				"west": {"uv": [2, 0, 3, 1], "rotation": 90, "texture": "#2_5"},
				"up": {"uv": [2, 0, 3, 1], "rotation": 180, "texture": "#2_5"},
				"down": {"uv": [2, 0, 3, 1], "texture": "#2_5"}
			}
		},
		{
			"name": "bone",
			"from": [3.55649, 5.846, 0.80688],
			"to": [4.54649, 12.446, 1.79688],
			"rotation": {"angle": 0, "axis": "z", "origin": [4.83902, 4.6365, 1.31838]},
			"faces": {
				"north": {"uv": [2, 0, 3, 1], "rotation": 180, "texture": "#2_5"},
				"east": {"uv": [2, 0, 3, 1], "rotation": 270, "texture": "#2_5"},
				"south": {"uv": [2, 0, 3, 1], "texture": "#2_5"},
				"west": {"uv": [2, 0, 3, 1], "rotation": 90, "texture": "#2_5"},
				"up": {"uv": [2, 0, 3, 1], "rotation": 180, "texture": "#2_5"},
				"down": {"uv": [2, 0, 3, 1], "texture": "#2_5"}
			}
		},
		{
			"name": "bone",
			"from": [-2.88949, 10.75167, 0.83988],
			"to": [1.56551, 11.74167, 1.79688],
			"rotation": {"angle": -22.5, "axis": "z", "origin": [4.83902, 4.6365, 1.31838]},
			"faces": {
				"north": {"uv": [2, 0, 3, 1], "rotation": 180, "texture": "#2_5"},
				"east": {"uv": [2, 0, 3, 1], "rotation": 270, "texture": "#2_5"},
				"south": {"uv": [2, 0, 3, 1], "texture": "#2_5"},
				"west": {"uv": [2, 0, 3, 1], "rotation": 90, "texture": "#2_5"},
				"up": {"uv": [2, 0, 3, 1], "rotation": 180, "texture": "#2_5"},
				"down": {"uv": [2, 0, 3, 1], "texture": "#2_5"}
			}
		},
		{
			"name": "bone",
			"from": [-8.89306, 13.17047, 0.87288],
			"to": [0.47894, 14.16047, 1.79688],
			"rotation": {"angle": 0, "axis": "z", "origin": [4.87479, 4.58297, 1.35138]},
			"faces": {
				"north": {"uv": [2, 0, 3, 1], "rotation": 180, "texture": "#2_5"},
				"east": {"uv": [2, 0, 3, 1], "rotation": 270, "texture": "#2_5"},
				"south": {"uv": [2, 0, 3, 1], "texture": "#2_5"},
				"west": {"uv": [2, 0, 3, 1], "rotation": 90, "texture": "#2_5"},
				"up": {"uv": [2, 0, 3, 1], "rotation": 180, "texture": "#2_5"},
				"down": {"uv": [2, 0, 3, 1], "texture": "#2_5"}
			}
		},
		{
			"name": "bone",
			"from": [-10.11991, 17.71015, 0.93888],
			"to": [-4.17991, 18.70015, 1.79688],
			"rotation": {"angle": 22.5, "axis": "z", "origin": [4.87478, 4.58297, 1.38438]},
			"faces": {
				"north": {"uv": [2, 0, 3, 1], "rotation": 180, "texture": "#2_5"},
				"east": {"uv": [2, 0, 3, 1], "rotation": 270, "texture": "#2_5"},
				"south": {"uv": [2, 0, 3, 1], "texture": "#2_5"},
				"west": {"uv": [2, 0, 3, 1], "rotation": 90, "texture": "#2_5"},
				"up": {"uv": [2, 0, 3, 1], "rotation": 180, "texture": "#2_5"},
				"down": {"uv": [2, 0, 3, 1], "texture": "#2_5"}
			}
		},
		{
			"name": "flap",
			"from": [-13.45, -3.97512, 1.33488],
			"to": [2.72, 8.89488, 1.38488],
			"rotation": {"angle": -45, "axis": "z", "origin": [4.83902, 4.6365, 1.31838]},
			"faces": {
				"north": {"uv": [0, 0, 16, 16], "rotation": 270, "texture": "#9"},
				"east": {"uv": [0, 0, 8.588, 0.75], "rotation": 270, "texture": "#9"},
				"south": {"uv": [0, 0, 16, 16], "rotation": 270, "texture": "#8"},
				"west": {"uv": [0, 0, 7.176, 0.75], "rotation": 90, "texture": "#9"},
				"up": {"uv": [0, 0, 2, 0.75], "rotation": 180, "texture": "#9"},
				"down": {"uv": [0, 0, 2, 0.75], "texture": "#9"}
			}
		},
		{
			"name": "tendon",
			"from": [3.26222, 11.21405, 1.08738],
			"to": [6.82622, 11.87405, 1.45038],
			"rotation": {"angle": 22.5, "axis": "z", "origin": [4.83902, 4.6365, 1.31838]},
			"faces": {
				"north": {"uv": [14, 3, 15, 4], "rotation": 180, "texture": "#2_5"},
				"east": {"uv": [14, 0, 15, 1], "rotation": 270, "texture": "#2_5"},
				"south": {"uv": [14, 3, 15, 4], "texture": "#2_5"},
				"west": {"uv": [14, 0, 15, 1], "rotation": 90, "texture": "#2_5"},
				"up": {"uv": [14, 0, 15, 1], "rotation": 180, "texture": "#2_5"},
				"down": {"uv": [14, 0, 15, 1], "texture": "#2_5"}
			}
		},
		{
			"name": "tendon",
			"from": [-1.39368, 4.08525, 1.10388],
			"to": [-0.73368, 8.63925, 1.43388],
			"rotation": {"angle": -22.5, "axis": "z", "origin": [4.83902, 4.6365, 1.31838]},
			"faces": {
				"north": {"uv": [14, 0, 15, 1], "rotation": 270, "texture": "#2_5"},
				"east": {"uv": [14, 0, 15, 1], "rotation": 270, "texture": "#2_5"},
				"south": {"uv": [14, 0, 15, 1], "rotation": 270, "texture": "#2_5"},
				"west": {"uv": [14, 0, 15, 1], "rotation": 90, "texture": "#2_5"},
				"up": {"uv": [14, 0, 15, 1], "rotation": 180, "texture": "#2_5"},
				"down": {"uv": [14, 0, 15, 1], "texture": "#2_5"}
			}
		},
		{
			"name": "tendon",
			"from": [-0.36778, 13.85405, 1.08738],
			"to": [4.84622, 14.51405, 1.45038],
			"rotation": {"angle": 22.5, "axis": "z", "origin": [4.83902, 4.6365, 1.31838]},
			"faces": {
				"north": {"uv": [14, 0, 15, 1], "rotation": 180, "texture": "#2_5"},
				"east": {"uv": [14, 0, 15, 1], "rotation": 270, "texture": "#2_5"},
				"south": {"uv": [14, 0, 15, 1], "texture": "#2_5"},
				"west": {"uv": [14, 0, 15, 1], "rotation": 90, "texture": "#2_5"},
				"up": {"uv": [14, 0, 15, 1], "rotation": 180, "texture": "#2_5"},
				"down": {"uv": [14, 0, 15, 1], "texture": "#2_5"}
			}
		},
		{
			"name": "tendon",
			"from": [-9.66696, 9.22922, 1.10388],
			"to": [-9.00696, 11.60522, 1.43388],
			"rotation": {"angle": 0, "axis": "z", "origin": [4.83902, 4.6365, 1.31838]},
			"faces": {
				"north": {"uv": [14, 0, 15, 1], "rotation": 270, "texture": "#2_5"},
				"east": {"uv": [14, 0, 15, 1], "rotation": 270, "texture": "#2_5"},
				"south": {"uv": [14, 0, 15, 1], "rotation": 270, "texture": "#2_5"},
				"west": {"uv": [14, 0, 15, 1], "rotation": 90, "texture": "#2_5"},
				"up": {"uv": [14, 0, 15, 1], "rotation": 180, "texture": "#2_5"},
				"down": {"uv": [14, 0, 15, 1], "texture": "#2_5"}
			}
		},
		{
			"name": "tendon",
			"from": [-11.23719, 5.51539, 1.08738],
			"to": [-10.57719, 7.94089, 1.45038],
			"rotation": {"angle": -22.5, "axis": "z", "origin": [4.83902, 4.6365, 1.31838]},
			"faces": {
				"north": {"uv": [14, 0, 15, 1], "rotation": 270, "texture": "#2_5"},
				"east": {"uv": [14, 0, 15, 1], "rotation": 270, "texture": "#2_5"},
				"south": {"uv": [14, 0, 15, 1], "rotation": 270, "texture": "#2_5"},
				"west": {"uv": [14, 0, 15, 1], "rotation": 90, "texture": "#2_5"},
				"up": {"uv": [14, 0, 15, 1], "rotation": 180, "texture": "#2_5"},
				"down": {"uv": [14, 0, 15, 1], "texture": "#2_5"}
			}
		},
		{
			"name": "tendon",
			"from": [-5.82723, 3.91322, 1.10388],
			"to": [-5.16723, 7.93922, 1.43388],
			"rotation": {"angle": -22.5, "axis": "z", "origin": [4.83902, 4.6365, 1.31838]},
			"faces": {
				"north": {"uv": [14, 0, 15, 1], "rotation": 270, "texture": "#2_5"},
				"east": {"uv": [14, 0, 15, 1], "rotation": 270, "texture": "#2_5"},
				"south": {"uv": [14, 0, 15, 1], "rotation": 270, "texture": "#2_5"},
				"west": {"uv": [14, 0, 15, 1], "rotation": 90, "texture": "#2_5"},
				"up": {"uv": [14, 0, 15, 1], "rotation": 180, "texture": "#2_5"},
				"down": {"uv": [14, 0, 15, 1], "texture": "#2_5"}
			}
		},
		{
			"name": "joint",
			"from": [11.3, 3.61488, 0.64188],
			"to": [13.28, 5.59488, 2.21188],
			"rotation": {"angle": 45, "axis": "z", "origin": [11.16098, 4.6365, 1.31838]},
			"faces": {
				"north": {"uv": [2, 1, 3, 0], "rotation": 270, "texture": "#3_5"},
				"east": {"uv": [3, 0, 2, 1], "rotation": 270, "texture": "#3_5"},
				"south": {"uv": [2, 1, 3, 0], "rotation": 270, "texture": "#3_5"},
				"west": {"uv": [3, 0, 2, 1], "rotation": 90, "texture": "#3_5"},
				"up": {"uv": [3, 0, 2, 1], "rotation": 180, "texture": "#3_5"},
				"down": {"uv": [3, 0, 2, 1], "texture": "#3_5"}
			}
		},
		{
			"name": "bone",
			"from": [11.45351, 5.846, 0.80688],
			"to": [12.44351, 12.446, 1.79688],
			"rotation": {"angle": 0, "axis": "z", "origin": [11.16098, 4.6365, 1.31838]},
			"faces": {
				"north": {"uv": [2, 1, 3, 0], "texture": "#3_5"},
				"east": {"uv": [3, 0, 2, 1], "rotation": 270, "texture": "#3_5"},
				"south": {"uv": [2, 1, 3, 0], "rotation": 180, "texture": "#3_5"},
				"west": {"uv": [3, 0, 2, 1], "rotation": 90, "texture": "#3_5"},
				"up": {"uv": [3, 0, 2, 1], "rotation": 180, "texture": "#3_5"},
				"down": {"uv": [3, 0, 2, 1], "texture": "#3_5"}
			}
		},
		{
			"name": "bone",
			"from": [14.43449, 10.75167, 0.83988],
			"to": [18.88949, 11.74167, 1.79688],
			"rotation": {"angle": 22.5, "axis": "z", "origin": [11.16098, 4.6365, 1.31838]},
			"faces": {
				"north": {"uv": [3, 0, 2, 1], "rotation": 180, "texture": "#3_5"},
				"east": {"uv": [3, 0, 2, 1], "rotation": 270, "texture": "#3_5"},
				"south": {"uv": [3, 0, 2, 1], "texture": "#3_5"},
				"west": {"uv": [3, 0, 2, 1], "rotation": 90, "texture": "#3_5"},
				"up": {"uv": [3, 0, 2, 1], "rotation": 180, "texture": "#3_5"},
				"down": {"uv": [3, 0, 2, 1], "texture": "#3_5"}
			}
		},
		{
			"name": "bone",
			"from": [15.52107, 13.17047, 0.87288],
			"to": [24.89307, 14.16047, 1.79688],
			"rotation": {"angle": 0, "axis": "z", "origin": [11.12521, 4.58297, 1.35138]},
			"faces": {
				"north": {"uv": [3, 0, 2, 1], "rotation": 180, "texture": "#3_5"},
				"east": {"uv": [3, 0, 2, 1], "rotation": 270, "texture": "#3_5"},
				"south": {"uv": [3, 0, 2, 1], "texture": "#3_5"},
				"west": {"uv": [3, 0, 2, 1], "rotation": 90, "texture": "#3_5"},
				"up": {"uv": [3, 0, 2, 1], "rotation": 180, "texture": "#3_5"},
				"down": {"uv": [3, 0, 2, 1], "texture": "#3_5"}
			}
		},
		{
			"name": "bone",
			"from": [20.17991, 17.71015, 0.93888],
			"to": [26.11991, 18.70015, 1.79688],
			"rotation": {"angle": -22.5, "axis": "z", "origin": [11.12522, 4.58297, 1.38438]},
			"faces": {
				"north": {"uv": [2, 1, 3, 0], "texture": "#3_5"},
				"east": {"uv": [3, 0, 2, 1], "rotation": 270, "texture": "#3_5"},
				"south": {"uv": [2, 1, 3, 0], "rotation": 180, "texture": "#3_5"},
				"west": {"uv": [3, 0, 2, 1], "rotation": 90, "texture": "#3_5"},
				"up": {"uv": [3, 0, 2, 1], "rotation": 180, "texture": "#3_5"},
				"down": {"uv": [3, 0, 2, 1], "texture": "#3_5"}
			}
		},
		{
			"name": "flap",
			"from": [13.28, -3.97512, 1.33488],
			"to": [29.45, 8.89488, 1.38488],
			"rotation": {"angle": 45, "axis": "z", "origin": [11.16098, 4.6365, 1.31838]},
			"faces": {
				"north": {"uv": [0, 16, 16, 0], "rotation": 270, "texture": "#3_9"},
				"east": {"uv": [10, 0, 0, 0.75], "rotation": 270, "texture": "#3_8"},
				"south": {"uv": [0, 16, 16, 0], "rotation": 270, "texture": "#3_8"},
				"west": {"uv": [10, 0, 0, 0.75], "rotation": 90, "texture": "#3_8"},
				"up": {"uv": [2, 0, 0, 0.75], "rotation": 180, "texture": "#3_8"},
				"down": {"uv": [2, 0, 0, 0.75], "texture": "#3_8"}
			}
		},
		{
			"name": "tendon",
			"from": [9.17378, 11.21405, 1.08738],
			"to": [12.73778, 11.87405, 1.45038],
			"rotation": {"angle": -22.5, "axis": "z", "origin": [11.16098, 4.6365, 1.31838]},
			"faces": {
				"north": {"uv": [14, 4, 15, 3], "texture": "#3_5"},
				"east": {"uv": [15, 0, 14, 1], "rotation": 270, "texture": "#3_5"},
				"south": {"uv": [14, 4, 15, 3], "rotation": 180, "texture": "#3_5"},
				"west": {"uv": [15, 0, 14, 1], "rotation": 90, "texture": "#3_5"},
				"up": {"uv": [15, 0, 14, 1], "rotation": 180, "texture": "#3_5"},
				"down": {"uv": [15, 0, 14, 1], "texture": "#3_5"}
			}
		},
		{
			"name": "tendon",
			"from": [16.73368, 4.08525, 1.10388],
			"to": [17.39368, 8.63925, 1.43388],
			"rotation": {"angle": 22.5, "axis": "z", "origin": [11.16098, 4.6365, 1.31838]},
			"faces": {
				"north": {"uv": [14, 1, 15, 0], "rotation": 270, "texture": "#3_5"},
				"east": {"uv": [15, 0, 14, 1], "rotation": 270, "texture": "#3_5"},
				"south": {"uv": [14, 1, 15, 0], "rotation": 270, "texture": "#3_5"},
				"west": {"uv": [15, 0, 14, 1], "rotation": 90, "texture": "#3_5"},
				"up": {"uv": [15, 0, 14, 1], "rotation": 180, "texture": "#3_5"},
				"down": {"uv": [15, 0, 14, 1], "texture": "#3_5"}
			}
		},
		{
			"name": "tendon",
			"from": [11.15378, 13.85405, 1.08738],
			"to": [16.36778, 14.51405, 1.45038],
			"rotation": {"angle": -22.5, "axis": "z", "origin": [11.16098, 4.6365, 1.31838]},
			"faces": {
				"north": {"uv": [14, 1, 15, 0], "texture": "#3_5"},
				"east": {"uv": [15, 0, 14, 1], "rotation": 270, "texture": "#3_5"},
				"south": {"uv": [14, 1, 15, 0], "rotation": 180, "texture": "#3_5"},
				"west": {"uv": [15, 0, 14, 1], "rotation": 90, "texture": "#3_5"},
				"up": {"uv": [15, 0, 14, 1], "rotation": 180, "texture": "#3_5"},
				"down": {"uv": [15, 0, 14, 1], "texture": "#3_5"}
			}
		},
		{
			"name": "tendon",
			"from": [25.00696, 9.22922, 1.10388],
			"to": [25.66696, 11.60522, 1.43388],
			"rotation": {"angle": 0, "axis": "z", "origin": [11.16098, 4.6365, 1.31838]},
			"faces": {
				"north": {"uv": [14, 1, 15, 0], "rotation": 270, "texture": "#3_5"},
				"east": {"uv": [15, 0, 14, 1], "rotation": 270, "texture": "#3_5"},
				"south": {"uv": [14, 1, 15, 0], "rotation": 270, "texture": "#3_5"},
				"west": {"uv": [15, 0, 14, 1], "rotation": 90, "texture": "#3_5"},
				"up": {"uv": [15, 0, 14, 1], "rotation": 180, "texture": "#3_5"},
				"down": {"uv": [15, 0, 14, 1], "texture": "#3_5"}
			}
		},
		{
			"name": "tendon",
			"from": [26.57719, 5.51539, 1.08738],
			"to": [27.23719, 7.94089, 1.45038],
			"rotation": {"angle": 22.5, "axis": "z", "origin": [11.16098, 4.6365, 1.31838]},
			"faces": {
				"north": {"uv": [14, 1, 15, 0], "rotation": 270, "texture": "#3_5"},
				"east": {"uv": [15, 0, 14, 1], "rotation": 270, "texture": "#3_5"},
				"south": {"uv": [14, 1, 15, 0], "rotation": 270, "texture": "#3_5"},
				"west": {"uv": [15, 0, 14, 1], "rotation": 90, "texture": "#3_5"},
				"up": {"uv": [15, 0, 14, 1], "rotation": 180, "texture": "#3_5"},
				"down": {"uv": [15, 0, 14, 1], "texture": "#3_5"}
			}
		},
		{
			"name": "tendon",
			"from": [21.16723, 3.91322, 1.10388],
			"to": [21.82723, 7.93922, 1.43388],
			"rotation": {"angle": 22.5, "axis": "z", "origin": [11.16098, 4.6365, 1.31838]},
			"faces": {
				"north": {"uv": [14, 1, 15, 0], "rotation": 270, "texture": "#3_5"},
				"east": {"uv": [15, 0, 14, 1], "rotation": 270, "texture": "#3_5"},
				"south": {"uv": [14, 1, 15, 0], "rotation": 270, "texture": "#3_5"},
				"west": {"uv": [15, 0, 14, 1], "rotation": 90, "texture": "#3_5"},
				"up": {"uv": [15, 0, 14, 1], "rotation": 180, "texture": "#3_5"},
				"down": {"uv": [15, 0, 14, 1], "texture": "#3_5"}
			}
		},
		{
			"name": "head",
			"from": [4.7, 3.19, -11.22],
			"to": [11.3, 9.79, -3.96],
			"rotation": {"angle": 22.5, "axis": "x", "origin": [8, 3.17, -4.36]},
			"faces": {
				"north": {"uv": [0, 0, 16, 16], "texture": "#4_6"},
				"east": {"uv": [0, 0, 16, 16], "texture": "#3"},
				"south": {"uv": [0, 0, 16, 16], "texture": "#4_6"},
				"west": {"uv": [0, 0, 16, 16], "texture": "#2"},
				"up": {"uv": [0, 0, 16, 16], "texture": "#4_6"},
				"down": {"uv": [0, 0, 16, 16], "texture": "#4_6"}
			}
		},
		{
			"name": "ear",
			"from": [5.346, 9.13, -3.6],
			"to": [6.666, 10.45, -2.94],
			"rotation": {"angle": 45, "axis": "z", "origin": [6.02, 10.45, -6.27]},
			"faces": {
				"north": {"uv": [2, 0, 3, 1], "texture": "#4_5"},
				"east": {"uv": [2, 0, 3, 1], "texture": "#4_5"},
				"south": {"uv": [2, 0, 3, 1], "texture": "#4_5"},
				"west": {"uv": [2, 0, 3, 1], "texture": "#4_5"},
				"up": {"uv": [2, 0, 3, 1], "texture": "#4_5"},
				"down": {"uv": [2, 0, 3, 1], "texture": "#4_5"}
			}
		},
		{
			"name": "ear",
			"from": [7.722, 6.754, -3.6],
			"to": [9.042, 8.074, -2.94],
			"rotation": {"angle": 45, "axis": "z", "origin": [6.02, 10.45, -6.27]},
			"faces": {
				"north": {"uv": [2, 0, 3, 1], "texture": "#4_5"},
				"east": {"uv": [2, 0, 3, 1], "texture": "#4_5"},
				"south": {"uv": [2, 0, 3, 1], "texture": "#4_5"},
				"west": {"uv": [2, 0, 3, 1], "texture": "#4_5"},
				"up": {"uv": [2, 0, 3, 1], "texture": "#4_5"},
				"down": {"uv": [2, 0, 3, 1], "texture": "#4_5"}
			}
		},
		{
			"name": "snout",
			"from": [4.7, 3.19, -11.88],
			"to": [11.3, 6.49, -11.22],
			"rotation": {"angle": 22.5, "axis": "x", "origin": [8, 3.17, -4.36]},
			"faces": {
				"north": {"uv": [0, 8, 16, 16], "texture": "#4"},
				"east": {"uv": [0, 8, 2, 16], "texture": "#4_6"},
				"south": {"uv": [0, 8, 16, 16], "texture": "#4_6"},
				"west": {"uv": [0, 7, 2, 16], "texture": "#4_6"},
				"up": {"uv": [0, 14, 16, 16], "texture": "#4_6"},
				"down": {"uv": [0, 14, 16, 16], "texture": "#4_6"}
			}
		},
		{
			"name": "mouth",
			"from": [4.37, 0.385, -13.2],
			"to": [11.63, 3.19, -3.96],
			"rotation": {"angle": -22.5, "axis": "x", "origin": [8, 3.17, -4.36]},
			"faces": {
				"north": {"uv": [1, 0, 13, 5], "texture": "#4_5"},
				"east": {"uv": [0, 0, 14, 5], "texture": "#4_5"},
				"south": {"uv": [1, 0, 13, 5], "texture": "#4_5"},
				"west": {"uv": [0, 0, 14, 5], "texture": "#4_5"},
				"up": {"uv": [3, 4, 13, 16], "texture": "#7"},
				"down": {"uv": [1, 0, 13, 14], "texture": "#4_5"}
			}
		},
		{
			"name": "tooth",
			"from": [10.31, 3.19, -13.2],
			"to": [10.97, 3.85, -12.54],
			"rotation": {"angle": -22.5, "axis": "x", "origin": [8, 3.17, -4.36]},
			"faces": {
				"north": {"uv": [13.5, 0, 15.75, 2], "texture": "#1"},
				"east": {"uv": [15, 1, 16, 2], "texture": "#1"},
				"south": {"uv": [14, 0.75, 16, 2.75], "texture": "#1"},
				"west": {"uv": [14.25, 1, 15.25, 2], "texture": "#1"},
				"up": {"uv": [14, 1, 15, 2], "texture": "#1"},
				"down": {"uv": [13.75, 0.75, 14.75, 1.75], "texture": "#1"}
			}
		},
		{
			"name": "tooth",
			"from": [5.03, 3.19, -13.2],
			"to": [5.69, 3.85, -12.54],
			"rotation": {"angle": -22.5, "axis": "x", "origin": [8, 3.17, -4.36]},
			"faces": {
				"north": {"uv": [13.5, 0, 15.75, 2], "texture": "#1"},
				"east": {"uv": [15, 1, 16, 2], "texture": "#1"},
				"south": {"uv": [14, 0.75, 16, 2.75], "texture": "#1"},
				"west": {"uv": [14.25, 1, 15.25, 2], "texture": "#1"},
				"up": {"uv": [14, 1, 15, 2], "texture": "#1"},
				"down": {"uv": [13.75, 0.75, 14.75, 1.75], "texture": "#1"}
			}
		}
	],
	"display": {
		"head": {
			"translation": [0, -2, 0],
			"scale": [2.3, 2.3, 2.3]
		}
	},
	"groups": [
		{
			"name": "body",
			"origin": [14.6, 5.28, 2.34],
			"children": [0, 1, 2, 3, 4, 5, 6, 7, 8, 9, 10, 11, 12, 13, 14, 15, 16, 17]
		},
		{
			"name": "dragtail",
			"origin": [8, 8, 8],
			"children": [
				{
					"name": "tail",
					"origin": [8, 4.95, 10.656],
					"children": [18, 19, 20]
				}
			]
		},
		{
			"name": "dragwingleft",
			"origin": [8, 8, 8],
			"children": [
				{
					"name": "dragonwingleft",
					"origin": [8, 8, 8],
					"children": [21, 22, 23, 24, 25, 26, 27, 28, 29, 30, 31, 32]
				}
			]
		},
		{
			"name": "dragwingright",
			"origin": [8, 8, 8],
			"children": [
				{
					"name": "dragonwingright",
					"origin": [8, 8, 8],
					"children": [33, 34, 35, 36, 37, 38, 39, 40, 41, 42, 43, 44]
				}
			]
		},
		{
			"name": "dragheadclosed",
			"origin": [8, 8, 8],
			"children": [
				{
					"name": "head",
					"origin": [8, 7.92, 5.64],
					"children": [45, 46, 47, 48, 49, 50, 51]
				}
			]
		}
	]
}