{
	"credit": "Made with Blockbench",
	"textures": {
		"1": "blocks/hardened_clay_yellow",
		"2": "blocks/blackdragoneye1",
		"3": "blocks/blackdragoneye2",
		"4": "blocks/blackdragonnose",
		"5": "blocks/blackdragonunderbelly",
		"6": "blocks/blackdragon2",
		"7": "blocks/blackdragonmouth",
		"8": "blocks/blackdragonwingup",
		"9": "blocks/blackdragonwingdown",
		"1_6": "blocks/blackdragon2",
		"2_5": "blocks/blackdragonunderbelly",
		"3_5": "blocks/blackdragonunderbelly",
		"3_8": "blocks/blackdragonwingup",
		"3_9": "blocks/blackdragonwingdown",
		"4_5": "blocks/blackdragonunderbelly",
		"4_6": "blocks/blackdragon2"
	},
	"elements": [
		{
			"name": "body",
			"from": [4.04, -1.32, 6.98],
			"to": [11.96, 5.94, 12.92],
			"rotation": {"angle": 0, "axis": "y", "origin": [8, 5.28, 5]},
			"faces": {
				"north": {"uv": [1, 0, 13, 16], "texture": "#5"},
				"east": {"uv": [2, 0, 16, 16], "texture": "#6"},
				"south": {"uv": [0, 0, 16, 16], "texture": "#6"},
				"west": {"uv": [2, 0, 16, 16], "texture": "#6"},
				"up": {"uv": [0, 0, 16, 10], "texture": "#6"},
				"down": {"uv": [1, 0, 13, 9], "texture": "#5"}
			}
		},
		{
			"name": "body",
			"from": [4.7, -0.66, 2.36],
			"to": [11.3, 5.94, 6.98],
			"rotation": {"angle": 0, "axis": "y", "origin": [8, 5.28, 5]},
			"faces": {
				"north": {"uv": [1, 0, 13, 16], "texture": "#5"},
				"east": {"uv": [1, 0, 13, 16], "texture": "#5"},
				"south": {"uv": [0, 0, 16, 16], "texture": "#5"},
				"west": {"uv": [1, 0, 13, 16], "texture": "#5"},
				"up": {"uv": [1, 0, 15, 10], "texture": "#6"},
				"down": {"uv": [1, 0, 13, 9], "texture": "#5"}
			}
		},
		{
			"name": "neck",
			"from": [6.02, 1.32, -0.94],
			"to": [9.98, 5.94, 5],
			"rotation": {"angle": 45, "axis": "x", "origin": [8, 5.28, 5]},
			"faces": {
				"north": {"uv": [0, 0, 6, 7], "texture": "#6"},
				"east": {"uv": [0, 0, 9, 7], "texture": "#5"},
				"south": {"uv": [0, 0, 6, 7], "texture": "#6"},
				"west": {"uv": [0, 0, 9, 7], "texture": "#5"},
				"up": {"uv": [0, 0, 6, 9], "texture": "#6"},
				"down": {"uv": [0, 0, 11, 9], "texture": "#5"}
			}
		},
		{
			"name": "spine",
			"from": [7.67, 6.798, 2.36],
			"to": [8.33, 8.778, 4.34],
			"rotation": {"angle": 0, "axis": "y", "origin": [8, 5.28, 5]},
			"faces": {
				"north": {"uv": [2, 0, 3, 1], "texture": "#5"},
				"east": {"uv": [2, 0, 3, 1], "texture": "#5"},
				"south": {"uv": [2, 0, 3, 1], "texture": "#5"},
				"west": {"uv": [2, 0, 3, 1], "texture": "#5"},
				"up": {"uv": [2, 0, 3, 1], "texture": "#5"},
				"down": {"uv": [2, 0, 3, 1], "texture": "#5"}
			}
		},
		{
			"name": "spine",
			"from": [7.67, 4.752, 5.594],
			"to": [8.33, 6.732, 7.574],
			"rotation": {"angle": -45, "axis": "x", "origin": [8, 7.26, 6.98]},
			"faces": {
				"north": {"uv": [2, 0, 3, 1], "texture": "#5"},
				"east": {"uv": [2, 0, 3, 1], "texture": "#5"},
				"south": {"uv": [2, 0, 3, 1], "texture": "#5"},
				"west": {"uv": [2, 0, 3, 1], "texture": "#5"},
				"up": {"uv": [2, 0, 3, 1], "texture": "#5"},
				"down": {"uv": [2, 0, 3, 1], "texture": "#5"}
			}
		},
		{
			"name": "spine",
			"from": [7.67, 2.112, 8.234],
			"to": [8.33, 4.092, 10.214],
			"rotation": {"angle": -45, "axis": "x", "origin": [8, 7.26, 6.98]},
			"faces": {
				"north": {"uv": [2, 0, 3, 1], "texture": "#5"},
				"east": {"uv": [2, 0, 3, 1], "texture": "#5"},
				"south": {"uv": [2, 0, 3, 1], "texture": "#5"},
				"west": {"uv": [2, 0, 3, 1], "texture": "#5"},
				"up": {"uv": [2, 0, 3, 1], "texture": "#5"},
				"down": {"uv": [2, 0, 3, 1], "texture": "#5"}
			}
		},
		{
			"name": "leg",
			"from": [2.72, -5.28, 7.64],
			"to": [5.36, 1.98, 10.28],
			"rotation": {"angle": 0, "axis": "y", "origin": [8, 5.28, 5.66]},
			"faces": {
				"north": {"uv": [0, 0, 4, 11], "texture": "#6"},
				"east": {"uv": [0, 0, 4, 11], "texture": "#6"},
				"south": {"uv": [0, 0, 4, 11], "texture": "#6"},
				"west": {"uv": [0, 0, 4, 11], "texture": "#6"},
				"up": {"uv": [0, 0, 4, 4], "texture": "#6"},
				"down": {"uv": [0, 0, 4, 4], "texture": "#6"}
			}
		},
		{
			"name": "leg",
			"from": [10.64, -5.28, 7.64],
			"to": [13.28, 1.98, 10.28],
			"rotation": {"angle": 0, "axis": "y", "origin": [14.6, 5.28, 5.66]},
			"faces": {
				"north": {"uv": [0, 0, 4, 11], "texture": "#6"},
				"east": {"uv": [0, 0, 4, 11], "texture": "#6"},
				"south": {"uv": [0, 0, 4, 11], "texture": "#6"},
				"west": {"uv": [0, 0, 4, 11], "texture": "#6"},
				"up": {"uv": [0, 0, 4, 4], "texture": "#6"},
				"down": {"uv": [0, 0, 4, 4], "texture": "#6"}
			}
		},
		{
			"name": "leg",
			"from": [2.39, -9.9, 9.62],
			"to": [5.69, -3.96, 13.58],
			"rotation": {"angle": 0, "axis": "y", "origin": [8, 5.28, 5.66]},
			"faces": {
				"north": {"uv": [0, 0, 5, 9], "texture": "#6"},
				"east": {"uv": [0, 0, 6, 9], "texture": "#6"},
				"south": {"uv": [0, 0, 5, 9], "texture": "#6"},
				"west": {"uv": [0, 0, 6, 9], "texture": "#6"},
				"up": {"uv": [0, 0, 5, 6], "texture": "#6"},
				"down": {"uv": [0, 0, 5, 6], "texture": "#6"}
			}
		},
		{
			"name": "leg",
			"from": [10.31, -9.9, 9.62],
			"to": [13.61, -3.96, 13.58],
			"rotation": {"angle": 0, "axis": "y", "origin": [14.6, 5.28, 5.66]},
			"faces": {
				"north": {"uv": [0, 0, 5, 9], "texture": "#6"},
				"east": {"uv": [0, 0, 6, 9], "texture": "#6"},
				"south": {"uv": [0, 0, 5, 9], "texture": "#6"},
				"west": {"uv": [0, 0, 6, 9], "texture": "#6"},
				"up": {"uv": [0, 0, 5, 6], "texture": "#6"},
				"down": {"uv": [0, 0, 5, 6], "texture": "#6"}
			}
		},
		{
			"name": "toe",
			"from": [12.95, -9.9, 8.96],
			"to": [13.61, -9.24, 9.62],
			"rotation": {"angle": 0, "axis": "y", "origin": [14.6, 5.28, 5.66]},
			"faces": {
				"north": {"uv": [2, 0, 3, 1], "texture": "#5"},
				"east": {"uv": [2, 0, 3, 1], "texture": "#5"},
				"south": {"uv": [2, 0, 3, 1], "texture": "#5"},
				"west": {"uv": [2, 0, 3, 1], "texture": "#5"},
				"up": {"uv": [2, 0, 3, 1], "texture": "#5"},
				"down": {"uv": [2, 0, 3, 1], "texture": "#5"}
			}
		},
		{
			"name": "toe",
			"from": [11.63, -9.9, 8.96],
			"to": [12.29, -9.24, 9.62],
			"rotation": {"angle": 0, "axis": "y", "origin": [14.6, 5.28, 5.66]},
			"faces": {
				"north": {"uv": [2, 0, 3, 1], "texture": "#5"},
				"east": {"uv": [2, 0, 3, 1], "texture": "#5"},
				"south": {"uv": [2, 0, 3, 1], "texture": "#5"},
				"west": {"uv": [2, 0, 3, 1], "texture": "#5"},
				"up": {"uv": [2, 0, 3, 1], "texture": "#5"},
				"down": {"uv": [2, 0, 3, 1], "texture": "#5"}
			}
		},
		{
			"name": "toe",
			"from": [10.31, -9.9, 8.96],
			"to": [10.97, -9.24, 9.62],
			"rotation": {"angle": 0, "axis": "y", "origin": [14.6, 5.28, 5.66]},
			"faces": {
				"north": {"uv": [2, 0, 3, 1], "texture": "#5"},
				"east": {"uv": [2, 0, 3, 1], "texture": "#5"},
				"south": {"uv": [2, 0, 3, 1], "texture": "#5"},
				"west": {"uv": [2, 0, 3, 1], "texture": "#5"},
				"up": {"uv": [2, 0, 3, 1], "texture": "#5"},
				"down": {"uv": [2, 0, 3, 1], "texture": "#5"}
			}
		},
		{
			"name": "toe",
			"from": [5.03, -9.9, 8.96],
			"to": [5.69, -9.24, 9.62],
			"rotation": {"angle": 0, "axis": "y", "origin": [14.6, 5.28, 5.66]},
			"faces": {
				"north": {"uv": [2, 0, 3, 1], "texture": "#5"},
				"east": {"uv": [2, 0, 3, 1], "texture": "#5"},
				"south": {"uv": [2, 0, 3, 1], "texture": "#5"},
				"west": {"uv": [2, 0, 3, 1], "texture": "#5"},
				"up": {"uv": [2, 0, 3, 1], "texture": "#5"},
				"down": {"uv": [2, 0, 3, 1], "texture": "#5"}
			}
		},
		{
			"name": "toe",
			"from": [3.71, -9.9, 8.96],
			"to": [4.37, -9.24, 9.62],
			"rotation": {"angle": 0, "axis": "y", "origin": [14.6, 5.28, 5.66]},
			"faces": {
				"north": {"uv": [2, 0, 3, 1], "texture": "#5"},
				"east": {"uv": [2, 0, 3, 1], "texture": "#5"},
				"south": {"uv": [2, 0, 3, 1], "texture": "#5"},
				"west": {"uv": [2, 0, 3, 1], "texture": "#5"},
				"up": {"uv": [2, 0, 3, 1], "texture": "#5"},
				"down": {"uv": [2, 0, 3, 1], "texture": "#5"}
			}
		},
		{
			"name": "toe",
			"from": [2.39, -9.9, 8.96],
			"to": [3.05, -9.24, 9.62],
			"rotation": {"angle": 0, "axis": "y", "origin": [14.6, 5.28, 5.66]},
			"faces": {
				"north": {"uv": [2, 0, 3, 1], "texture": "#5"},
				"east": {"uv": [2, 0, 3, 1], "texture": "#5"},
				"south": {"uv": [2, 0, 3, 1], "texture": "#5"},
				"west": {"uv": [2, 0, 3, 1], "texture": "#5"},
				"up": {"uv": [2, 0, 3, 1], "texture": "#5"},
				"down": {"uv": [2, 0, 3, 1], "texture": "#5"}
			}
		},
		{
			"name": "toe",
			"from": [9.65, -9.9, 10.94],
			"to": [10.31, -9.24, 11.6],
			"rotation": {"angle": 0, "axis": "y", "origin": [14.6, 5.28, 4.34]},
			"faces": {
				"north": {"uv": [2, 0, 3, 1], "texture": "#5"},
				"east": {"uv": [2, 0, 3, 1], "texture": "#5"},
				"south": {"uv": [2, 0, 3, 1], "texture": "#5"},
				"west": {"uv": [2, 0, 3, 1], "texture": "#5"},
				"up": {"uv": [2, 0, 3, 1], "texture": "#5"},
				"down": {"uv": [2, 0, 3, 1], "texture": "#5"}
			}
		},
		{
			"name": "toe",
			"from": [5.69, -9.9, 10.94],
			"to": [6.35, -9.24, 11.6],
			"rotation": {"angle": 0, "axis": "y", "origin": [14.6, 5.28, 4.34]},
			"faces": {
				"north": {"uv": [2, 0, 3, 1], "texture": "#5"},
				"east": {"uv": [2, 0, 3, 1], "texture": "#5"},
				"south": {"uv": [2, 0, 3, 1], "texture": "#5"},
				"west": {"uv": [2, 0, 3, 1], "texture": "#5"},
				"up": {"uv": [2, 0, 3, 1], "texture": "#5"},
				"down": {"uv": [2, 0, 3, 1], "texture": "#5"}
			}
		},
		{
			"name": "tail",
			"from": [6.02, 2.39, 12.439],
			"to": [9.98, 5.69, 22.339],
			"rotation": {"angle": 22.5, "axis": "x", "origin": [8, 5.03, 12.67]},
			"faces": {
				"north": {"uv": [0, 0, 6, 5], "texture": "#1_6"},
				"east": {"uv": [0, 0, 15, 5], "texture": "#1_6"},
				"south": {"uv": [0, 0, 6, 5], "texture": "#1_6"},
				"west": {"uv": [0, 0, 15, 5], "texture": "#1_6"},
				"up": {"uv": [0, 0, 6, 15], "texture": "#1_6"},
				"down": {"uv": [0, 0, 6, 15], "texture": "#1_6"}
			}
		},
		{
			"name": "tail",
			"from": [6.68, -0.91, 20.59],
			"to": [9.32, 1.73, 27.85],
			"rotation": {"angle": 0, "axis": "y", "origin": [8, 4.7, 12.406]},
			"faces": {
				"north": {"uv": [0, 0, 4, 4], "texture": "#1_6"},
				"east": {"uv": [0, 0, 11, 4], "texture": "#1_6"},
				"south": {"uv": [0, 0, 4, 4], "texture": "#1_6"},
				"west": {"uv": [0, 0, 11, 4], "texture": "#1_6"},
				"up": {"uv": [0, 0, 4, 11], "texture": "#1_6"},
				"down": {"uv": [0, 0, 4, 11], "texture": "#1_6"}
			}
		},
		{
			"name": "tail",
			"from": [7.34, -0.25, 27.85],
			"to": [8.66, 1.07, 31.81],
			"rotation": {"angle": 0, "axis": "y", "origin": [8, 4.7, 12.406]},
			"faces": {
				"north": {"uv": [0, 0, 2, 2], "texture": "#1_6"},
				"east": {"uv": [0, 0, 6, 2], "texture": "#1_6"},
				"south": {"uv": [0, 0, 2, 2], "texture": "#1_6"},
				"west": {"uv": [0, 0, 6, 2], "texture": "#1_6"},
				"up": {"uv": [0, 0, 2, 6], "texture": "#1_6"},
				"down": {"uv": [0, 0, 2, 6], "texture": "#1_6"}
			}
		},
		{
			"name": "joint",
			"from": [3.16252, 3.61488, 3.4574],
			"to": [4.73252, 5.59488, 5.4374],
			"rotation": {"angle": -22.5, "axis": "x", "origin": [3.83902, 4.6365, 3.31838]},
			"faces": {
				"north": {"uv": [2, 0, 3, 1], "rotation": 270, "texture": "#2_5"},
				"east": {"uv": [2, 0, 3, 1], "rotation": 270, "texture": "#2_5"},
				"south": {"uv": [2, 0, 3, 1], "rotation": 90, "texture": "#2_5"},
				"west": {"uv": [2, 0, 3, 1], "rotation": 270, "texture": "#2_5"},
				"up": {"uv": [2, 0, 3, 1], "rotation": 90, "texture": "#2_5"},
				"down": {"uv": [2, 0, 3, 1], "rotation": 90, "texture": "#2_5"}
			}
		},
		{
			"name": "bone",
			"from": [3.32752, 5.846, 3.61091],
			"to": [4.31752, 12.446, 4.60091],
			"rotation": {"angle": 22.5, "axis": "x", "origin": [3.83902, 4.6365, 3.31838]},
			"faces": {
				"north": {"uv": [2, 0, 3, 1], "rotation": 270, "texture": "#2_5"},
				"east": {"uv": [2, 0, 3, 1], "texture": "#2_5"},
				"south": {"uv": [2, 0, 3, 1], "rotation": 90, "texture": "#2_5"},
				"west": {"uv": [2, 0, 3, 1], "rotation": 180, "texture": "#2_5"},
				"up": {"uv": [2, 0, 3, 1], "rotation": 90, "texture": "#2_5"},
				"down": {"uv": [2, 0, 3, 1], "rotation": 90, "texture": "#2_5"}
			}
		},
		{
			"name": "bone",
			"from": [3.36052, 10.75167, 6.59189],
			"to": [4.31752, 11.74167, 11.04689],
			"rotation": {"angle": 0, "axis": "x", "origin": [3.85552, 4.67444, 3.3205]},
			"faces": {
				"north": {"uv": [2, 0, 3, 1], "rotation": 270, "texture": "#2_5"},
				"east": {"uv": [2, 0, 3, 1], "texture": "#2_5"},
				"south": {"uv": [2, 0, 3, 1], "rotation": 90, "texture": "#2_5"},
				"west": {"uv": [2, 0, 3, 1], "rotation": 180, "texture": "#2_5"},
				"up": {"uv": [2, 0, 3, 1], "rotation": 90, "texture": "#2_5"},
				"down": {"uv": [2, 0, 3, 1], "rotation": 90, "texture": "#2_5"}
			}
		},
		{
			"name": "bone",
			"from": [3.39352, 13.17047, 7.67846],
			"to": [4.31752, 14.16047, 17.05046],
			"rotation": {"angle": 22.5, "axis": "x", "origin": [3.87202, 4.58297, 3.28261]},
			"faces": {
				"north": {"uv": [2, 0, 3, 1], "rotation": 270, "texture": "#2_5"},
				"east": {"uv": [2, 0, 3, 1], "texture": "#2_5"},
				"south": {"uv": [2, 0, 3, 1], "rotation": 90, "texture": "#2_5"},
				"west": {"uv": [2, 0, 3, 1], "rotation": 180, "texture": "#2_5"},
				"up": {"uv": [2, 0, 3, 1], "rotation": 90, "texture": "#2_5"},
				"down": {"uv": [2, 0, 3, 1], "rotation": 90, "texture": "#2_5"}
			}
		},
		{
			"name": "bone",
			"from": [3.45952, -10.41172, 16.4098],
			"to": [4.31752, -4.47172, 17.3998],
			"rotation": {"angle": -45, "axis": "x", "origin": [3.90502, 4.58297, 3.28262]},
			"faces": {
				"north": {"uv": [2, 0, 3, 1], "rotation": 270, "texture": "#2_5"},
				"east": {"uv": [2, 0, 3, 1], "rotation": 270, "texture": "#2_5"},
				"south": {"uv": [2, 0, 3, 1], "rotation": 90, "texture": "#2_5"},
				"west": {"uv": [2, 0, 3, 1], "rotation": 270, "texture": "#2_5"},
				"up": {"uv": [2, 0, 3, 1], "rotation": 90, "texture": "#2_5"},
				"down": {"uv": [2, 0, 3, 1], "rotation": 90, "texture": "#2_5"}
			}
		},
		{
			"name": "flap",
			"from": [3.85552, -3.97512, 5.4374],
			"to": [3.90552, 8.89488, 21.6074],
			"rotation": {"angle": -22.5, "axis": "x", "origin": [3.83902, 4.6365, 3.31838]},
			"faces": {
				"north": {"uv": [0, 0, 8.588, 0.75], "rotation": 270, "texture": "#9"},
				"east": {"uv": [0, 0, 16, 16], "rotation": 270, "texture": "#8"},
				"south": {"uv": [0, 0, 7.176, 0.75], "rotation": 90, "texture": "#9"},
				"west": {"uv": [0, 0, 16, 16], "rotation": 270, "texture": "#9"},
				"up": {"uv": [0, 0, 2, 0.75], "rotation": 90, "texture": "#9"},
				"down": {"uv": [0, 0, 2, 0.75], "rotation": 90, "texture": "#9"}
			}
		},
		{
			"name": "tendon",
			"from": [3.60802, 3.0597, 9.89593],
			"to": [3.97102, 6.6237, 10.55593],
			"rotation": {"angle": -45, "axis": "x", "origin": [3.83902, 4.6365, 3.31838]},
			"faces": {
				"north": {"uv": [14, 0, 15, 1], "rotation": 270, "texture": "#2_5"},
				"east": {"uv": [14, 3, 15, 4], "rotation": 270, "texture": "#2_5"},
				"south": {"uv": [14, 0, 15, 1], "rotation": 90, "texture": "#2_5"},
				"west": {"uv": [14, 3, 15, 4], "rotation": 270, "texture": "#2_5"},
				"up": {"uv": [14, 0, 15, 1], "rotation": 90, "texture": "#2_5"},
				"down": {"uv": [14, 0, 15, 1], "rotation": 90, "texture": "#2_5"}
			}
		},
		{
			"name": "tendon",
			"from": [3.62452, 4.08525, 8.89108],
			"to": [3.95452, 8.63925, 9.55108],
			"rotation": {"angle": 0, "axis": "x", "origin": [3.83902, 4.6365, 3.31838]},
			"faces": {
				"north": {"uv": [14, 0, 15, 1], "rotation": 270, "texture": "#2_5"},
				"east": {"uv": [14, 0, 15, 1], "rotation": 270, "texture": "#2_5"},
				"south": {"uv": [14, 0, 15, 1], "rotation": 90, "texture": "#2_5"},
				"west": {"uv": [14, 0, 15, 1], "rotation": 270, "texture": "#2_5"},
				"up": {"uv": [14, 0, 15, 1], "rotation": 90, "texture": "#2_5"},
				"down": {"uv": [14, 0, 15, 1], "rotation": 90, "texture": "#2_5"}
			}
		},
		{
			"name": "tendon",
			"from": [3.60802, -0.5703, 12.53593],
			"to": [3.97102, 4.6437, 13.19593],
			"rotation": {"angle": -45, "axis": "x", "origin": [3.83902, 4.6365, 3.31838]},
			"faces": {
				"north": {"uv": [14, 0, 15, 1], "rotation": 270, "texture": "#2_5"},
				"east": {"uv": [14, 0, 15, 1], "rotation": 270, "texture": "#2_5"},
				"south": {"uv": [14, 0, 15, 1], "rotation": 90, "texture": "#2_5"},
				"west": {"uv": [14, 0, 15, 1], "rotation": 270, "texture": "#2_5"},
				"up": {"uv": [14, 0, 15, 1], "rotation": 90, "texture": "#2_5"},
				"down": {"uv": [14, 0, 15, 1], "rotation": 90, "texture": "#2_5"}
			}
		},
		{
			"name": "tendon",
			"from": [3.62452, 9.22922, 17.16436],
			"to": [3.95452, 11.60522, 17.82436],
			"rotation": {"angle": 22.5, "axis": "x", "origin": [3.83902, 4.6365, 3.31838]},
			"faces": {
				"north": {"uv": [14, 0, 15, 1], "rotation": 270, "texture": "#2_5"},
				"east": {"uv": [14, 0, 15, 1], "rotation": 270, "texture": "#2_5"},
				"south": {"uv": [14, 0, 15, 1], "rotation": 90, "texture": "#2_5"},
				"west": {"uv": [14, 0, 15, 1], "rotation": 270, "texture": "#2_5"},
				"up": {"uv": [14, 0, 15, 1], "rotation": 90, "texture": "#2_5"},
				"down": {"uv": [14, 0, 15, 1], "rotation": 90, "texture": "#2_5"}
			}
		},
		{
			"name": "tendon",
			"from": [3.60802, 5.51539, 18.73459],
			"to": [3.97102, 7.94089, 19.39459],
			"rotation": {"angle": 0, "axis": "x", "origin": [3.83902, 4.6365, 3.31838]},
			"faces": {
				"north": {"uv": [14, 0, 15, 1], "rotation": 270, "texture": "#2_5"},
				"east": {"uv": [14, 0, 15, 1], "rotation": 270, "texture": "#2_5"},
				"south": {"uv": [14, 0, 15, 1], "rotation": 90, "texture": "#2_5"},
				"west": {"uv": [14, 0, 15, 1], "rotation": 270, "texture": "#2_5"},
				"up": {"uv": [14, 0, 15, 1], "rotation": 90, "texture": "#2_5"},
				"down": {"uv": [14, 0, 15, 1], "rotation": 90, "texture": "#2_5"}
			}
		},
		{
			"name": "tendon",
			"from": [3.62452, 3.91322, 13.32463],
			"to": [3.95452, 7.93922, 13.98463],
			"rotation": {"angle": 0, "axis": "x", "origin": [3.83902, 4.6365, 3.31838]},
			"faces": {
				"north": {"uv": [14, 0, 15, 1], "rotation": 270, "texture": "#2_5"},
				"east": {"uv": [14, 0, 15, 1], "rotation": 270, "texture": "#2_5"},
				"south": {"uv": [14, 0, 15, 1], "rotation": 90, "texture": "#2_5"},
				"west": {"uv": [14, 0, 15, 1], "rotation": 270, "texture": "#2_5"},
				"up": {"uv": [14, 0, 15, 1], "rotation": 90, "texture": "#2_5"},
				"down": {"uv": [14, 0, 15, 1], "rotation": 90, "texture": "#2_5"}
			}
		},
		{
			"name": "joint",
			"from": [11.26748, 3.61488, 3.4574],
			"to": [12.83748, 5.59488, 5.4374],
			"rotation": {"angle": -22.5, "axis": "x", "origin": [12.16098, 4.6365, 3.31838]},
			"faces": {
				"north": {"uv": [3, 0, 2, 1], "rotation": 90, "texture": "#3_5"},
				"east": {"uv": [2, 1, 3, 0], "rotation": 270, "texture": "#3_5"},
				"south": {"uv": [3, 0, 2, 1], "rotation": 270, "texture": "#3_5"},
				"west": {"uv": [2, 1, 3, 0], "rotation": 270, "texture": "#3_5"},
				"up": {"uv": [3, 0, 2, 1], "rotation": 270, "texture": "#3_5"},
				"down": {"uv": [3, 0, 2, 1], "rotation": 270, "texture": "#3_5"}
			}
		},
		{
			"name": "bone",
			"from": [11.68248, 5.846, 3.61091],
			"to": [12.67248, 12.446, 4.60091],
			"rotation": {"angle": 22.5, "axis": "x", "origin": [12.16098, 4.6365, 3.31838]},
			"faces": {
				"north": {"uv": [3, 0, 2, 1], "rotation": 90, "texture": "#3_5"},
				"east": {"uv": [2, 1, 3, 0], "texture": "#3_5"},
				"south": {"uv": [3, 0, 2, 1], "rotation": 270, "texture": "#3_5"},
				"west": {"uv": [2, 1, 3, 0], "rotation": 180, "texture": "#3_5"},
				"up": {"uv": [3, 0, 2, 1], "rotation": 270, "texture": "#3_5"},
				"down": {"uv": [3, 0, 2, 1], "rotation": 270, "texture": "#3_5"}
			}
		},
		{
			"name": "bone",
			"from": [11.68248, 10.75167, 6.59189],
			"to": [12.63948, 11.74167, 11.04689],
			"rotation": {"angle": 0, "axis": "x", "origin": [12.14448, 4.67444, 3.3205]},
			"faces": {
				"north": {"uv": [3, 0, 2, 1], "rotation": 90, "texture": "#3_5"},
				"east": {"uv": [3, 0, 2, 1], "rotation": 180, "texture": "#3_5"},
				"south": {"uv": [3, 0, 2, 1], "rotation": 270, "texture": "#3_5"},
				"west": {"uv": [3, 0, 2, 1], "texture": "#3_5"},
				"up": {"uv": [3, 0, 2, 1], "rotation": 270, "texture": "#3_5"},
				"down": {"uv": [3, 0, 2, 1], "rotation": 270, "texture": "#3_5"}
			}
		},
		{
			"name": "bone",
			"from": [11.68248, 13.17047, 7.67847],
			"to": [12.60648, 14.16047, 17.05047],
			"rotation": {"angle": 22.5, "axis": "x", "origin": [12.12798, 4.58297, 3.28261]},
			"faces": {
				"north": {"uv": [3, 0, 2, 1], "rotation": 90, "texture": "#3_5"},
				"east": {"uv": [3, 0, 2, 1], "rotation": 180, "texture": "#3_5"},
				"south": {"uv": [3, 0, 2, 1], "rotation": 270, "texture": "#3_5"},
				"west": {"uv": [3, 0, 2, 1], "texture": "#3_5"},
				"up": {"uv": [3, 0, 2, 1], "rotation": 270, "texture": "#3_5"},
				"down": {"uv": [3, 0, 2, 1], "rotation": 270, "texture": "#3_5"}
			}
		},
		{
			"name": "bone",
			"from": [11.68248, -10.41172, 16.4098],
			"to": [12.54048, -4.47172, 17.3998],
			"rotation": {"angle": -45, "axis": "x", "origin": [12.09498, 4.58297, 3.28262]},
			"faces": {
				"north": {"uv": [3, 0, 2, 1], "rotation": 90, "texture": "#3_5"},
				"east": {"uv": [2, 1, 3, 0], "rotation": 270, "texture": "#3_5"},
				"south": {"uv": [3, 0, 2, 1], "rotation": 270, "texture": "#3_5"},
				"west": {"uv": [2, 1, 3, 0], "rotation": 270, "texture": "#3_5"},
				"up": {"uv": [3, 0, 2, 1], "rotation": 270, "texture": "#3_5"},
				"down": {"uv": [3, 0, 2, 1], "rotation": 270, "texture": "#3_5"}
			}
		},
		{
			"name": "flap",
			"from": [12.09448, -3.97512, 5.4374],
			"to": [12.14448, 8.89488, 21.6074],
			"rotation": {"angle": -22.5, "axis": "x", "origin": [12.16098, 4.6365, 3.31838]},
			"faces": {
				"north": {"uv": [10, 0, 0, 0.75], "rotation": 90, "texture": "#3_8"},
				"east": {"uv": [0, 16, 16, 0], "rotation": 270, "texture": "#3_9"},
				"south": {"uv": [10, 0, 0, 0.75], "rotation": 270, "texture": "#3_8"},
				"west": {"uv": [0, 16, 16, 0], "rotation": 270, "texture": "#3_8"},
				"up": {"uv": [2, 0, 0, 0.75], "rotation": 270, "texture": "#3_8"},
				"down": {"uv": [2, 0, 0, 0.75], "rotation": 270, "texture": "#3_8"}
			}
		},
		{
			"name": "tendon",
			"from": [12.02898, 3.0597, 9.89593],
			"to": [12.39198, 6.6237, 10.55593],
			"rotation": {"angle": -45, "axis": "x", "origin": [12.16098, 4.6365, 3.31838]},
			"faces": {
				"north": {"uv": [15, 0, 14, 1], "rotation": 90, "texture": "#3_5"},
				"east": {"uv": [14, 4, 15, 3], "rotation": 270, "texture": "#3_5"},
				"south": {"uv": [15, 0, 14, 1], "rotation": 270, "texture": "#3_5"},
				"west": {"uv": [14, 4, 15, 3], "rotation": 270, "texture": "#3_5"},
				"up": {"uv": [15, 0, 14, 1], "rotation": 270, "texture": "#3_5"},
				"down": {"uv": [15, 0, 14, 1], "rotation": 270, "texture": "#3_5"}
			}
		},
		{
			"name": "tendon",
			"from": [12.04548, 4.08525, 8.89108],
			"to": [12.37548, 8.63925, 9.55108],
			"rotation": {"angle": 0, "axis": "x", "origin": [12.16098, 4.6365, 3.31838]},
			"faces": {
				"north": {"uv": [15, 0, 14, 1], "rotation": 90, "texture": "#3_5"},
				"east": {"uv": [14, 1, 15, 0], "rotation": 270, "texture": "#3_5"},
				"south": {"uv": [15, 0, 14, 1], "rotation": 270, "texture": "#3_5"},
				"west": {"uv": [14, 1, 15, 0], "rotation": 270, "texture": "#3_5"},
				"up": {"uv": [15, 0, 14, 1], "rotation": 270, "texture": "#3_5"},
				"down": {"uv": [15, 0, 14, 1], "rotation": 270, "texture": "#3_5"}
			}
		},
		{
			"name": "tendon",
			"from": [12.02898, -0.5703, 12.53593],
			"to": [12.39198, 4.6437, 13.19593],
			"rotation": {"angle": -45, "axis": "x", "origin": [12.16098, 4.6365, 3.31838]},
			"faces": {
				"north": {"uv": [15, 0, 14, 1], "rotation": 90, "texture": "#3_5"},
				"east": {"uv": [14, 1, 15, 0], "rotation": 270, "texture": "#3_5"},
				"south": {"uv": [15, 0, 14, 1], "rotation": 270, "texture": "#3_5"},
				"west": {"uv": [14, 1, 15, 0], "rotation": 270, "texture": "#3_5"},
				"up": {"uv": [15, 0, 14, 1], "rotation": 270, "texture": "#3_5"},
				"down": {"uv": [15, 0, 14, 1], "rotation": 270, "texture": "#3_5"}
			}
		},
		{
			"name": "tendon",
			"from": [12.04548, 9.22922, 17.16436],
			"to": [12.37548, 11.60522, 17.82436],
			"rotation": {"angle": 22.5, "axis": "x", "origin": [12.16098, 4.6365, 3.31838]},
			"faces": {
				"north": {"uv": [15, 0, 14, 1], "rotation": 90, "texture": "#3_5"},
				"east": {"uv": [14, 1, 15, 0], "rotation": 270, "texture": "#3_5"},
				"south": {"uv": [15, 0, 14, 1], "rotation": 270, "texture": "#3_5"},
				"west": {"uv": [14, 1, 15, 0], "rotation": 270, "texture": "#3_5"},
				"up": {"uv": [15, 0, 14, 1], "rotation": 270, "texture": "#3_5"},
				"down": {"uv": [15, 0, 14, 1], "rotation": 270, "texture": "#3_5"}
			}
		},
		{
			"name": "tendon",
			"from": [12.02898, 5.51539, 18.73459],
			"to": [12.39198, 7.94089, 19.39459],
			"rotation": {"angle": 0, "axis": "x", "origin": [12.16098, 4.6365, 3.31838]},
			"faces": {
				"north": {"uv": [15, 0, 14, 1], "rotation": 90, "texture": "#3_5"},
				"east": {"uv": [14, 1, 15, 0], "rotation": 270, "texture": "#3_5"},
				"south": {"uv": [15, 0, 14, 1], "rotation": 270, "texture": "#3_5"},
				"west": {"uv": [14, 1, 15, 0], "rotation": 270, "texture": "#3_5"},
				"up": {"uv": [15, 0, 14, 1], "rotation": 270, "texture": "#3_5"},
				"down": {"uv": [15, 0, 14, 1], "rotation": 270, "texture": "#3_5"}
			}
		},
		{
			"name": "tendon",
			"from": [12.04548, 3.91322, 13.32463],
			"to": [12.37548, 7.93922, 13.98463],
			"rotation": {"angle": 0, "axis": "x", "origin": [12.16098, 4.6365, 3.31838]},
			"faces": {
				"north": {"uv": [15, 0, 14, 1], "rotation": 90, "texture": "#3_5"},
				"east": {"uv": [14, 1, 15, 0], "rotation": 270, "texture": "#3_5"},
				"south": {"uv": [15, 0, 14, 1], "rotation": 270, "texture": "#3_5"},
				"west": {"uv": [14, 1, 15, 0], "rotation": 270, "texture": "#3_5"},
				"up": {"uv": [15, 0, 14, 1], "rotation": 270, "texture": "#3_5"},
				"down": {"uv": [15, 0, 14, 1], "rotation": 270, "texture": "#3_5"}
			}
		},
		{
			"name": "head",
			"from": [1.73, 9.586, -12.168],
			"to": [14.27, 22.126, 1.626],
			"rotation": {"angle": 0, "axis": "y", "origin": [8, 13.348, 14.166]},
			"faces": {
				"north": {"uv": [0, 0, 16, 16], "texture": "#4_6"},
				"east": {"uv": [0, 0, 16, 16], "texture": "#3"},
				"south": {"uv": [0, 0, 16, 16], "texture": "#4_6"},
				"west": {"uv": [0, 0, 16, 16], "texture": "#2"},
				"up": {"uv": [0, 0, 16, 16], "texture": "#4_6"},
				"down": {"uv": [0, 0, 16, 16], "texture": "#4_6"}
			}
		},
		{
			"name": "ear",
			"from": [2.4824, 20.872, -3.39],
			"to": [4.9904, 23.38, -2.136],
			"rotation": {"angle": 45, "axis": "z", "origin": [4.238, 23.38, -2.763]},
			"faces": {
				"north": {"uv": [2, 0, 3, 1], "texture": "#4_5"},
				"east": {"uv": [2, 0, 3, 1], "texture": "#4_5"},
				"south": {"uv": [2, 0, 3, 1], "texture": "#4_5"},
				"west": {"uv": [2, 0, 3, 1], "texture": "#4_5"},
				"up": {"uv": [2, 0, 3, 1], "texture": "#4_5"},
				"down": {"uv": [2, 0, 3, 1], "texture": "#4_5"}
			}
		},
		{
			"name": "ear",
			"from": [6.9968, 16.3576, -3.39],
			"to": [9.5048, 18.8656, -2.136],
			"rotation": {"angle": 45, "axis": "z", "origin": [4.238, 23.38, -2.763]},
			"faces": {
				"north": {"uv": [2, 0, 3, 1], "texture": "#4_5"},
				"east": {"uv": [2, 0, 3, 1], "texture": "#4_5"},
				"south": {"uv": [2, 0, 3, 1], "texture": "#4_5"},
				"west": {"uv": [2, 0, 3, 1], "texture": "#4_5"},
				"up": {"uv": [2, 0, 3, 1], "texture": "#4_5"},
				"down": {"uv": [2, 0, 3, 1], "texture": "#4_5"}
			}
		},
		{
			"name": "snout",
			"from": [1.73, 9.586, -13.422],
			"to": [14.27, 15.856, -12.168],
			"rotation": {"angle": 0, "axis": "y", "origin": [8, 13.348, 14.166]},
			"faces": {
				"north": {"uv": [0, 8, 16, 16], "texture": "#4"},
				"east": {"uv": [0, 8, 2, 16], "texture": "#4_6"},
				"south": {"uv": [0, 8, 16, 16], "texture": "#4_6"},
				"west": {"uv": [0, 7, 2, 16], "texture": "#4_6"},
				"up": {"uv": [0, 14, 16, 16], "texture": "#4_6"},
				"down": {"uv": [0, 14, 16, 16], "texture": "#4_6"}
			}
		},
		{
			"name": "mouth",
			"from": [1.103, 4.2565, -15.93],
			"to": [14.897, 9.586, 1.626],
			"rotation": {"angle": 0, "axis": "y", "origin": [8, 13.348, 14.166]},
			"faces": {
				"north": {"uv": [1, 0, 13, 5], "texture": "#4_5"},
				"east": {"uv": [0, 0, 14, 5], "texture": "#4_5"},
				"south": {"uv": [1, 0, 13, 5], "texture": "#4_5"},
				"west": {"uv": [0, 0, 14, 5], "texture": "#4_5"},
				"up": {"uv": [3, 4, 13, 16], "texture": "#7"},
				"down": {"uv": [1, 0, 13, 14], "texture": "#4_5"}
			}
		},
		{
			"name": "tooth",
			"from": [12.389, 9.586, -15.93],
			"to": [13.643, 10.84, -14.676],
			"rotation": {"angle": 0, "axis": "y", "origin": [8, 13.348, 14.166]},
			"faces": {
				"north": {"uv": [13.5, 0, 15.75, 2], "texture": "#1"},
				"east": {"uv": [15, 1, 16, 2], "texture": "#1"},
				"south": {"uv": [14, 0.75, 16, 2.75], "texture": "#1"},
				"west": {"uv": [14.25, 1, 15.25, 2], "texture": "#1"},
				"up": {"uv": [14, 1, 15, 2], "texture": "#1"},
				"down": {"uv": [13.75, 0.75, 14.75, 1.75], "texture": "#1"}
			}
		},
		{
			"name": "tooth",
			"from": [2.357, 9.586, -15.93],
			"to": [3.611, 10.84, -14.676],
			"rotation": {"angle": 0, "axis": "y", "origin": [8, 13.348, 14.166]},
			"faces": {
				"north": {"uv": [13.5, 0, 15.75, 2], "texture": "#1"},
				"east": {"uv": [15, 1, 16, 2], "texture": "#1"},
				"south": {"uv": [14, 0.75, 16, 2.75], "texture": "#1"},
				"west": {"uv": [14.25, 1, 15.25, 2], "texture": "#1"},
				"up": {"uv": [14, 1, 15, 2], "texture": "#1"},
				"down": {"uv": [13.75, 0.75, 14.75, 1.75], "texture": "#1"}
			}
		}
	],
	"display": {
		"head": {
			"translation": [0, -25, 0]
		}
	},
	"groups": [
		{
			"name": "body",
			"origin": [14.6, 5.28, 2.34],
			"children": [0, 1, 2, 3, 4, 5, 6, 7, 8, 9, 10, 11, 12, 13, 14, 15, 16, 17]
		},
		{
			"name": "dragtail",
			"origin": [8, 8, 8],
			"children": [
				{
					"name": "tail",
					"origin": [8, 4.95, 10.656],
					"children": [18, 19, 20]
				}
			]
		},
		{
			"name": "dragwingleft",
			"origin": [8, 8, 8],
			"children": [
				{
					"name": "dragonwingleft",
					"origin": [8, 8, 8],
					"children": [21, 22, 23, 24, 25, 26, 27, 28, 29, 30, 31, 32]
				}
			]
		},
		{
			"name": "dragwingright",
			"origin": [8, 8, 8],
			"children": [
				{
					"name": "dragonwingright",
					"origin": [8, 8, 8],
					"children": [33, 34, 35, 36, 37, 38, 39, 40, 41, 42, 43, 44]
				}
			]
		},
		{
			"name": "dragheadclosed",
			"origin": [8, 8, 8],
			"children": [
				{
					"name": "head",
					"origin": [8, 7.92, 5.64],
					"children": [45, 46, 47, 48, 49, 50, 51]
				}
			]
		}
	]
}