{
	"credit": "Made with Blockbench",
	"textures": {
		"1": "blocks/hardened_clay_yellow",
		"2": "blocks/bluedragoneye1",
		"3": "blocks/bluedragoneye2",
		"4": "blocks/bluedragonnose",
		"5": "blocks/bluedragonunderbelly",
		"6": "blocks/bluedragon2",
		"7": "blocks/bluedragonmouth",
		"8": "blocks/bluedragonwingup",
		"9": "blocks/bluedragonwingdown",
		"1_6": "blocks/bluedragon2",
		"2_5": "blocks/bluedragonunderbelly",
		"3_5": "blocks/bluedragonunderbelly",
		"3_8": "blocks/bluedragonwingup",
		"3_9": "blocks/bluedragonwingdown",
		"4_5": "blocks/bluedragonunderbelly",
		"4_6": "blocks/bluedragon2"
	},
	"elements": [
		{
			"name": "body",
			"from": [4.832, 0.544, 7.184],
			"to": [11.168, 6.352, 11.936],
			"rotation": {"angle": 0, "axis": "y", "origin": [8, 5.824, 5.6]},
			"faces": {
				"north": {"uv": [1, 0, 13, 16], "texture": "#5"},
				"east": {"uv": [2, 0, 16, 16], "texture": "#6"},
				"south": {"uv": [0, 0, 16, 16], "texture": "#6"},
				"west": {"uv": [2, 0, 16, 16], "texture": "#6"},
				"up": {"uv": [0, 0, 16, 10], "texture": "#6"},
				"down": {"uv": [1, 0, 13, 9], "texture": "#5"}
			}
		},
		{
			"name": "body",
			"from": [5.36, 1.072, 3.488],
			"to": [10.64, 6.352, 7.184],
			"rotation": {"angle": 0, "axis": "y", "origin": [8, 5.824, 5.6]},
			"faces": {
				"north": {"uv": [1, 0, 13, 16], "texture": "#5"},
				"east": {"uv": [1, 0, 13, 16], "texture": "#5"},
				"south": {"uv": [0, 0, 16, 16], "texture": "#5"},
				"west": {"uv": [1, 0, 13, 16], "texture": "#5"},
				"up": {"uv": [1, 0, 15, 10], "texture": "#6"},
				"down": {"uv": [1, 0, 13, 9], "texture": "#5"}
			}
		},
		{
			"name": "neck",
			"from": [6.416, 2.656, -0.752],
			"to": [9.584, 6.352, 4],
			"rotation": {"angle": 0, "axis": "x", "origin": [8, 5.824, 5.6]},
			"faces": {
				"north": {"uv": [0, 0, 6, 7], "texture": "#6"},
				"east": {"uv": [0, 0, 9, 7], "texture": "#5"},
				"south": {"uv": [0, 0, 6, 7], "texture": "#6"},
				"west": {"uv": [0, 0, 9, 7], "texture": "#5"},
				"up": {"uv": [0, 0, 6, 9], "texture": "#6"},
				"down": {"uv": [0, 0, 11, 9], "texture": "#5"}
			}
		},
		{
			"name": "spine",
			"from": [7.736, 2.8384, 1.988],
			"to": [8.264, 4.4224, 3.572],
			"rotation": {"angle": 45, "axis": "x", "origin": [8, 5.824, 5.6]},
			"faces": {
				"north": {"uv": [2, 0, 3, 1], "texture": "#5"},
				"east": {"uv": [2, 0, 3, 1], "texture": "#5"},
				"south": {"uv": [2, 0, 3, 1], "texture": "#5"},
				"west": {"uv": [2, 0, 3, 1], "texture": "#5"},
				"up": {"uv": [2, 0, 3, 1], "texture": "#5"},
				"down": {"uv": [2, 0, 3, 1], "texture": "#5"}
			}
		},
		{
			"name": "spine",
			"from": [7.736, 5.4016, 6.0752],
			"to": [8.264, 6.9856, 7.6592],
			"rotation": {"angle": -45, "axis": "x", "origin": [8, 7.408, 7.184]},
			"faces": {
				"north": {"uv": [2, 0, 3, 1], "texture": "#5"},
				"east": {"uv": [2, 0, 3, 1], "texture": "#5"},
				"south": {"uv": [2, 0, 3, 1], "texture": "#5"},
				"west": {"uv": [2, 0, 3, 1], "texture": "#5"},
				"up": {"uv": [2, 0, 3, 1], "texture": "#5"},
				"down": {"uv": [2, 0, 3, 1], "texture": "#5"}
			}
		},
		{
			"name": "spine",
			"from": [7.736, 3.2896, 8.1872],
			"to": [8.264, 4.8736, 9.7712],
			"rotation": {"angle": -45, "axis": "x", "origin": [8, 7.408, 7.184]},
			"faces": {
				"north": {"uv": [2, 0, 3, 1], "texture": "#5"},
				"east": {"uv": [2, 0, 3, 1], "texture": "#5"},
				"south": {"uv": [2, 0, 3, 1], "texture": "#5"},
				"west": {"uv": [2, 0, 3, 1], "texture": "#5"},
				"up": {"uv": [2, 0, 3, 1], "texture": "#5"},
				"down": {"uv": [2, 0, 3, 1], "texture": "#5"}
			}
		},
		{
			"name": "leg",
			"from": [3.776, -2.624, 7.712],
			"to": [5.888, 3.184, 9.824],
			"rotation": {"angle": 0, "axis": "y", "origin": [8, 5.824, 6.128]},
			"faces": {
				"north": {"uv": [0, 0, 4, 11], "texture": "#6"},
				"east": {"uv": [0, 0, 4, 11], "texture": "#6"},
				"south": {"uv": [0, 0, 4, 11], "texture": "#6"},
				"west": {"uv": [0, 0, 4, 11], "texture": "#6"},
				"up": {"uv": [0, 0, 4, 4], "texture": "#6"},
				"down": {"uv": [0, 0, 4, 4], "texture": "#6"}
			}
		},
		{
			"name": "leg",
			"from": [10.112, -2.624, 7.712],
			"to": [12.224, 3.184, 9.824],
			"rotation": {"angle": 0, "axis": "y", "origin": [13.28, 5.824, 6.128]},
			"faces": {
				"north": {"uv": [0, 0, 4, 11], "texture": "#6"},
				"east": {"uv": [0, 0, 4, 11], "texture": "#6"},
				"south": {"uv": [0, 0, 4, 11], "texture": "#6"},
				"west": {"uv": [0, 0, 4, 11], "texture": "#6"},
				"up": {"uv": [0, 0, 4, 4], "texture": "#6"},
				"down": {"uv": [0, 0, 4, 4], "texture": "#6"}
			}
		},
		{
			"name": "leg",
			"from": [3.512, -6.32, 9.296],
			"to": [6.152, -1.568, 12.464],
			"rotation": {"angle": 0, "axis": "y", "origin": [8, 5.824, 6.128]},
			"faces": {
				"north": {"uv": [0, 0, 5, 9], "texture": "#6"},
				"east": {"uv": [0, 0, 6, 9], "texture": "#6"},
				"south": {"uv": [0, 0, 5, 9], "texture": "#6"},
				"west": {"uv": [0, 0, 6, 9], "texture": "#6"},
				"up": {"uv": [0, 0, 5, 6], "texture": "#6"},
				"down": {"uv": [0, 0, 5, 6], "texture": "#6"}
			}
		},
		{
			"name": "leg",
			"from": [9.848, -6.32, 9.296],
			"to": [12.488, -1.568, 12.464],
			"rotation": {"angle": 0, "axis": "y", "origin": [13.28, 5.824, 6.128]},
			"faces": {
				"north": {"uv": [0, 0, 5, 9], "texture": "#6"},
				"east": {"uv": [0, 0, 6, 9], "texture": "#6"},
				"south": {"uv": [0, 0, 5, 9], "texture": "#6"},
				"west": {"uv": [0, 0, 6, 9], "texture": "#6"},
				"up": {"uv": [0, 0, 5, 6], "texture": "#6"},
				"down": {"uv": [0, 0, 5, 6], "texture": "#6"}
			}
		},
		{
			"name": "toe",
			"from": [11.96, -6.32, 8.768],
			"to": [12.488, -5.792, 9.296],
			"rotation": {"angle": 0, "axis": "y", "origin": [13.28, 5.824, 6.128]},
			"faces": {
				"north": {"uv": [2, 0, 3, 1], "texture": "#5"},
				"east": {"uv": [2, 0, 3, 1], "texture": "#5"},
				"south": {"uv": [2, 0, 3, 1], "texture": "#5"},
				"west": {"uv": [2, 0, 3, 1], "texture": "#5"},
				"up": {"uv": [2, 0, 3, 1], "texture": "#5"},
				"down": {"uv": [2, 0, 3, 1], "texture": "#5"}
			}
		},
		{
			"name": "toe",
			"from": [10.904, -6.32, 8.768],
			"to": [11.432, -5.792, 9.296],
			"rotation": {"angle": 0, "axis": "y", "origin": [13.28, 5.824, 6.128]},
			"faces": {
				"north": {"uv": [2, 0, 3, 1], "texture": "#5"},
				"east": {"uv": [2, 0, 3, 1], "texture": "#5"},
				"south": {"uv": [2, 0, 3, 1], "texture": "#5"},
				"west": {"uv": [2, 0, 3, 1], "texture": "#5"},
				"up": {"uv": [2, 0, 3, 1], "texture": "#5"},
				"down": {"uv": [2, 0, 3, 1], "texture": "#5"}
			}
		},
		{
			"name": "toe",
			"from": [9.848, -6.32, 8.768],
			"to": [10.376, -5.792, 9.296],
			"rotation": {"angle": 0, "axis": "y", "origin": [13.28, 5.824, 6.128]},
			"faces": {
				"north": {"uv": [2, 0, 3, 1], "texture": "#5"},
				"east": {"uv": [2, 0, 3, 1], "texture": "#5"},
				"south": {"uv": [2, 0, 3, 1], "texture": "#5"},
				"west": {"uv": [2, 0, 3, 1], "texture": "#5"},
				"up": {"uv": [2, 0, 3, 1], "texture": "#5"},
				"down": {"uv": [2, 0, 3, 1], "texture": "#5"}
			}
		},
		{
			"name": "toe",
			"from": [5.624, -6.32, 8.768],
			"to": [6.152, -5.792, 9.296],
			"rotation": {"angle": 0, "axis": "y", "origin": [13.28, 5.824, 6.128]},
			"faces": {
				"north": {"uv": [2, 0, 3, 1], "texture": "#5"},
				"east": {"uv": [2, 0, 3, 1], "texture": "#5"},
				"south": {"uv": [2, 0, 3, 1], "texture": "#5"},
				"west": {"uv": [2, 0, 3, 1], "texture": "#5"},
				"up": {"uv": [2, 0, 3, 1], "texture": "#5"},
				"down": {"uv": [2, 0, 3, 1], "texture": "#5"}
			}
		},
		{
			"name": "toe",
			"from": [4.568, -6.32, 8.768],
			"to": [5.096, -5.792, 9.296],
			"rotation": {"angle": 0, "axis": "y", "origin": [13.28, 5.824, 6.128]},
			"faces": {
				"north": {"uv": [2, 0, 3, 1], "texture": "#5"},
				"east": {"uv": [2, 0, 3, 1], "texture": "#5"},
				"south": {"uv": [2, 0, 3, 1], "texture": "#5"},
				"west": {"uv": [2, 0, 3, 1], "texture": "#5"},
				"up": {"uv": [2, 0, 3, 1], "texture": "#5"},
				"down": {"uv": [2, 0, 3, 1], "texture": "#5"}
			}
		},
		{
			"name": "toe",
			"from": [3.512, -6.32, 8.768],
			"to": [4.04, -5.792, 9.296],
			"rotation": {"angle": 0, "axis": "y", "origin": [13.28, 5.824, 6.128]},
			"faces": {
				"north": {"uv": [2, 0, 3, 1], "texture": "#5"},
				"east": {"uv": [2, 0, 3, 1], "texture": "#5"},
				"south": {"uv": [2, 0, 3, 1], "texture": "#5"},
				"west": {"uv": [2, 0, 3, 1], "texture": "#5"},
				"up": {"uv": [2, 0, 3, 1], "texture": "#5"},
				"down": {"uv": [2, 0, 3, 1], "texture": "#5"}
			}
		},
		{
			"name": "toe",
			"from": [9.32, -6.32, 10.352],
			"to": [9.848, -5.792, 10.88],
			"rotation": {"angle": 0, "axis": "y", "origin": [13.28, 5.824, 5.072]},
			"faces": {
				"north": {"uv": [2, 0, 3, 1], "texture": "#5"},
				"east": {"uv": [2, 0, 3, 1], "texture": "#5"},
				"south": {"uv": [2, 0, 3, 1], "texture": "#5"},
				"west": {"uv": [2, 0, 3, 1], "texture": "#5"},
				"up": {"uv": [2, 0, 3, 1], "texture": "#5"},
				"down": {"uv": [2, 0, 3, 1], "texture": "#5"}
			}
		},
		{
			"name": "toe",
			"from": [6.152, -6.32, 10.352],
			"to": [6.68, -5.792, 10.88],
			"rotation": {"angle": 0, "axis": "y", "origin": [13.28, 5.824, 5.072]},
			"faces": {
				"north": {"uv": [2, 0, 3, 1], "texture": "#5"},
				"east": {"uv": [2, 0, 3, 1], "texture": "#5"},
				"south": {"uv": [2, 0, 3, 1], "texture": "#5"},
				"west": {"uv": [2, 0, 3, 1], "texture": "#5"},
				"up": {"uv": [2, 0, 3, 1], "texture": "#5"},
				"down": {"uv": [2, 0, 3, 1], "texture": "#5"}
			}
		},
		{
			"name": "tail",
			"from": [6.416, 3.512, 11.5512],
			"to": [9.584, 6.152, 19.4712],
			"rotation": {"angle": 22.5, "axis": "x", "origin": [8, 5.624, 11.736]},
			"faces": {
				"north": {"uv": [0, 0, 6, 5], "texture": "#1_6"},
				"east": {"uv": [0, 0, 15, 5], "texture": "#1_6"},
				"south": {"uv": [0, 0, 6, 5], "texture": "#1_6"},
				"west": {"uv": [0, 0, 15, 5], "texture": "#1_6"},
				"up": {"uv": [0, 0, 6, 15], "texture": "#1_6"},
				"down": {"uv": [0, 0, 6, 15], "texture": "#1_6"}
			}
		},
		{
			"name": "tail",
			"from": [6.944, 0.872, 18.072],
			"to": [9.056, 2.984, 23.88],
			"rotation": {"angle": 0, "axis": "y", "origin": [8, 5.36, 11.5248]},
			"faces": {
				"north": {"uv": [0, 0, 4, 4], "texture": "#1_6"},
				"east": {"uv": [0, 0, 11, 4], "texture": "#1_6"},
				"south": {"uv": [0, 0, 4, 4], "texture": "#1_6"},
				"west": {"uv": [0, 0, 11, 4], "texture": "#1_6"},
				"up": {"uv": [0, 0, 4, 11], "texture": "#1_6"},
				"down": {"uv": [0, 0, 4, 11], "texture": "#1_6"}
			}
		},
		{
			"name": "tail",
			"from": [7.472, 1.4, 23.88],
			"to": [8.528, 2.456, 27.048],
			"rotation": {"angle": 0, "axis": "y", "origin": [8, 5.36, 11.5248]},
			"faces": {
				"north": {"uv": [0, 0, 2, 2], "texture": "#1_6"},
				"east": {"uv": [0, 0, 6, 2], "texture": "#1_6"},
				"south": {"uv": [0, 0, 2, 2], "texture": "#1_6"},
				"west": {"uv": [0, 0, 6, 2], "texture": "#1_6"},
				"up": {"uv": [0, 0, 2, 6], "texture": "#1_6"},
				"down": {"uv": [0, 0, 2, 6], "texture": "#1_6"}
			}
		},
		{
			"name": "joint",
			"from": [3.976, 4.4919, 3.7135],
			"to": [5.56, 6.0759, 4.9695],
			"rotation": {"angle": -45, "axis": "z", "origin": [5.67122, 5.3092, 4.2547]},
			"faces": {
				"north": {"uv": [2, 0, 3, 1], "rotation": 270, "texture": "#2_5"},
				"east": {"uv": [2, 0, 3, 1], "rotation": 270, "texture": "#2_5"},
				"south": {"uv": [2, 0, 3, 1], "rotation": 270, "texture": "#2_5"},
				"west": {"uv": [2, 0, 3, 1], "rotation": 90, "texture": "#2_5"},
				"up": {"uv": [2, 0, 3, 1], "rotation": 180, "texture": "#2_5"},
				"down": {"uv": [2, 0, 3, 1], "texture": "#2_5"}
			}
		},
		{
			"name": "bone",
			"from": [4.64519, 6.2768, 3.8455],
			"to": [5.43719, 11.5568, 4.6375],
			"rotation": {"angle": 0, "axis": "z", "origin": [5.67122, 5.3092, 4.2547]},
			"faces": {
				"north": {"uv": [2, 0, 3, 1], "rotation": 180, "texture": "#2_5"},
				"east": {"uv": [2, 0, 3, 1], "rotation": 270, "texture": "#2_5"},
				"south": {"uv": [2, 0, 3, 1], "texture": "#2_5"},
				"west": {"uv": [2, 0, 3, 1], "rotation": 90, "texture": "#2_5"},
				"up": {"uv": [2, 0, 3, 1], "rotation": 180, "texture": "#2_5"},
				"down": {"uv": [2, 0, 3, 1], "texture": "#2_5"}
			}
		},
		{
			"name": "bone",
			"from": [-0.51159, 10.20134, 3.8719],
			"to": [3.05241, 10.99334, 4.6375],
			"rotation": {"angle": -22.5, "axis": "z", "origin": [5.67122, 5.3092, 4.2547]},
			"faces": {
				"north": {"uv": [2, 0, 3, 1], "rotation": 180, "texture": "#2_5"},
				"east": {"uv": [2, 0, 3, 1], "rotation": 270, "texture": "#2_5"},
				"south": {"uv": [2, 0, 3, 1], "texture": "#2_5"},
				"west": {"uv": [2, 0, 3, 1], "rotation": 90, "texture": "#2_5"},
				"up": {"uv": [2, 0, 3, 1], "rotation": 180, "texture": "#2_5"},
				"down": {"uv": [2, 0, 3, 1], "texture": "#2_5"}
			}
		},
		{
			"name": "bone",
			"from": [-5.31445, 12.13638, 3.8983],
			"to": [2.18315, 12.92838, 4.6375],
			"rotation": {"angle": 0, "axis": "z", "origin": [5.69983, 5.26638, 4.2811]},
			"faces": {
				"north": {"uv": [2, 0, 3, 1], "rotation": 180, "texture": "#2_5"},
				"east": {"uv": [2, 0, 3, 1], "rotation": 270, "texture": "#2_5"},
				"south": {"uv": [2, 0, 3, 1], "texture": "#2_5"},
				"west": {"uv": [2, 0, 3, 1], "rotation": 90, "texture": "#2_5"},
				"up": {"uv": [2, 0, 3, 1], "rotation": 180, "texture": "#2_5"},
				"down": {"uv": [2, 0, 3, 1], "texture": "#2_5"}
			}
		},
		{
			"name": "bone",
			"from": [-6.29593, 15.76812, 3.9511],
			"to": [-1.54393, 16.56012, 4.6375],
			"rotation": {"angle": 22.5, "axis": "z", "origin": [5.69982, 5.26638, 4.3075]},
			"faces": {
				"north": {"uv": [2, 0, 3, 1], "rotation": 180, "texture": "#2_5"},
				"east": {"uv": [2, 0, 3, 1], "rotation": 270, "texture": "#2_5"},
				"south": {"uv": [2, 0, 3, 1], "texture": "#2_5"},
				"west": {"uv": [2, 0, 3, 1], "rotation": 90, "texture": "#2_5"},
				"up": {"uv": [2, 0, 3, 1], "rotation": 180, "texture": "#2_5"},
				"down": {"uv": [2, 0, 3, 1], "texture": "#2_5"}
			}
		},
		{
			"name": "flap",
			"from": [-8.96, -1.5801, 4.2679],
			"to": [3.976, 8.7159, 4.3079],
			"rotation": {"angle": -45, "axis": "z", "origin": [5.67122, 5.3092, 4.2547]},
			"faces": {
				"north": {"uv": [0, 0, 16, 16], "rotation": 270, "texture": "#9"},
				"east": {"uv": [0, 0, 8.588, 0.75], "rotation": 270, "texture": "#9"},
				"south": {"uv": [0, 0, 16, 16], "rotation": 270, "texture": "#8"},
				"west": {"uv": [0, 0, 7.176, 0.75], "rotation": 90, "texture": "#9"},
				"up": {"uv": [0, 0, 2, 0.75], "rotation": 180, "texture": "#9"},
				"down": {"uv": [0, 0, 2, 0.75], "texture": "#9"}
			}
		},
		{
			"name": "tendon",
			"from": [4.40978, 10.57124, 4.0699],
			"to": [7.26098, 11.09924, 4.3603],
			"rotation": {"angle": 22.5, "axis": "z", "origin": [5.67122, 5.3092, 4.2547]},
			"faces": {
				"north": {"uv": [14, 3, 15, 4], "rotation": 180, "texture": "#2_5"},
				"east": {"uv": [14, 0, 15, 1], "rotation": 270, "texture": "#2_5"},
				"south": {"uv": [14, 3, 15, 4], "texture": "#2_5"},
				"west": {"uv": [14, 0, 15, 1], "rotation": 90, "texture": "#2_5"},
				"up": {"uv": [14, 0, 15, 1], "rotation": 180, "texture": "#2_5"},
				"down": {"uv": [14, 0, 15, 1], "texture": "#2_5"}
			}
		},
		{
			"name": "tendon",
			"from": [0.68506, 4.8682, 4.0831],
			"to": [1.21306, 8.5114, 4.3471],
			"rotation": {"angle": -22.5, "axis": "z", "origin": [5.67122, 5.3092, 4.2547]},
			"faces": {
				"north": {"uv": [14, 0, 15, 1], "rotation": 270, "texture": "#2_5"},
				"east": {"uv": [14, 0, 15, 1], "rotation": 270, "texture": "#2_5"},
				"south": {"uv": [14, 0, 15, 1], "rotation": 270, "texture": "#2_5"},
				"west": {"uv": [14, 0, 15, 1], "rotation": 90, "texture": "#2_5"},
				"up": {"uv": [14, 0, 15, 1], "rotation": 180, "texture": "#2_5"},
				"down": {"uv": [14, 0, 15, 1], "texture": "#2_5"}
			}
		},
		{
			"name": "tendon",
			"from": [1.50578, 12.68324, 4.0699],
			"to": [5.67698, 13.21124, 4.3603],
			"rotation": {"angle": 22.5, "axis": "z", "origin": [5.67122, 5.3092, 4.2547]},
			"faces": {
				"north": {"uv": [14, 0, 15, 1], "rotation": 180, "texture": "#2_5"},
				"east": {"uv": [14, 0, 15, 1], "rotation": 270, "texture": "#2_5"},
				"south": {"uv": [14, 0, 15, 1], "texture": "#2_5"},
				"west": {"uv": [14, 0, 15, 1], "rotation": 90, "texture": "#2_5"},
				"up": {"uv": [14, 0, 15, 1], "rotation": 180, "texture": "#2_5"},
				"down": {"uv": [14, 0, 15, 1], "texture": "#2_5"}
			}
		},
		{
			"name": "tendon",
			"from": [-5.93357, 8.98338, 4.0831],
			"to": [-5.40557, 10.88418, 4.3471],
			"rotation": {"angle": 0, "axis": "z", "origin": [5.67122, 5.3092, 4.2547]},
			"faces": {
				"north": {"uv": [14, 0, 15, 1], "rotation": 270, "texture": "#2_5"},
				"east": {"uv": [14, 0, 15, 1], "rotation": 270, "texture": "#2_5"},
				"south": {"uv": [14, 0, 15, 1], "rotation": 270, "texture": "#2_5"},
				"west": {"uv": [14, 0, 15, 1], "rotation": 90, "texture": "#2_5"},
				"up": {"uv": [14, 0, 15, 1], "rotation": 180, "texture": "#2_5"},
				"down": {"uv": [14, 0, 15, 1], "texture": "#2_5"}
			}
		},
		{
			"name": "tendon",
			"from": [-7.18975, 6.01231, 4.0699],
			"to": [-6.66175, 7.95271, 4.3603],
			"rotation": {"angle": -22.5, "axis": "z", "origin": [5.67122, 5.3092, 4.2547]},
			"faces": {
				"north": {"uv": [14, 0, 15, 1], "rotation": 270, "texture": "#2_5"},
				"east": {"uv": [14, 0, 15, 1], "rotation": 270, "texture": "#2_5"},
				"south": {"uv": [14, 0, 15, 1], "rotation": 270, "texture": "#2_5"},
				"west": {"uv": [14, 0, 15, 1], "rotation": 90, "texture": "#2_5"},
				"up": {"uv": [14, 0, 15, 1], "rotation": 180, "texture": "#2_5"},
				"down": {"uv": [14, 0, 15, 1], "texture": "#2_5"}
			}
		},
		{
			"name": "tendon",
			"from": [-2.86178, 4.73058, 4.0831],
			"to": [-2.33378, 7.95138, 4.3471],
			"rotation": {"angle": -22.5, "axis": "z", "origin": [5.67122, 5.3092, 4.2547]},
			"faces": {
				"north": {"uv": [14, 0, 15, 1], "rotation": 270, "texture": "#2_5"},
				"east": {"uv": [14, 0, 15, 1], "rotation": 270, "texture": "#2_5"},
				"south": {"uv": [14, 0, 15, 1], "rotation": 270, "texture": "#2_5"},
				"west": {"uv": [14, 0, 15, 1], "rotation": 90, "texture": "#2_5"},
				"up": {"uv": [14, 0, 15, 1], "rotation": 180, "texture": "#2_5"},
				"down": {"uv": [14, 0, 15, 1], "texture": "#2_5"}
			}
		},
		{
			"name": "joint",
			"from": [10.44, 4.4919, 3.7135],
			"to": [12.024, 6.0759, 4.9695],
			"rotation": {"angle": 45, "axis": "z", "origin": [10.32878, 5.3092, 4.2547]},
			"faces": {
				"north": {"uv": [2, 1, 3, 0], "rotation": 270, "texture": "#3_5"},
				"east": {"uv": [3, 0, 2, 1], "rotation": 270, "texture": "#3_5"},
				"south": {"uv": [2, 1, 3, 0], "rotation": 270, "texture": "#3_5"},
				"west": {"uv": [3, 0, 2, 1], "rotation": 90, "texture": "#3_5"},
				"up": {"uv": [3, 0, 2, 1], "rotation": 180, "texture": "#3_5"},
				"down": {"uv": [3, 0, 2, 1], "texture": "#3_5"}
			}
		},
		{
			"name": "bone",
			"from": [10.56281, 6.2768, 3.8455],
			"to": [11.35481, 11.5568, 4.6375],
			"rotation": {"angle": 0, "axis": "z", "origin": [10.32878, 5.3092, 4.2547]},
			"faces": {
				"north": {"uv": [2, 1, 3, 0], "texture": "#3_5"},
				"east": {"uv": [3, 0, 2, 1], "rotation": 270, "texture": "#3_5"},
				"south": {"uv": [2, 1, 3, 0], "rotation": 180, "texture": "#3_5"},
				"west": {"uv": [3, 0, 2, 1], "rotation": 90, "texture": "#3_5"},
				"up": {"uv": [3, 0, 2, 1], "rotation": 180, "texture": "#3_5"},
				"down": {"uv": [3, 0, 2, 1], "texture": "#3_5"}
			}
		},
		{
			"name": "bone",
			"from": [12.94759, 10.20134, 3.8719],
			"to": [16.51159, 10.99334, 4.6375],
			"rotation": {"angle": 22.5, "axis": "z", "origin": [10.32878, 5.3092, 4.2547]},
			"faces": {
				"north": {"uv": [3, 0, 2, 1], "rotation": 180, "texture": "#3_5"},
				"east": {"uv": [3, 0, 2, 1], "rotation": 270, "texture": "#3_5"},
				"south": {"uv": [3, 0, 2, 1], "texture": "#3_5"},
				"west": {"uv": [3, 0, 2, 1], "rotation": 90, "texture": "#3_5"},
				"up": {"uv": [3, 0, 2, 1], "rotation": 180, "texture": "#3_5"},
				"down": {"uv": [3, 0, 2, 1], "texture": "#3_5"}
			}
		},
		{
			"name": "bone",
			"from": [13.81686, 12.13638, 3.8983],
			"to": [21.31446, 12.92838, 4.6375],
			"rotation": {"angle": 0, "axis": "z", "origin": [10.30017, 5.26638, 4.2811]},
			"faces": {
				"north": {"uv": [3, 0, 2, 1], "rotation": 180, "texture": "#3_5"},
				"east": {"uv": [3, 0, 2, 1], "rotation": 270, "texture": "#3_5"},
				"south": {"uv": [3, 0, 2, 1], "texture": "#3_5"},
				"west": {"uv": [3, 0, 2, 1], "rotation": 90, "texture": "#3_5"},
				"up": {"uv": [3, 0, 2, 1], "rotation": 180, "texture": "#3_5"},
				"down": {"uv": [3, 0, 2, 1], "texture": "#3_5"}
			}
		},
		{
			"name": "bone",
			"from": [17.54393, 15.76812, 3.9511],
			"to": [22.29593, 16.56012, 4.6375],
			"rotation": {"angle": -22.5, "axis": "z", "origin": [10.30018, 5.26638, 4.3075]},
			"faces": {
				"north": {"uv": [2, 1, 3, 0], "texture": "#3_5"},
				"east": {"uv": [3, 0, 2, 1], "rotation": 270, "texture": "#3_5"},
				"south": {"uv": [2, 1, 3, 0], "rotation": 180, "texture": "#3_5"},
				"west": {"uv": [3, 0, 2, 1], "rotation": 90, "texture": "#3_5"},
				"up": {"uv": [3, 0, 2, 1], "rotation": 180, "texture": "#3_5"},
				"down": {"uv": [3, 0, 2, 1], "texture": "#3_5"}
			}
		},
		{
			"name": "flap",
			"from": [12.024, -1.5801, 4.2679],
			"to": [24.96, 8.7159, 4.3079],
			"rotation": {"angle": 45, "axis": "z", "origin": [10.32878, 5.3092, 4.2547]},
			"faces": {
				"north": {"uv": [0, 16, 16, 0], "rotation": 270, "texture": "#3_9"},
				"east": {"uv": [10, 0, 0, 0.75], "rotation": 270, "texture": "#3_8"},
				"south": {"uv": [0, 16, 16, 0], "rotation": 270, "texture": "#3_8"},
				"west": {"uv": [10, 0, 0, 0.75], "rotation": 90, "texture": "#3_8"},
				"up": {"uv": [2, 0, 0, 0.75], "rotation": 180, "texture": "#3_8"},
				"down": {"uv": [2, 0, 0, 0.75], "texture": "#3_8"}
			}
		},
		{
			"name": "tendon",
			"from": [8.73902, 10.57124, 4.0699],
			"to": [11.59022, 11.09924, 4.3603],
			"rotation": {"angle": -22.5, "axis": "z", "origin": [10.32878, 5.3092, 4.2547]},
			"faces": {
				"north": {"uv": [14, 4, 15, 3], "texture": "#3_5"},
				"east": {"uv": [15, 0, 14, 1], "rotation": 270, "texture": "#3_5"},
				"south": {"uv": [14, 4, 15, 3], "rotation": 180, "texture": "#3_5"},
				"west": {"uv": [15, 0, 14, 1], "rotation": 90, "texture": "#3_5"},
				"up": {"uv": [15, 0, 14, 1], "rotation": 180, "texture": "#3_5"},
				"down": {"uv": [15, 0, 14, 1], "texture": "#3_5"}
			}
		},
		{
			"name": "tendon",
			"from": [14.78694, 4.8682, 4.0831],
			"to": [15.31494, 8.5114, 4.3471],
			"rotation": {"angle": 22.5, "axis": "z", "origin": [10.32878, 5.3092, 4.2547]},
			"faces": {
				"north": {"uv": [14, 1, 15, 0], "rotation": 270, "texture": "#3_5"},
				"east": {"uv": [15, 0, 14, 1], "rotation": 270, "texture": "#3_5"},
				"south": {"uv": [14, 1, 15, 0], "rotation": 270, "texture": "#3_5"},
				"west": {"uv": [15, 0, 14, 1], "rotation": 90, "texture": "#3_5"},
				"up": {"uv": [15, 0, 14, 1], "rotation": 180, "texture": "#3_5"},
				"down": {"uv": [15, 0, 14, 1], "texture": "#3_5"}
			}
		},
		{
			"name": "tendon",
			"from": [10.32302, 12.68324, 4.0699],
			"to": [14.49422, 13.21124, 4.3603],
			"rotation": {"angle": -22.5, "axis": "z", "origin": [10.32878, 5.3092, 4.2547]},
			"faces": {
				"north": {"uv": [14, 1, 15, 0], "texture": "#3_5"},
				"east": {"uv": [15, 0, 14, 1], "rotation": 270, "texture": "#3_5"},
				"south": {"uv": [14, 1, 15, 0], "rotation": 180, "texture": "#3_5"},
				"west": {"uv": [15, 0, 14, 1], "rotation": 90, "texture": "#3_5"},
				"up": {"uv": [15, 0, 14, 1], "rotation": 180, "texture": "#3_5"},
				"down": {"uv": [15, 0, 14, 1], "texture": "#3_5"}
			}
		},
		{
			"name": "tendon",
			"from": [21.40557, 8.98338, 4.0831],
			"to": [21.93357, 10.88418, 4.3471],
			"rotation": {"angle": 0, "axis": "z", "origin": [10.32878, 5.3092, 4.2547]},
			"faces": {
				"north": {"uv": [14, 1, 15, 0], "rotation": 270, "texture": "#3_5"},
				"east": {"uv": [15, 0, 14, 1], "rotation": 270, "texture": "#3_5"},
				"south": {"uv": [14, 1, 15, 0], "rotation": 270, "texture": "#3_5"},
				"west": {"uv": [15, 0, 14, 1], "rotation": 90, "texture": "#3_5"},
				"up": {"uv": [15, 0, 14, 1], "rotation": 180, "texture": "#3_5"},
				"down": {"uv": [15, 0, 14, 1], "texture": "#3_5"}
			}
		},
		{
			"name": "tendon",
			"from": [22.66175, 6.01231, 4.0699],
			"to": [23.18975, 7.95271, 4.3603],
			"rotation": {"angle": 22.5, "axis": "z", "origin": [10.32878, 5.3092, 4.2547]},
			"faces": {
				"north": {"uv": [14, 1, 15, 0], "rotation": 270, "texture": "#3_5"},
				"east": {"uv": [15, 0, 14, 1], "rotation": 270, "texture": "#3_5"},
				"south": {"uv": [14, 1, 15, 0], "rotation": 270, "texture": "#3_5"},
				"west": {"uv": [15, 0, 14, 1], "rotation": 90, "texture": "#3_5"},
				"up": {"uv": [15, 0, 14, 1], "rotation": 180, "texture": "#3_5"},
				"down": {"uv": [15, 0, 14, 1], "texture": "#3_5"}
			}
		},
		{
			"name": "tendon",
			"from": [18.33378, 4.73058, 4.0831],
			"to": [18.86178, 7.95138, 4.3471],
			"rotation": {"angle": 22.5, "axis": "z", "origin": [10.32878, 5.3092, 4.2547]},
			"faces": {
				"north": {"uv": [14, 1, 15, 0], "rotation": 270, "texture": "#3_5"},
				"east": {"uv": [15, 0, 14, 1], "rotation": 270, "texture": "#3_5"},
				"south": {"uv": [14, 1, 15, 0], "rotation": 270, "texture": "#3_5"},
				"west": {"uv": [15, 0, 14, 1], "rotation": 90, "texture": "#3_5"},
				"up": {"uv": [15, 0, 14, 1], "rotation": 180, "texture": "#3_5"},
				"down": {"uv": [15, 0, 14, 1], "texture": "#3_5"}
			}
		},
		{
			"name": "head",
			"from": [2.984, 0.0688, -11.1344],
			"to": [13.016, 10.1008, -0.0992],
			"rotation": {"angle": 22.5, "axis": "x", "origin": [8, 3.0784, 9.9328]},
			"faces": {
				"north": {"uv": [0, 0, 16, 16], "texture": "#4_6"},
				"east": {"uv": [0, 0, 16, 16], "texture": "#3"},
				"south": {"uv": [0, 0, 16, 16], "texture": "#4_6"},
				"west": {"uv": [0, 0, 16, 16], "texture": "#2"},
				"up": {"uv": [0, 0, 16, 16], "texture": "#4_6"},
				"down": {"uv": [0, 0, 16, 16], "texture": "#4_6"}
			}
		},
		{
			"name": "ear",
			"from": [6.78592, 12.2976, -0.112],
			"to": [8.79232, 14.304, 0.8912],
			"rotation": {"angle": 45, "axis": "z", "origin": [4.9904, 11.104, -3.6104]},
			"faces": {
				"north": {"uv": [2, 0, 3, 1], "texture": "#4_5"},
				"east": {"uv": [2, 0, 3, 1], "texture": "#4_5"},
				"south": {"uv": [2, 0, 3, 1], "texture": "#4_5"},
				"west": {"uv": [2, 0, 3, 1], "texture": "#4_5"},
				"up": {"uv": [2, 0, 3, 1], "texture": "#4_5"},
				"down": {"uv": [2, 0, 3, 1], "texture": "#4_5"}
			}
		},
		{
			"name": "ear",
			"from": [10.39744, 8.68608, -0.112],
			"to": [12.40384, 10.69248, 0.8912],
			"rotation": {"angle": 45, "axis": "z", "origin": [4.9904, 11.104, -3.6104]},
			"faces": {
				"north": {"uv": [2, 0, 3, 1], "texture": "#4_5"},
				"east": {"uv": [2, 0, 3, 1], "texture": "#4_5"},
				"south": {"uv": [2, 0, 3, 1], "texture": "#4_5"},
				"west": {"uv": [2, 0, 3, 1], "texture": "#4_5"},
				"up": {"uv": [2, 0, 3, 1], "texture": "#4_5"},
				"down": {"uv": [2, 0, 3, 1], "texture": "#4_5"}
			}
		},
		{
			"name": "snout",
			"from": [2.984, 0.0688, -12.1376],
			"to": [13.016, 5.0848, -11.1344],
			"rotation": {"angle": 22.5, "axis": "x", "origin": [8, 3.0784, 9.9328]},
			"faces": {
				"north": {"uv": [0, 8, 16, 16], "texture": "#4"},
				"east": {"uv": [0, 8, 2, 16], "texture": "#4_6"},
				"south": {"uv": [0, 8, 16, 16], "texture": "#4_6"},
				"west": {"uv": [0, 7, 2, 16], "texture": "#4_6"},
				"up": {"uv": [0, 14, 16, 16], "texture": "#4_6"},
				"down": {"uv": [0, 14, 16, 16], "texture": "#4_6"}
			}
		},
		{
			"name": "mouth",
			"from": [2.4824, -0.1948, -14.144],
			"to": [13.5176, 4.0688, -0.0992],
			"rotation": {"angle": -22.5, "axis": "x", "origin": [8, 3.8784, -0.4672]},
			"faces": {
				"north": {"uv": [1, 0, 13, 5], "texture": "#4_5"},
				"east": {"uv": [0, 0, 14, 5], "texture": "#4_5"},
				"south": {"uv": [1, 0, 13, 5], "texture": "#4_5"},
				"west": {"uv": [0, 0, 14, 5], "texture": "#4_5"},
				"up": {"uv": [3, 4, 13, 16], "texture": "#7"},
				"down": {"uv": [1, 0, 13, 14], "texture": "#4_5"}
			}
		},
		{
			"name": "tooth",
			"from": [11.5112, 4.0688, -14.144],
			"to": [12.5144, 5.072, -13.1408],
			"rotation": {"angle": -22.5, "axis": "x", "origin": [8, 3.8784, -0.4672]},
			"faces": {
				"north": {"uv": [13.5, 0, 15.75, 2], "texture": "#1"},
				"east": {"uv": [15, 1, 16, 2], "texture": "#1"},
				"south": {"uv": [14, 0.75, 16, 2.75], "texture": "#1"},
				"west": {"uv": [14.25, 1, 15.25, 2], "texture": "#1"},
				"up": {"uv": [14, 1, 15, 2], "texture": "#1"},
				"down": {"uv": [13.75, 0.75, 14.75, 1.75], "texture": "#1"}
			}
		},
		{
			"name": "tooth",
			"from": [3.4856, 4.0688, -14.144],
			"to": [4.4888, 5.072, -13.1408],
			"rotation": {"angle": -22.5, "axis": "x", "origin": [8, 3.8784, -0.4672]},
			"faces": {
				"north": {"uv": [13.5, 0, 15.75, 2], "texture": "#1"},
				"east": {"uv": [15, 1, 16, 2], "texture": "#1"},
				"south": {"uv": [14, 0.75, 16, 2.75], "texture": "#1"},
				"west": {"uv": [14.25, 1, 15.25, 2], "texture": "#1"},
				"up": {"uv": [14, 1, 15, 2], "texture": "#1"},
				"down": {"uv": [13.75, 0.75, 14.75, 1.75], "texture": "#1"}
			}
		}
	],
	"display": {
		"head": {
			"translation": [0, -25, 0],
			"scale": [1.25, 1.25, 1.25]
		}
	},
	"groups": [
		{
			"name": "body",
			"origin": [14.6, 5.28, 2.34],
			"children": [0, 1, 2, 3, 4, 5, 6, 7, 8, 9, 10, 11, 12, 13, 14, 15, 16, 17]
		},
		{
			"name": "dragtail",
			"origin": [8, 8, 8],
			"children": [
				{
					"name": "tail",
					"origin": [8, 4.95, 10.656],
					"children": [18, 19, 20]
				}
			]
		},
		{
			"name": "dragwingleft",
			"origin": [8, 8, 8],
			"children": [
				{
					"name": "dragonwingleft",
					"origin": [8, 8, 8],
					"children": [21, 22, 23, 24, 25, 26, 27, 28, 29, 30, 31, 32]
				}
			]
		},
		{
			"name": "dragwingright",
			"origin": [8, 8, 8],
			"children": [
				{
					"name": "dragonwingright",
					"origin": [8, 8, 8],
					"children": [33, 34, 35, 36, 37, 38, 39, 40, 41, 42, 43, 44]
				}
			]
		},
		{
			"name": "dragheadclosed",
			"origin": [8, 8, 8],
			"children": [
				{
					"name": "head",
					"origin": [8, 7.92, 5.64],
					"children": [45, 46, 47, 48, 49, 50, 51]
				}
			]
		}
	]
}