{
	"credit": "Made with Blockbench",
	"textures": {
		"0": "blocks/cardboard2",
		"1": "blocks/cardboard1",
		"particle": "blocks/cardboard2"
	},
	"elements": [
		{
			"from": [3, 0, 1],
			"to": [3.25, 6, 15],
			"faces": {
				"north": {"uv": [0, 0, 0.25, 6], "texture": "#0"},
				"east": {"uv": [0, 0, 14, 6], "texture": "#0"},
				"south": {"uv": [0, 0, 0.25, 6], "texture": "#0"},
				"west": {"uv": [1, 7, 15, 13], "texture": "#0"},
				"up": {"uv": [0, 0, 0.25, 14], "texture": "#0"},
				"down": {"uv": [0, 0, 0.25, 14], "texture": "#0"}
			}
		},
		{
			"from": [12.75, 0, 1],
			"to": [13, 6, 15],
			"faces": {
				"north": {"uv": [0, 0, 0.25, 6], "texture": "#0"},
				"east": {"uv": [2, 6, 16, 12], "texture": "#0"},
				"south": {"uv": [0, 0, 0.25, 6], "texture": "#0"},
				"west": {"uv": [1, 7, 15, 13], "texture": "#0"},
				"up": {"uv": [0, 0, 0.25, 14], "texture": "#0"},
				"down": {"uv": [0, 0, 0.25, 14], "texture": "#0"}
			}
		},
		{
			"from": [13, -0.25, 1],
			"to": [17, 0, 15],
			"rotation": {"angle": -22.5, "axis": "z", "origin": [13, 0, 8]},
			"faces": {
				"north": {"uv": [0, 0, 0.25, 6], "rotation": 90, "texture": "#0"},
				"east": {"uv": [0, 0, 0.25, 14], "rotation": 270, "texture": "#0"},
				"south": {"uv": [0, 0, 0.25, 6], "rotation": 270, "texture": "#0"},
				"west": {"uv": [0, 0, 0.25, 14], "rotation": 270, "texture": "#0"},
				"up": {"uv": [2, 11, 16, 16], "rotation": 270, "texture": "#0"},
				"down": {"uv": [1, 0, 15, 6], "rotation": 270, "texture": "#0"}
			}
		},
		{
			"from": [-1, -0.25, 1],
			"to": [3, 0, 15],
			"rotation": {"angle": 22.5, "axis": "z", "origin": [3, 0, 8]},
			"faces": {
				"north": {"uv": [0, 0, 0.25, 6], "rotation": 270, "texture": "#0"},
				"east": {"uv": [0, 0, 0.25, 14], "rotation": 90, "texture": "#0"},
				"south": {"uv": [0, 0, 0.25, 6], "rotation": 90, "texture": "#0"},
				"west": {"uv": [0, 0, 0.25, 14], "rotation": 90, "texture": "#0"},
				"up": {"uv": [1, 12, 15, 16], "rotation": 90, "texture": "#0"},
				"down": {"uv": [1, 0, 15, 5], "rotation": 90, "texture": "#0"}
			}
		},
		{
			"from": [3, 0, 1],
			"to": [13, 6, 1.25],
			"faces": {
				"north": {"uv": [1, 0, 15, 6], "texture": "#0"},
				"east": {"uv": [0, 0, 0.25, 6], "texture": "#0"},
				"south": {"uv": [1, 7, 15, 13], "texture": "#0"},
				"west": {"uv": [0, 0, 0.25, 6], "texture": "#0"},
				"up": {"uv": [0, 0, 0.25, 14], "rotation": 270, "texture": "#0"},
				"down": {"uv": [0, 0, 0.25, 14], "rotation": 90, "texture": "#0"}
			}
		},
		{
			"from": [3, 0, 15],
			"to": [13, 6, 15.25],
			"faces": {
				"north": {"uv": [1, 0, 15, 6], "texture": "#0"},
				"east": {"uv": [0, 0, 0.25, 6], "texture": "#0"},
				"south": {"uv": [1, 0, 15, 6], "texture": "#0"},
				"west": {"uv": [0, 0, 0.25, 6], "texture": "#0"},
				"up": {"uv": [0, 0, 0.25, 14], "rotation": 270, "texture": "#0"},
				"down": {"uv": [0, 0, 0.25, 14], "rotation": 90, "texture": "#0"}
			}
		},
		{
			"from": [3, 6, 1],
			"to": [13, 6.25, 15.25],
			"faces": {
				"north": {"uv": [1, 0, 15, 1], "texture": "#0"},
				"east": {"uv": [0, 0, 0.25, 6], "texture": "#0"},
				"south": {"uv": [1, 0, 15, 2], "texture": "#0"},
				"west": {"uv": [0, 0, 0.25, 6], "texture": "#0"},
				"up": {"uv": [1, 0, 15, 16], "rotation": 180, "texture": "#1"},
				"down": {"uv": [0, 0, 0.25, 14], "rotation": 90, "texture": "#0"}
			}
		}
	],
	"display": {
		"gui": {
			"rotation": [6, 0, 0],
			"translation": [0, 4, 0]
		},
		"head": {
			"rotation": [9, 0, 0],
			"translation": [0, 12, 0],
			"scale": [1.7, 1.7, 1.7]
		}
	}
}