{
    "__comment": "Model generated using MrCrayfish's Model Creator (https://mrcrayfish.com/tools?id=mc)",
    "textures": {
        "hardened_clay_yellow": "minecraft:blocks/hardened_clay_yellow"
    },
    "display": {
        "gui": {
            "rotation": [ 0, 0, 0 ],
            "translation": [ 0, -9, 0 ],
            "scale": [ 1, 1, 1 ]
        },
        "ground": {
            "rotation": [ 0, 0, 0 ],
            "translation": [ 0, 0, 0 ],
            "scale": [ 1, 1, 1 ]
        },
        "fixed": {
            "rotation": [ 0, 0, 0 ],
            "translation": [ 0, 0, 0 ],
            "scale": [ 1, 1, 1 ]
        },
        "head": {
            "rotation": [ 0, 180, 0 ],
            "translation": [ 0, 0, 0 ],
            "scale": [ 1, 1, 1 ]
        },
        "firstperson_righthand": {
            "rotation": [ 0, 0, 0 ],
            "translation": [ 0, 0, 0 ],
            "scale": [ 1, 1, 1 ]
        },
        "thirdperson_righthand": {
            "rotation": [ 0, 0, 0 ],
            "translation": [ 0, 0, 0 ],
            "scale": [ 1, 1, 1 ]
        }
    },
    "elements": [
        {
            "name": "Cube",
            "from": [ 1, 15, 5.1 ], 
            "to": [ 1.2, 17, 10.9 ], 
            "faces": {
                "north": { "texture": "#hardened_clay_yellow", "uv": [ 8, 4, 8.2, 6 ] },
                "east": { "texture": "#hardened_clay_yellow", "uv": [ 8, 4, 10, 6 ] },
                "south": { "texture": "#hardened_clay_yellow", "uv": [ 8, 4, 8.2, 6 ] },
                "west": { "texture": "#hardened_clay_yellow", "uv": [ 8, 4, 11, 6 ] },
                "up": { "texture": "#hardened_clay_yellow", "uv": [ 8, 4, 9.5, 6 ] },
                "down": { "texture": "#hardened_clay_yellow", "uv": [ 8, 4, 8.5, 7 ] }
            }
        },
        {
            "name": "Cube",
            "from": [ 5.1, 15, 1 ], 
            "to": [ 10.9, 17, 1.2 ], 
            "faces": {
                "north": { "texture": "#hardened_clay_yellow", "uv": [ 8, 4, 10, 6 ] },
                "east": { "texture": "#hardened_clay_yellow", "uv": [ 8, 4, 10, 6 ] },
                "south": { "texture": "#hardened_clay_yellow", "uv": [ 8, 4, 10, 6 ] },
                "west": { "texture": "#hardened_clay_yellow", "uv": [ 8, 4, 10, 6 ] },
                "up": { "texture": "#hardened_clay_yellow", "uv": [ 8, 4, 9.5, 6 ] },
                "down": { "texture": "#hardened_clay_yellow", "uv": [ 8, 4, 9.5, 6 ] }
            }
        },
        {
            "name": "Cube",
            "from": [ 14.8, 15, 5.1 ], 
            "to": [ 15, 17, 10.9 ], 
            "faces": {
                "north": { "texture": "#hardened_clay_yellow", "uv": [ 8, 4, 8.2, 6 ] },
                "east": { "texture": "#hardened_clay_yellow", "uv": [ 8, 4, 10, 6 ] },
                "south": { "texture": "#hardened_clay_yellow", "uv": [ 8, 4, 8.2, 6 ] },
                "west": { "texture": "#hardened_clay_yellow", "uv": [ 8, 4, 11, 6 ] },
                "up": { "texture": "#hardened_clay_yellow", "uv": [ 8, 4, 9.5, 6 ] },
                "down": { "texture": "#hardened_clay_yellow", "uv": [ 8, 4, 8.5, 7 ] }
            }
        },
        {
            "name": "Cube",
            "from": [ 5.1, 15, 14.8 ], 
            "to": [ 10.9, 17, 15 ], 
            "faces": {
                "north": { "texture": "#hardened_clay_yellow", "uv": [ 8, 4, 10, 6 ] },
                "east": { "texture": "#hardened_clay_yellow", "uv": [ 8, 4, 10, 6 ] },
                "south": { "texture": "#hardened_clay_yellow", "uv": [ 8, 4, 10, 6 ] },
                "west": { "texture": "#hardened_clay_yellow", "uv": [ 8, 4, 10, 6 ] },
                "up": { "texture": "#hardened_clay_yellow", "uv": [ 8, 4, 9.5, 6 ] },
                "down": { "texture": "#hardened_clay_yellow", "uv": [ 8, 4, 9.5, 6 ] }
            }
        },
        {
            "name": "Cube",
            "from": [ 1, 15, 5.1 ], 
            "to": [ 1.2, 17, 10.9 ], 
            "rotation": { "origin": [ 8.0, 8.0, 8.0 ], "axis": "y", "angle": 45.0 },
            "faces": {
                "north": { "texture": "#hardened_clay_yellow", "uv": [ 8, 4, 8.2, 6 ] },
                "east": { "texture": "#hardened_clay_yellow", "uv": [ 8, 4, 10, 6 ] },
                "south": { "texture": "#hardened_clay_yellow", "uv": [ 8, 4, 8.2, 6 ] },
                "west": { "texture": "#hardened_clay_yellow", "uv": [ 8, 4, 11, 6 ] },
                "up": { "texture": "#hardened_clay_yellow", "uv": [ 8, 4, 9.5, 6 ] },
                "down": { "texture": "#hardened_clay_yellow", "uv": [ 8, 4, 8.5, 7 ] }
            }
        },
        {
            "name": "Cube",
            "from": [ 1, 15, 5.1 ], 
            "to": [ 1.2, 17, 10.9 ], 
            "rotation": { "origin": [ 8.0, 8.0, 8.0 ], "axis": "y", "angle": -45.0 },
            "faces": {
                "north": { "texture": "#hardened_clay_yellow", "uv": [ 8, 4, 8.2, 6 ] },
                "east": { "texture": "#hardened_clay_yellow", "uv": [ 8, 4, 10, 6 ] },
                "south": { "texture": "#hardened_clay_yellow", "uv": [ 8, 4, 8.2, 6 ] },
                "west": { "texture": "#hardened_clay_yellow", "uv": [ 8, 4, 11, 6 ] },
                "up": { "texture": "#hardened_clay_yellow", "uv": [ 8, 4, 9.5, 6 ] },
                "down": { "texture": "#hardened_clay_yellow", "uv": [ 8, 4, 8.5, 7 ] }
            }
        },
        {
            "name": "Cube",
            "from": [ 14.8, 15, 5.1 ], 
            "to": [ 15, 17, 10.9 ], 
            "rotation": { "origin": [ 8.0, 1.0, 8.0 ], "axis": "y", "angle": -45.0 },
            "faces": {
                "north": { "texture": "#hardened_clay_yellow", "uv": [ 8, 4, 8.2, 6 ] },
                "east": { "texture": "#hardened_clay_yellow", "uv": [ 8, 4, 10, 6 ] },
                "south": { "texture": "#hardened_clay_yellow", "uv": [ 8, 4, 8.2, 6 ] },
                "west": { "texture": "#hardened_clay_yellow", "uv": [ 8, 4, 11, 6 ] },
                "up": { "texture": "#hardened_clay_yellow", "uv": [ 8, 4, 9.5, 6 ] },
                "down": { "texture": "#hardened_clay_yellow", "uv": [ 8, 4, 8.5, 7 ] }
            }
        },
        {
            "name": "Cube",
            "from": [ 14.8, 15, 5.1 ], 
            "to": [ 15, 17, 10.9 ], 
            "rotation": { "origin": [ 8.0, 1.0, 8.0 ], "axis": "y", "angle": 45.0 },
            "faces": {
                "north": { "texture": "#hardened_clay_yellow", "uv": [ 8, 4, 8.2, 6 ] },
                "east": { "texture": "#hardened_clay_yellow", "uv": [ 8, 4, 10, 6 ] },
                "south": { "texture": "#hardened_clay_yellow", "uv": [ 8, 4, 8.2, 6 ] },
                "west": { "texture": "#hardened_clay_yellow", "uv": [ 8, 4, 11, 6 ] },
                "up": { "texture": "#hardened_clay_yellow", "uv": [ 8, 4, 9.5, 6 ] },
                "down": { "texture": "#hardened_clay_yellow", "uv": [ 8, 4, 8.5, 7 ] }
            }
        },
        {
            "name": "Cube",
            "from": [ 6.1, 15.5, 14.5 ], 
            "to": [ 6.9, 16.3, 15.5 ], 
            "rotation": { "origin": [ 6.499999999999998, 16.0, 14.0 ], "axis": "z", "angle": -45.0 },
            "faces": {
                "north": { "texture": "#hardened_clay_yellow", "uv": [ 12, 4, 14, 6 ] },
                "east": { "texture": "#hardened_clay_yellow", "uv": [ 13, 4, 15, 6 ] },
                "south": { "texture": "#hardened_clay_yellow", "uv": [ 13, 4, 15, 6 ] },
                "west": { "texture": "#hardened_clay_yellow", "uv": [ 13, 5, 15, 7 ] },
                "up": { "texture": "#hardened_clay_yellow", "uv": [ 13, 5, 14.5, 7 ] },
                "down": { "texture": "#hardened_clay_yellow", "uv": [ 13, 5, 14.5, 7 ] }
            }
        },
        {
            "name": "Cube",
            "from": [ 8.3, 17.7, 14.5 ], 
            "to": [ 9.1, 18.5, 15.5 ], 
            "rotation": { "origin": [ 6.499999999999998, 16.0, 14.0 ], "axis": "z", "angle": -45.0 },
            "faces": {
                "north": { "texture": "#hardened_clay_yellow", "uv": [ 12, 4, 14, 6 ] },
                "east": { "texture": "#hardened_clay_yellow", "uv": [ 13, 4, 15, 6 ] },
                "south": { "texture": "#hardened_clay_yellow", "uv": [ 13, 4, 15, 6 ] },
                "west": { "texture": "#hardened_clay_yellow", "uv": [ 13, 5, 15, 7 ] },
                "up": { "texture": "#hardened_clay_yellow", "uv": [ 13, 5, 14.5, 7 ] },
                "down": { "texture": "#hardened_clay_yellow", "uv": [ 13, 5, 14.5, 7 ] }
            }
        },
        {
            "name": "Cube",
            "from": [ 6.1, 15.5, 0.5 ], 
            "to": [ 6.9, 16.3, 1.5 ], 
            "rotation": { "origin": [ 6.499999999999998, 16.0, 14.0 ], "axis": "z", "angle": -45.0 },
            "faces": {
                "north": { "texture": "#hardened_clay_yellow", "uv": [ 12, 4, 14, 6 ] },
                "east": { "texture": "#hardened_clay_yellow", "uv": [ 13, 4, 15, 6 ] },
                "south": { "texture": "#hardened_clay_yellow", "uv": [ 13, 4, 15, 6 ] },
                "west": { "texture": "#hardened_clay_yellow", "uv": [ 13, 5, 15, 7 ] },
                "up": { "texture": "#hardened_clay_yellow", "uv": [ 13, 5, 14.5, 7 ] },
                "down": { "texture": "#hardened_clay_yellow", "uv": [ 13, 5, 14.5, 7 ] }
            }
        },
        {
            "name": "Cube",
            "from": [ 8.3, 17.7, 0.5 ], 
            "to": [ 9.1, 18.5, 1.5 ], 
            "rotation": { "origin": [ 6.499999999999998, 16.0, 14.0 ], "axis": "z", "angle": -45.0 },
            "faces": {
                "north": { "texture": "#hardened_clay_yellow", "uv": [ 12, 4, 14, 6 ] },
                "east": { "texture": "#hardened_clay_yellow", "uv": [ 13, 4, 15, 6 ] },
                "south": { "texture": "#hardened_clay_yellow", "uv": [ 13, 4, 15, 6 ] },
                "west": { "texture": "#hardened_clay_yellow", "uv": [ 13, 5, 15, 7 ] },
                "up": { "texture": "#hardened_clay_yellow", "uv": [ 13, 5, 14.5, 7 ] },
                "down": { "texture": "#hardened_clay_yellow", "uv": [ 13, 5, 14.5, 7 ] }
            }
        },
        {
            "name": "Cube",
            "from": [ 14.5, 15.5, 9.1 ], 
            "to": [ 15.5, 16.3, 9.9 ], 
            "rotation": { "origin": [ 12.0, 16.0, 9.500000000000002 ], "axis": "x", "angle": -45.0 },
            "faces": {
                "north": { "texture": "#hardened_clay_yellow", "uv": [ 13, 4, 14, 4.8 ] },
                "east": { "texture": "#hardened_clay_yellow", "uv": [ 13, 4, 15, 6 ] },
                "south": { "texture": "#hardened_clay_yellow", "uv": [ 14, 4, 15, 4.8 ] },
                "west": { "texture": "#hardened_clay_yellow", "uv": [ 13, 4, 16, 6 ] },
                "up": { "texture": "#hardened_clay_yellow", "uv": [ 14, 4, 15.5, 6 ] },
                "down": { "texture": "#hardened_clay_yellow", "uv": [ 14, 4, 14.5, 7 ] }
            }
        },
        {
            "name": "Cube",
            "from": [ 14.5, 17.7, 6.9 ], 
            "to": [ 15.5, 18.5, 7.7 ], 
            "rotation": { "origin": [ 12.0, 16.0, 9.500000000000002 ], "axis": "x", "angle": -45.0 },
            "faces": {
                "north": { "texture": "#hardened_clay_yellow", "uv": [ 13, 4, 14, 4.8 ] },
                "east": { "texture": "#hardened_clay_yellow", "uv": [ 13, 4, 15, 6 ] },
                "south": { "texture": "#hardened_clay_yellow", "uv": [ 14, 4, 15, 4.8 ] },
                "west": { "texture": "#hardened_clay_yellow", "uv": [ 13, 4, 16, 6 ] },
                "up": { "texture": "#hardened_clay_yellow", "uv": [ 14, 4, 15.5, 6 ] },
                "down": { "texture": "#hardened_clay_yellow", "uv": [ 14, 4, 14.5, 7 ] }
            }
        },
        {
            "name": "Cube",
            "from": [ 0.5, 15.5, 9.1 ], 
            "to": [ 1.5, 16.3, 9.9 ], 
            "rotation": { "origin": [ 12.0, 16.0, 9.500000000000002 ], "axis": "x", "angle": -45.0 },
            "faces": {
                "north": { "texture": "#hardened_clay_yellow", "uv": [ 13, 4, 14, 4.8 ] },
                "east": { "texture": "#hardened_clay_yellow", "uv": [ 13, 4, 15, 6 ] },
                "south": { "texture": "#hardened_clay_yellow", "uv": [ 14, 4, 15, 4.8 ] },
                "west": { "texture": "#hardened_clay_yellow", "uv": [ 13, 4, 16, 6 ] },
                "up": { "texture": "#hardened_clay_yellow", "uv": [ 14, 4, 15.5, 6 ] },
                "down": { "texture": "#hardened_clay_yellow", "uv": [ 14, 4, 14.5, 7 ] }
            }
        },
        {
            "name": "Cube",
            "from": [ 0.5, 17.7, 6.9 ], 
            "to": [ 1.5, 18.5, 7.7 ], 
            "rotation": { "origin": [ 12.0, 16.0, 9.500000000000002 ], "axis": "x", "angle": -45.0 },
            "faces": {
                "north": { "texture": "#hardened_clay_yellow", "uv": [ 13, 4, 14, 4.8 ] },
                "east": { "texture": "#hardened_clay_yellow", "uv": [ 13, 4, 15, 6 ] },
                "south": { "texture": "#hardened_clay_yellow", "uv": [ 14, 4, 15, 4.8 ] },
                "west": { "texture": "#hardened_clay_yellow", "uv": [ 13, 4, 16, 6 ] },
                "up": { "texture": "#hardened_clay_yellow", "uv": [ 14, 4, 15.5, 6 ] },
                "down": { "texture": "#hardened_clay_yellow", "uv": [ 14, 4, 14.5, 7 ] }
            }
        },
        {
            "name": "Cube",
            "from": [ 14.8, 15.7, 7.7 ], 
            "to": [ 15.2, 16.3, 8.3 ], 
            "rotation": { "origin": [ 8.0, 1.0, 8.0 ], "axis": "y", "angle": 45.0 },
            "faces": {
                "north": { "texture": "#hardened_clay_yellow", "uv": [ 0, 15, 0.4, 15.6 ] },
                "east": { "texture": "#hardened_clay_yellow", "uv": [ 0, 14, 2, 16 ] },
                "south": { "texture": "#hardened_clay_yellow", "uv": [ 0, 15, 0.4, 15.6 ] },
                "west": { "texture": "#hardened_clay_yellow", "uv": [ 0, 14, 3, 16 ] },
                "up": { "texture": "#hardened_clay_yellow", "uv": [ 0, 14, 1.5, 16 ] },
                "down": { "texture": "#hardened_clay_yellow", "uv": [ 0, 13, 0.5, 16 ] }
            }
        },
        {
            "name": "Cube",
            "from": [ 0.8, 15.7, 7.7 ], 
            "to": [ 1.2, 16.3, 8.3 ], 
            "rotation": { "origin": [ 8.0, 1.0, 8.0 ], "axis": "y", "angle": 45.0 },
            "faces": {
                "north": { "texture": "#hardened_clay_yellow", "uv": [ 0, 15, 0.4, 15.6 ] },
                "east": { "texture": "#hardened_clay_yellow", "uv": [ 0, 14, 2, 16 ] },
                "south": { "texture": "#hardened_clay_yellow", "uv": [ 0, 15, 0.4, 15.6 ] },
                "west": { "texture": "#hardened_clay_yellow", "uv": [ 0, 14, 3, 16 ] },
                "up": { "texture": "#hardened_clay_yellow", "uv": [ 0, 14, 1.5, 16 ] },
                "down": { "texture": "#hardened_clay_yellow", "uv": [ 0, 13, 0.5, 16 ] }
            }
        },
        {
            "name": "Cube",
            "from": [ 7.7, 15.7, 0.8 ], 
            "to": [ 8.3, 16.3, 1.2 ], 
            "rotation": { "origin": [ 8.0, 1.0, 8.0 ], "axis": "y", "angle": 45.0 },
            "faces": {
                "north": { "texture": "#hardened_clay_yellow", "uv": [ 0, 15, 0.6, 15.6 ] },
                "east": { "texture": "#hardened_clay_yellow", "uv": [ 0, 14, 2, 16 ] },
                "south": { "texture": "#hardened_clay_yellow", "uv": [ 0, 15, 0.6, 15.6 ] },
                "west": { "texture": "#hardened_clay_yellow", "uv": [ 0, 14, 3, 16 ] },
                "up": { "texture": "#hardened_clay_yellow", "uv": [ 0, 14, 1.5, 16 ] },
                "down": { "texture": "#hardened_clay_yellow", "uv": [ 0, 13, 0.5, 16 ] }
            }
        },
        {
            "name": "Cube",
            "from": [ 7.7, 15.7, 14.8 ], 
            "to": [ 8.3, 16.3, 15.2 ], 
            "rotation": { "origin": [ 8.0, 1.0, 8.0 ], "axis": "y", "angle": 45.0 },
            "faces": {
                "north": { "texture": "#hardened_clay_yellow", "uv": [ 0, 15, 0.6, 15.6 ] },
                "east": { "texture": "#hardened_clay_yellow", "uv": [ 0, 14, 2, 16 ] },
                "south": { "texture": "#hardened_clay_yellow", "uv": [ 0, 15, 0.6, 15.6 ] },
                "west": { "texture": "#hardened_clay_yellow", "uv": [ 0, 14, 3, 16 ] },
                "up": { "texture": "#hardened_clay_yellow", "uv": [ 0, 14, 1.5, 16 ] },
                "down": { "texture": "#hardened_clay_yellow", "uv": [ 0, 13, 0.5, 16 ] }
            }
        },
        {
            "name": "Cube",
            "from": [ 7.8, 17, 14.7 ], 
            "to": [ 8.2, 19, 14.9 ], 
            "faces": {
                "north": { "texture": "#hardened_clay_yellow", "uv": [ 8, 4, 10, 6 ] },
                "east": { "texture": "#hardened_clay_yellow", "uv": [ 8, 4, 10, 6 ] },
                "south": { "texture": "#hardened_clay_yellow", "uv": [ 8, 4, 10, 6 ] },
                "west": { "texture": "#hardened_clay_yellow", "uv": [ 8, 4, 10, 6 ] },
                "up": { "texture": "#hardened_clay_yellow", "uv": [ 8, 4, 9.5, 6 ] },
                "down": { "texture": "#hardened_clay_yellow", "uv": [ 8, 4, 9.5, 6 ] }
            }
        },
        {
            "name": "Cube",
            "from": [ 7.8, 15.9, 14.7 ], 
            "to": [ 8.2, 18.9, 14.9 ], 
            "rotation": { "origin": [ 8.0, 19.0, 8.0 ], "axis": "z", "angle": -45.0 },
            "faces": {
                "north": { "texture": "#hardened_clay_yellow", "uv": [ 8, 4, 10, 6 ] },
                "east": { "texture": "#hardened_clay_yellow", "uv": [ 8, 4, 10, 6 ] },
                "south": { "texture": "#hardened_clay_yellow", "uv": [ 8, 4, 10, 6 ] },
                "west": { "texture": "#hardened_clay_yellow", "uv": [ 8, 4, 10, 6 ] },
                "up": { "texture": "#hardened_clay_yellow", "uv": [ 8, 4, 9.5, 6 ] },
                "down": { "texture": "#hardened_clay_yellow", "uv": [ 8, 4, 9.5, 6 ] }
            }
        },
        {
            "name": "Cube",
            "from": [ 7.8, 15.9, 14.7 ], 
            "to": [ 8.2, 18.9, 14.9 ], 
            "rotation": { "origin": [ 8.0, 19.0, 8.0 ], "axis": "z", "angle": 45.0 },
            "faces": {
                "north": { "texture": "#hardened_clay_yellow", "uv": [ 8, 4, 10, 6 ] },
                "east": { "texture": "#hardened_clay_yellow", "uv": [ 8, 4, 10, 6 ] },
                "south": { "texture": "#hardened_clay_yellow", "uv": [ 8, 4, 10, 6 ] },
                "west": { "texture": "#hardened_clay_yellow", "uv": [ 8, 4, 10, 6 ] },
                "up": { "texture": "#hardened_clay_yellow", "uv": [ 8, 4, 9.5, 6 ] },
                "down": { "texture": "#hardened_clay_yellow", "uv": [ 8, 4, 9.5, 6 ] }
            }
        },
        {
            "name": "Cube",
            "from": [ 7.4, 18.7, 14.6 ], 
            "to": [ 8.6, 19.9, 15.2 ], 
            "rotation": { "origin": [ 8.0, 19.299999999999997, 15.0 ], "axis": "z", "angle": -22.5 },
            "faces": {
                "north": { "texture": "#hardened_clay_yellow", "uv": [ 13, 9, 15, 11 ] },
                "east": { "texture": "#hardened_clay_yellow", "uv": [ 13, 9, 15, 11 ] },
                "south": { "texture": "#hardened_clay_yellow", "uv": [ 13, 9, 15, 11 ] },
                "west": { "texture": "#hardened_clay_yellow", "uv": [ 13, 9, 15, 11 ] },
                "up": { "texture": "#hardened_clay_yellow", "uv": [ 13, 9, 14.5, 11 ] },
                "down": { "texture": "#hardened_clay_yellow", "uv": [ 13, 9, 14.5, 11 ] }
            }
        },
        {
            "name": "Cube",
            "from": [ 7.8, 17, 1.1 ], 
            "to": [ 8.2, 19, 1.3 ], 
            "faces": {
                "north": { "texture": "#hardened_clay_yellow", "uv": [ 8, 4, 10, 6 ] },
                "east": { "texture": "#hardened_clay_yellow", "uv": [ 8, 4, 10, 6 ] },
                "south": { "texture": "#hardened_clay_yellow", "uv": [ 8, 4, 10, 6 ] },
                "west": { "texture": "#hardened_clay_yellow", "uv": [ 8, 4, 10, 6 ] },
                "up": { "texture": "#hardened_clay_yellow", "uv": [ 8, 4, 9.5, 6 ] },
                "down": { "texture": "#hardened_clay_yellow", "uv": [ 8, 4, 9.5, 6 ] }
            }
        },
        {
            "name": "Cube",
            "from": [ 7.8, 15.9, 1.1 ], 
            "to": [ 8.2, 18.9, 1.3 ], 
            "rotation": { "origin": [ 8.0, 19.0, 8.0 ], "axis": "z", "angle": 45.0 },
            "faces": {
                "north": { "texture": "#hardened_clay_yellow", "uv": [ 8, 4, 10, 6 ] },
                "east": { "texture": "#hardened_clay_yellow", "uv": [ 8, 4, 10, 6 ] },
                "south": { "texture": "#hardened_clay_yellow", "uv": [ 8, 4, 10, 6 ] },
                "west": { "texture": "#hardened_clay_yellow", "uv": [ 8, 4, 10, 6 ] },
                "up": { "texture": "#hardened_clay_yellow", "uv": [ 8, 4, 9.5, 6 ] },
                "down": { "texture": "#hardened_clay_yellow", "uv": [ 8, 4, 9.5, 6 ] }
            }
        },
        {
            "name": "Cube",
            "from": [ 7.8, 15.9, 1.1 ], 
            "to": [ 8.2, 18.9, 1.3 ], 
            "rotation": { "origin": [ 8.0, 19.0, 8.0 ], "axis": "z", "angle": -45.0 },
            "faces": {
                "north": { "texture": "#hardened_clay_yellow", "uv": [ 8, 4, 10, 6 ] },
                "east": { "texture": "#hardened_clay_yellow", "uv": [ 8, 4, 10, 6 ] },
                "south": { "texture": "#hardened_clay_yellow", "uv": [ 8, 4, 10, 6 ] },
                "west": { "texture": "#hardened_clay_yellow", "uv": [ 8, 4, 10, 6 ] },
                "up": { "texture": "#hardened_clay_yellow", "uv": [ 8, 4, 9.5, 6 ] },
                "down": { "texture": "#hardened_clay_yellow", "uv": [ 8, 4, 9.5, 6 ] }
            }
        },
        {
            "name": "Cube",
            "from": [ 14.8, 17, 9.1 ], 
            "to": [ 15, 18, 9.3 ], 
            "faces": {
                "north": { "texture": "#hardened_clay_yellow", "uv": [ 8, 4, 8.2, 5 ] },
                "east": { "texture": "#hardened_clay_yellow", "uv": [ 8, 4, 10, 6 ] },
                "south": { "texture": "#hardened_clay_yellow", "uv": [ 8, 4, 8.2, 5 ] },
                "west": { "texture": "#hardened_clay_yellow", "uv": [ 8, 4, 11, 6 ] },
                "up": { "texture": "#hardened_clay_yellow", "uv": [ 8, 4, 9.5, 6 ] }
            }
        },
        {
            "name": "Cube",
            "from": [ 14.8, 17, 6.7 ], 
            "to": [ 15, 18, 6.9 ], 
            "faces": {
                "north": { "texture": "#hardened_clay_yellow", "uv": [ 8, 4, 8.2, 5 ] },
                "east": { "texture": "#hardened_clay_yellow", "uv": [ 8, 4, 10, 6 ] },
                "south": { "texture": "#hardened_clay_yellow", "uv": [ 8, 4, 8.2, 5 ] },
                "west": { "texture": "#hardened_clay_yellow", "uv": [ 8, 4, 11, 6 ] },
                "up": { "texture": "#hardened_clay_yellow", "uv": [ 8, 4, 9.5, 6 ] }
            }
        },
        {
            "name": "Cube",
            "from": [ 14.7, 17.9, 8.9 ], 
            "to": [ 15.1, 18.5, 9.5 ], 
            "rotation": { "origin": [ 13.0, 18.2, 9.2 ], "axis": "x", "angle": -22.5 },
            "faces": {
                "north": { "texture": "#hardened_clay_yellow", "uv": [ 8, 12, 8.4, 12.6 ] },
                "east": { "texture": "#hardened_clay_yellow", "uv": [ 8, 12, 10, 14 ] },
                "south": { "texture": "#hardened_clay_yellow", "uv": [ 8, 12, 8.4, 12.6 ] },
                "west": { "texture": "#hardened_clay_yellow", "uv": [ 8, 12, 11, 14 ] },
                "up": { "texture": "#hardened_clay_yellow", "uv": [ 8, 12, 9.5, 14 ] },
                "down": { "texture": "#hardened_clay_yellow", "uv": [ 8, 12, 8.5, 15 ] }
            }
        },
        {
            "name": "Cube",
            "from": [ 14.7, 17.9, 6.5 ], 
            "to": [ 15.1, 18.5, 7.1 ], 
            "rotation": { "origin": [ 14.0, 18.2, 6.799999999999997 ], "axis": "x", "angle": 22.5 },
            "faces": {
                "north": { "texture": "#hardened_clay_yellow", "uv": [ 8, 12, 8.4, 12.6 ] },
                "east": { "texture": "#hardened_clay_yellow", "uv": [ 8, 12, 10, 14 ] },
                "south": { "texture": "#hardened_clay_yellow", "uv": [ 8, 12, 8.4, 12.6 ] },
                "west": { "texture": "#hardened_clay_yellow", "uv": [ 8, 12, 11, 14 ] },
                "up": { "texture": "#hardened_clay_yellow", "uv": [ 8, 12, 9.5, 14 ] },
                "down": { "texture": "#hardened_clay_yellow", "uv": [ 8, 12, 8.5, 15 ] }
            }
        },
        {
            "name": "Cube",
            "from": [ 7.4, 18.7, 14.7 ], 
            "to": [ 8.6, 19.9, 15.1 ], 
            "rotation": { "origin": [ 8.0, 19.299999999999997, 15.0 ], "axis": "z", "angle": 22.5 },
            "faces": {
                "north": { "texture": "#hardened_clay_yellow", "uv": [ 13, 9, 15, 11 ] },
                "east": { "texture": "#hardened_clay_yellow", "uv": [ 13, 9, 15, 11 ] },
                "south": { "texture": "#hardened_clay_yellow", "uv": [ 13, 9, 15, 11 ] },
                "west": { "texture": "#hardened_clay_yellow", "uv": [ 13, 9, 15, 11 ] },
                "up": { "texture": "#hardened_clay_yellow", "uv": [ 13, 9, 14.5, 11 ] },
                "down": { "texture": "#hardened_clay_yellow", "uv": [ 13, 9, 14.5, 11 ] }
            }
        },
        {
            "name": "Cube",
            "from": [ 7.4, 18.7, 1 ], 
            "to": [ 8.6, 19.9, 1.4 ], 
            "rotation": { "origin": [ 8.0, 19.299999999999997, 15.0 ], "axis": "z", "angle": 22.5 },
            "faces": {
                "north": { "texture": "#hardened_clay_yellow", "uv": [ 13, 9, 15, 11 ] },
                "east": { "texture": "#hardened_clay_yellow", "uv": [ 13, 9, 15, 11 ] },
                "south": { "texture": "#hardened_clay_yellow", "uv": [ 13, 9, 15, 11 ] },
                "west": { "texture": "#hardened_clay_yellow", "uv": [ 13, 9, 15, 11 ] },
                "up": { "texture": "#hardened_clay_yellow", "uv": [ 13, 9, 14.5, 11 ] },
                "down": { "texture": "#hardened_clay_yellow", "uv": [ 13, 9, 14.5, 11 ] }
            }
        },
        {
            "name": "Cube",
            "from": [ 7.4, 18.7, 0.9 ], 
            "to": [ 8.6, 19.9, 1.5 ], 
            "rotation": { "origin": [ 8.0, 19.299999999999997, 15.0 ], "axis": "z", "angle": -22.5 },
            "faces": {
                "north": { "texture": "#hardened_clay_yellow", "uv": [ 13, 9, 15, 11 ] },
                "east": { "texture": "#hardened_clay_yellow", "uv": [ 13, 9, 15, 11 ] },
                "south": { "texture": "#hardened_clay_yellow", "uv": [ 13, 9, 15, 11 ] },
                "west": { "texture": "#hardened_clay_yellow", "uv": [ 13, 9, 15, 11 ] },
                "up": { "texture": "#hardened_clay_yellow", "uv": [ 13, 9, 14.5, 11 ] },
                "down": { "texture": "#hardened_clay_yellow", "uv": [ 13, 9, 14.5, 11 ] }
            }
        },
        {
            "name": "Cube",
            "from": [ 0.9, 17.9, 6.5 ], 
            "to": [ 1.3, 18.5, 7.1 ], 
            "rotation": { "origin": [ 14.0, 18.2, 6.799999999999997 ], "axis": "x", "angle": 22.5 },
            "faces": {
                "north": { "texture": "#hardened_clay_yellow", "uv": [ 8, 12, 8.4, 12.6 ] },
                "east": { "texture": "#hardened_clay_yellow", "uv": [ 8, 12, 10, 14 ] },
                "south": { "texture": "#hardened_clay_yellow", "uv": [ 8, 12, 8.4, 12.6 ] },
                "west": { "texture": "#hardened_clay_yellow", "uv": [ 8, 12, 11, 14 ] },
                "up": { "texture": "#hardened_clay_yellow", "uv": [ 8, 12, 9.5, 14 ] },
                "down": { "texture": "#hardened_clay_yellow", "uv": [ 8, 12, 8.5, 15 ] }
            }
        },
        {
            "name": "Cube",
            "from": [ 1, 17, 6.7 ], 
            "to": [ 1.2, 18, 6.9 ], 
            "faces": {
                "north": { "texture": "#hardened_clay_yellow", "uv": [ 8, 4, 8.2, 5 ] },
                "east": { "texture": "#hardened_clay_yellow", "uv": [ 8, 4, 10, 6 ] },
                "south": { "texture": "#hardened_clay_yellow", "uv": [ 8, 4, 8.2, 5 ] },
                "west": { "texture": "#hardened_clay_yellow", "uv": [ 8, 4, 11, 6 ] },
                "up": { "texture": "#hardened_clay_yellow", "uv": [ 8, 4, 9.5, 6 ] },
                "down": { "texture": "#hardened_clay_yellow", "uv": [ 8, 4, 8.5, 7 ] }
            }
        },
        {
            "name": "Cube",
            "from": [ 1, 17, 9.1 ], 
            "to": [ 1.2, 18, 9.3 ], 
            "faces": {
                "north": { "texture": "#hardened_clay_yellow", "uv": [ 8, 4, 8.2, 5 ] },
                "east": { "texture": "#hardened_clay_yellow", "uv": [ 8, 4, 10, 6 ] },
                "south": { "texture": "#hardened_clay_yellow", "uv": [ 8, 4, 8.2, 5 ] },
                "west": { "texture": "#hardened_clay_yellow", "uv": [ 8, 4, 11, 6 ] },
                "up": { "texture": "#hardened_clay_yellow", "uv": [ 8, 4, 9.5, 6 ] }
            }
        },
        {
            "name": "Cube",
            "from": [ 0.9, 17.9, 8.9 ], 
            "to": [ 1.3, 18.5, 9.5 ], 
            "rotation": { "origin": [ 13.0, 18.2, 9.2 ], "axis": "x", "angle": -22.5 },
            "faces": {
                "north": { "texture": "#hardened_clay_yellow", "uv": [ 8, 12, 8.4, 12.6 ] },
                "east": { "texture": "#hardened_clay_yellow", "uv": [ 8, 12, 10, 14 ] },
                "south": { "texture": "#hardened_clay_yellow", "uv": [ 8, 12, 8.4, 12.6 ] },
                "west": { "texture": "#hardened_clay_yellow", "uv": [ 8, 12, 11, 14 ] },
                "up": { "texture": "#hardened_clay_yellow", "uv": [ 8, 12, 9.5, 14 ] },
                "down": { "texture": "#hardened_clay_yellow", "uv": [ 8, 12, 8.5, 15 ] }
            }
        },
        {
            "name": "Cube",
            "from": [ 1, 17, 6.7 ], 
            "to": [ 1.2, 18, 6.9 ], 
            "rotation": { "origin": [ 8.0, 1.0, 8.0 ], "axis": "y", "angle": -45.0 },
            "faces": {
                "north": { "texture": "#hardened_clay_yellow", "uv": [ 8, 4, 8.2, 5 ] },
                "east": { "texture": "#hardened_clay_yellow", "uv": [ 8, 4, 10, 6 ] },
                "south": { "texture": "#hardened_clay_yellow", "uv": [ 8, 4, 8.2, 5 ] },
                "west": { "texture": "#hardened_clay_yellow", "uv": [ 8, 4, 11, 6 ] },
                "up": { "texture": "#hardened_clay_yellow", "uv": [ 8, 4, 9.5, 6 ] },
                "down": { "texture": "#hardened_clay_yellow", "uv": [ 8, 4, 8.5, 7 ] }
            }
        },
        {
            "name": "Cube",
            "from": [ 1, 17, 9.1 ], 
            "to": [ 1.2, 18, 9.3 ], 
            "rotation": { "origin": [ 8.0, 1.0, 8.0 ], "axis": "y", "angle": -45.0 },
            "faces": {
                "north": { "texture": "#hardened_clay_yellow", "uv": [ 8, 4, 8.2, 5 ] },
                "east": { "texture": "#hardened_clay_yellow", "uv": [ 8, 4, 10, 6 ] },
                "south": { "texture": "#hardened_clay_yellow", "uv": [ 8, 4, 8.2, 5 ] },
                "west": { "texture": "#hardened_clay_yellow", "uv": [ 8, 4, 11, 6 ] },
                "up": { "texture": "#hardened_clay_yellow", "uv": [ 8, 4, 9.5, 6 ] },
                "down": { "texture": "#hardened_clay_yellow", "uv": [ 8, 4, 8.5, 7 ] }
            }
        },
        {
            "name": "Cube",
            "from": [ 1, 17, 9.1 ], 
            "to": [ 1.2, 18, 9.3 ], 
            "rotation": { "origin": [ 8.0, 1.0, 8.0 ], "axis": "y", "angle": 45.0 },
            "faces": {
                "north": { "texture": "#hardened_clay_yellow", "uv": [ 8, 4, 8.2, 5 ] },
                "east": { "texture": "#hardened_clay_yellow", "uv": [ 8, 4, 10, 6 ] },
                "south": { "texture": "#hardened_clay_yellow", "uv": [ 8, 4, 8.2, 5 ] },
                "west": { "texture": "#hardened_clay_yellow", "uv": [ 8, 4, 11, 6 ] },
                "up": { "texture": "#hardened_clay_yellow", "uv": [ 8, 4, 9.5, 6 ] },
                "down": { "texture": "#hardened_clay_yellow", "uv": [ 8, 4, 8.5, 7 ] }
            }
        },
        {
            "name": "Cube",
            "from": [ 1, 17, 6.7 ], 
            "to": [ 1.2, 18, 6.9 ], 
            "rotation": { "origin": [ 8.0, 1.0, 8.0 ], "axis": "y", "angle": 45.0 },
            "faces": {
                "north": { "texture": "#hardened_clay_yellow", "uv": [ 8, 4, 8.2, 5 ] },
                "east": { "texture": "#hardened_clay_yellow", "uv": [ 8, 4, 10, 6 ] },
                "south": { "texture": "#hardened_clay_yellow", "uv": [ 8, 4, 8.2, 5 ] },
                "west": { "texture": "#hardened_clay_yellow", "uv": [ 8, 4, 11, 6 ] },
                "up": { "texture": "#hardened_clay_yellow", "uv": [ 8, 4, 9.5, 6 ] },
                "down": { "texture": "#hardened_clay_yellow", "uv": [ 8, 4, 8.5, 7 ] }
            }
        },
        {
            "name": "Cube",
            "from": [ 14.8, 17, 6.7 ], 
            "to": [ 15, 18, 6.9 ], 
            "rotation": { "origin": [ 8.0, 1.0, 8.0 ], "axis": "y", "angle": -45.0 },
            "faces": {
                "north": { "texture": "#hardened_clay_yellow", "uv": [ 8, 4, 8.2, 5 ] },
                "east": { "texture": "#hardened_clay_yellow", "uv": [ 8, 4, 10, 6 ] },
                "south": { "texture": "#hardened_clay_yellow", "uv": [ 8, 4, 8.2, 5 ] },
                "west": { "texture": "#hardened_clay_yellow", "uv": [ 8, 4, 11, 6 ] },
                "up": { "texture": "#hardened_clay_yellow", "uv": [ 8, 4, 9.5, 6 ] },
                "down": { "texture": "#hardened_clay_yellow", "uv": [ 8, 4, 8.5, 7 ] }
            }
        },
        {
            "name": "Cube",
            "from": [ 14.8, 17, 6.7 ], 
            "to": [ 15, 18, 6.9 ], 
            "rotation": { "origin": [ 8.0, 1.0, 8.0 ], "axis": "y", "angle": 45.0 },
            "faces": {
                "north": { "texture": "#hardened_clay_yellow", "uv": [ 8, 4, 8.2, 5 ] },
                "east": { "texture": "#hardened_clay_yellow", "uv": [ 8, 4, 10, 6 ] },
                "south": { "texture": "#hardened_clay_yellow", "uv": [ 8, 4, 8.2, 5 ] },
                "west": { "texture": "#hardened_clay_yellow", "uv": [ 8, 4, 11, 6 ] },
                "up": { "texture": "#hardened_clay_yellow", "uv": [ 8, 4, 9.5, 6 ] },
                "down": { "texture": "#hardened_clay_yellow", "uv": [ 8, 4, 8.5, 7 ] }
            }
        },
        {
            "name": "Cube",
            "from": [ 14.8, 17, 9.1 ], 
            "to": [ 15, 18, 9.3 ], 
            "rotation": { "origin": [ 8.0, 1.0, 8.0 ], "axis": "y", "angle": -45.0 },
            "faces": {
                "north": { "texture": "#hardened_clay_yellow", "uv": [ 8, 4, 8.2, 5 ] },
                "east": { "texture": "#hardened_clay_yellow", "uv": [ 8, 4, 10, 6 ] },
                "south": { "texture": "#hardened_clay_yellow", "uv": [ 8, 4, 8.2, 5 ] },
                "west": { "texture": "#hardened_clay_yellow", "uv": [ 8, 4, 11, 6 ] },
                "up": { "texture": "#hardened_clay_yellow", "uv": [ 8, 4, 9.5, 6 ] },
                "down": { "texture": "#hardened_clay_yellow", "uv": [ 8, 4, 8.5, 7 ] }
            }
        },
        {
            "name": "Cube",
            "from": [ 14.8, 17, 9.1 ], 
            "to": [ 15, 18, 9.3 ], 
            "rotation": { "origin": [ 8.0, 1.0, 8.0 ], "axis": "y", "angle": 45.0 },
            "faces": {
                "north": { "texture": "#hardened_clay_yellow", "uv": [ 8, 4, 8.2, 5 ] },
                "east": { "texture": "#hardened_clay_yellow", "uv": [ 8, 4, 10, 6 ] },
                "south": { "texture": "#hardened_clay_yellow", "uv": [ 8, 4, 8.2, 5 ] },
                "west": { "texture": "#hardened_clay_yellow", "uv": [ 8, 4, 11, 6 ] },
                "up": { "texture": "#hardened_clay_yellow", "uv": [ 8, 4, 9.5, 6 ] },
                "down": { "texture": "#hardened_clay_yellow", "uv": [ 8, 4, 8.5, 7 ] }
            }
        }
    ]
}