{
    "__comment": "Model generated using MrCrayfish's Model Creator (https://mrcrayfish.com/tools?id=mc)",
    "textures": {
        "diamondheart": "minecraft:blocks/diamondheart"
    },
    "display": {
        "gui": {
            "rotation": [ 0, 0, 0 ],
            "translation": [ 0, -14, 0 ],
            "scale": [ 1, 1, 1 ]
        },
        "ground": {
            "rotation": [ 0, 0, 0 ],
            "translation": [ 0, 0, 0 ],
            "scale": [ 1, 1, 1 ]
        },
        "fixed": {
            "rotation": [ 0, 0, 0 ],
            "translation": [ 0, 0, 0 ],
            "scale": [ 1, 1, 1 ]
        },
        "head": {
            "rotation": [ 0, 180, 0 ],
            "translation": [ 0, 0, 0 ],
            "scale": [ 1, 1, 1 ]
        },
        "firstperson_righthand": {
            "rotation": [ 0, 0, 0 ],
            "translation": [ 0, 0, 0 ],
            "scale": [ 1, 1, 1 ]
        },
        "thirdperson_righthand": {
            "rotation": [ 0, 0, 0 ],
            "translation": [ 0, 0, 0 ],
            "scale": [ 1, 1, 1 ]
        }
    },
    "elements": [
        {
            "name": "Cube",
            "from": [ 7.7, 18, 7.7 ], 
            "to": [ 8.3, 18.6, 8.3 ], 
            "faces": {
                "north": { "texture": "#diamondheart", "uv": [ 0, 0, 0.6, 0.6 ] },
                "east": { "texture": "#diamondheart", "uv": [ 0, 0, 0.6, 0.6 ] },
                "south": { "texture": "#diamondheart", "uv": [ 0, 0, 0.6, 0.6 ] },
                "west": { "texture": "#diamondheart", "uv": [ 0, 0, 0.6, 0.6 ] },
                "up": { "texture": "#diamondheart", "uv": [ 0, 0, 0.6, 0.6 ] },
                "down": { "texture": "#diamondheart", "uv": [ 0, 0, 0.6, 0.6 ] }
            }
        },
        {
            "name": "Cube",
            "from": [ 7.7, 18.6, 7.7 ], 
            "to": [ 8.3, 19.8, 8.3 ], 
            "faces": {
                "north": { "texture": "#diamondheart", "uv": [ 3, 0, 3.6, 1.2 ] },
                "east": { "texture": "#diamondheart", "uv": [ 3, 0, 3.6, 1.2 ] },
                "south": { "texture": "#diamondheart", "uv": [ 3, 0, 3.6, 1.2 ] },
                "west": { "texture": "#diamondheart", "uv": [ 4, 0, 4.6, 1.2 ] },
                "up": { "texture": "#diamondheart", "uv": [ 3, 0, 3.6, 0.6 ] },
                "down": { "texture": "#diamondheart", "uv": [ 3, 0, 3.6, 0.6 ] }
            }
        },
        {
            "name": "Cube",
            "from": [ 8.3, 19.2, 7.7 ], 
            "to": [ 8.9, 20.4, 8.3 ], 
            "faces": {
                "north": { "texture": "#diamondheart", "uv": [ 3, 0, 3.6, 1.2 ] },
                "east": { "texture": "#diamondheart", "uv": [ 3, 0, 3.6, 1.2 ] },
                "south": { "texture": "#diamondheart", "uv": [ 3, 0, 3.6, 1.2 ] },
                "west": { "texture": "#diamondheart", "uv": [ 4, 0, 4.6, 1.2 ] },
                "up": { "texture": "#diamondheart", "uv": [ 3, 0, 3.6, 0.6 ] },
                "down": { "texture": "#diamondheart", "uv": [ 3, 0, 3.6, 0.6 ] }
            }
        },
        {
            "name": "Cube",
            "from": [ 8.9, 19.8, 7.7 ], 
            "to": [ 9.5, 21, 8.3 ], 
            "faces": {
                "north": { "texture": "#diamondheart", "uv": [ 3, 0, 3.6, 1.2 ] },
                "east": { "texture": "#diamondheart", "uv": [ 3, 0, 3.6, 1.2 ] },
                "south": { "texture": "#diamondheart", "uv": [ 3, 0, 3.6, 1.2 ] },
                "west": { "texture": "#diamondheart", "uv": [ 4, 0, 4.6, 1.2 ] },
                "up": { "texture": "#diamondheart", "uv": [ 3, 0, 3.6, 0.6 ] },
                "down": { "texture": "#diamondheart", "uv": [ 3, 0, 3.6, 0.6 ] }
            }
        },
        {
            "name": "Cube",
            "from": [ 9.5, 20.4, 7.7 ], 
            "to": [ 10.1, 21.6, 8.3 ], 
            "faces": {
                "north": { "texture": "#diamondheart", "uv": [ 3, 0, 3.6, 1.2 ] },
                "east": { "texture": "#diamondheart", "uv": [ 3, 0, 3.6, 1.2 ] },
                "south": { "texture": "#diamondheart", "uv": [ 3, 0, 3.6, 1.2 ] },
                "west": { "texture": "#diamondheart", "uv": [ 4, 0, 4.6, 1.2 ] },
                "up": { "texture": "#diamondheart", "uv": [ 3, 0, 3.6, 0.6 ] },
                "down": { "texture": "#diamondheart", "uv": [ 3, 0, 3.6, 0.6 ] }
            }
        },
        {
            "name": "Cube",
            "from": [ 10.1, 21, 7.7 ], 
            "to": [ 10.7, 22.2, 8.3 ], 
            "faces": {
                "north": { "texture": "#diamondheart", "uv": [ 3, 0, 3.6, 1.2 ] },
                "east": { "texture": "#diamondheart", "uv": [ 3, 0, 3.6, 1.2 ] },
                "south": { "texture": "#diamondheart", "uv": [ 3, 0, 3.6, 1.2 ] },
                "west": { "texture": "#diamondheart", "uv": [ 4, 0, 4.6, 1.2 ] },
                "up": { "texture": "#diamondheart", "uv": [ 3, 0, 3.6, 0.6 ] },
                "down": { "texture": "#diamondheart", "uv": [ 3, 0, 3.6, 0.6 ] }
            }
        },
        {
            "name": "Cube",
            "from": [ 8.3, 18.6, 7.7 ], 
            "to": [ 8.9, 19.2, 8.3 ], 
            "faces": {
                "north": { "texture": "#diamondheart", "uv": [ 0, 0, 0.6, 0.6 ] },
                "east": { "texture": "#diamondheart", "uv": [ 0, 0, 0.6, 0.6 ] },
                "south": { "texture": "#diamondheart", "uv": [ 0, 0, 0.6, 0.6 ] },
                "up": { "texture": "#diamondheart", "uv": [ 0, 0, 0.6, 0.6 ] },
                "down": { "texture": "#diamondheart", "uv": [ 0, 0, 0.6, 0.6 ] }
            }
        },
        {
            "name": "Cube",
            "from": [ 8.9, 19.2, 7.7 ], 
            "to": [ 9.5, 19.8, 8.3 ], 
            "faces": {
                "north": { "texture": "#diamondheart", "uv": [ 0, 0, 0.6, 0.6 ] },
                "east": { "texture": "#diamondheart", "uv": [ 0, 0, 0.6, 0.6 ] },
                "south": { "texture": "#diamondheart", "uv": [ 0, 0, 0.6, 0.6 ] },
                "up": { "texture": "#diamondheart", "uv": [ 0, 0, 0.6, 0.6 ] },
                "down": { "texture": "#diamondheart", "uv": [ 0, 0, 0.6, 0.6 ] }
            }
        },
        {
            "name": "Cube",
            "from": [ 9.5, 19.8, 7.7 ], 
            "to": [ 10.1, 20.4, 8.3 ], 
            "faces": {
                "north": { "texture": "#diamondheart", "uv": [ 0, 0, 0.6, 0.6 ] },
                "east": { "texture": "#diamondheart", "uv": [ 0, 0, 0.6, 0.6 ] },
                "south": { "texture": "#diamondheart", "uv": [ 0, 0, 0.6, 0.6 ] },
                "up": { "texture": "#diamondheart", "uv": [ 0, 0, 0.6, 0.6 ] },
                "down": { "texture": "#diamondheart", "uv": [ 0, 0, 0.6, 0.6 ] }
            }
        },
        {
            "name": "Cube",
            "from": [ 10.1, 20.4, 7.7 ], 
            "to": [ 10.7, 21, 8.3 ], 
            "faces": {
                "north": { "texture": "#diamondheart", "uv": [ 0, 0, 0.6, 0.6 ] },
                "east": { "texture": "#diamondheart", "uv": [ 0, 0, 0.6, 0.6 ] },
                "south": { "texture": "#diamondheart", "uv": [ 0, 0, 0.6, 0.6 ] },
                "up": { "texture": "#diamondheart", "uv": [ 0, 0, 0.6, 0.6 ] },
                "down": { "texture": "#diamondheart", "uv": [ 0, 0, 0.6, 0.6 ] }
            }
        },
        {
            "name": "Cube",
            "from": [ 10.7, 21, 7.7 ], 
            "to": [ 11.3, 21.6, 8.3 ], 
            "faces": {
                "north": { "texture": "#diamondheart", "uv": [ 0, 0, 0.6, 0.6 ] },
                "east": { "texture": "#diamondheart", "uv": [ 0, 0, 0.6, 0.6 ] },
                "south": { "texture": "#diamondheart", "uv": [ 0, 0, 0.6, 0.6 ] },
                "up": { "texture": "#diamondheart", "uv": [ 0, 0, 0.6, 0.6 ] },
                "down": { "texture": "#diamondheart", "uv": [ 0, 0, 0.6, 0.6 ] }
            }
        },
        {
            "name": "Cube",
            "from": [ 11.3, 21.6, 7.7 ], 
            "to": [ 11.9, 22.2, 8.3 ], 
            "faces": {
                "north": { "texture": "#diamondheart", "uv": [ 0, 0, 0.6, 0.6 ] },
                "east": { "texture": "#diamondheart", "uv": [ 0, 0, 0.6, 0.6 ] },
                "south": { "texture": "#diamondheart", "uv": [ 0, 0, 0.6, 0.6 ] },
                "up": { "texture": "#diamondheart", "uv": [ 0, 0, 0.6, 0.6 ] },
                "down": { "texture": "#diamondheart", "uv": [ 0, 0, 0.6, 0.6 ] }
            }
        },
        {
            "name": "Cube",
            "from": [ 11.9, 22.2, 7.7 ], 
            "to": [ 12.5, 22.8, 8.3 ], 
            "faces": {
                "north": { "texture": "#diamondheart", "uv": [ 0, 0, 0.6, 0.6 ] },
                "east": { "texture": "#diamondheart", "uv": [ 0, 0, 0.6, 0.6 ] },
                "south": { "texture": "#diamondheart", "uv": [ 0, 0, 0.6, 0.6 ] },
                "up": { "texture": "#diamondheart", "uv": [ 0, 0, 0.6, 0.6 ] },
                "down": { "texture": "#diamondheart", "uv": [ 0, 0, 0.6, 0.6 ] }
            }
        },
        {
            "name": "Cube",
            "from": [ 11.9, 22.8, 7.7 ], 
            "to": [ 12.5, 23.4, 8.3 ], 
            "faces": {
                "north": { "texture": "#diamondheart", "uv": [ 0, 0, 0.6, 0.6 ] },
                "east": { "texture": "#diamondheart", "uv": [ 0, 0, 0.6, 0.6 ] },
                "south": { "texture": "#diamondheart", "uv": [ 0, 0, 0.6, 0.6 ] },
                "west": { "texture": "#diamondheart", "uv": [ 0, 0, 0.6, 0.6 ] },
                "up": { "texture": "#diamondheart", "uv": [ 0, 0, 0.6, 0.6 ] },
                "down": { "texture": "#diamondheart", "uv": [ 0, 0, 0.6, 0.6 ] }
            }
        },
        {
            "name": "Cube",
            "from": [ 12.5, 23.4, 7.7 ], 
            "to": [ 13.1, 25.2, 8.3 ], 
            "faces": {
                "north": { "texture": "#diamondheart", "uv": [ 0, 0, 0.6, 1.8 ] },
                "east": { "texture": "#diamondheart", "uv": [ 0, 0, 0.6, 1.8 ] },
                "south": { "texture": "#diamondheart", "uv": [ 0, 0, 0.6, 1.8 ] },
                "west": { "texture": "#diamondheart", "uv": [ 0, 0, 0.6, 1.8 ] },
                "up": { "texture": "#diamondheart", "uv": [ 0, 0, 0.6, 0.6 ] },
                "down": { "texture": "#diamondheart", "uv": [ 0, 0, 0.6, 0.6 ] }
            }
        },
        {
            "name": "Cube",
            "from": [ 11.9, 25.2, 7.7 ], 
            "to": [ 12.5, 26.4, 8.3 ], 
            "faces": {
                "north": { "texture": "#diamondheart", "uv": [ 0, 0, 0.6, 1.2 ] },
                "east": { "texture": "#diamondheart", "uv": [ 0, 0, 0.6, 1.2 ] },
                "south": { "texture": "#diamondheart", "uv": [ 0, 0, 0.6, 0.6 ] },
                "up": { "texture": "#diamondheart", "uv": [ 0, 0, 0.6, 0.6 ] },
                "down": { "texture": "#diamondheart", "uv": [ 0, 0, 0.6, 0.6 ] }
            }
        },
        {
            "name": "Cube",
            "from": [ 11.3, 26.4, 7.7 ], 
            "to": [ 11.9, 27, 8.3 ], 
            "faces": {
                "north": { "texture": "#diamondheart", "uv": [ 0, 0, 0.6, 0.6 ] },
                "east": { "texture": "#diamondheart", "uv": [ 0, 0, 0.6, 0.6 ] },
                "south": { "texture": "#diamondheart", "uv": [ 0, 0, 0.6, 0.6 ] },
                "up": { "texture": "#diamondheart", "uv": [ 0, 0, 0.6, 0.6 ] },
                "down": { "texture": "#diamondheart", "uv": [ 0, 0, 0.6, 0.6 ] }
            }
        },
        {
            "name": "Cube",
            "from": [ 8.9, 27, 7.7 ], 
            "to": [ 11.3, 27.6, 8.3 ], 
            "faces": {
                "north": { "texture": "#diamondheart", "uv": [ 0, 0, 2.4, 0.6 ] },
                "east": { "texture": "#diamondheart", "uv": [ 0, 0, 0.6, 0.6 ] },
                "south": { "texture": "#diamondheart", "uv": [ 0, 0, 2.4, 0.6 ] },
                "west": { "texture": "#diamondheart", "uv": [ 0, 0, 0.6, 0.6 ] },
                "up": { "texture": "#diamondheart", "uv": [ 0, 0, 2.4, 0.6 ] },
                "down": { "texture": "#diamondheart", "uv": [ 0, 0, 2.4, 0.6 ] }
            }
        },
        {
            "name": "Cube",
            "from": [ 8.3, 26.4, 7.7 ], 
            "to": [ 8.9, 27, 8.3 ], 
            "faces": {
                "north": { "texture": "#diamondheart", "uv": [ 0, 0, 0.6, 0.6 ] },
                "east": { "texture": "#diamondheart", "uv": [ 0, 0, 0.6, 0.6 ] },
                "south": { "texture": "#diamondheart", "uv": [ 0, 0, 0.6, 0.6 ] },
                "west": { "texture": "#diamondheart", "uv": [ 0, 0, 0.6, 0.6 ] },
                "up": { "texture": "#diamondheart", "uv": [ 0, 0, 0.6, 0.6 ] },
                "down": { "texture": "#diamondheart", "uv": [ 0, 0, 0.6, 0.6 ] }
            }
        },
        {
            "name": "Cube",
            "from": [ 7.7, 25.8, 7.7 ], 
            "to": [ 8.3, 26.4, 8.3 ], 
            "faces": {
                "north": { "texture": "#diamondheart", "uv": [ 0, 0, 0.6, 0.6 ] },
                "east": { "texture": "#diamondheart", "uv": [ 0, 0, 0.6, 0.6 ] },
                "south": { "texture": "#diamondheart", "uv": [ 0, 0, 0.6, 0.6 ] },
                "west": { "texture": "#diamondheart", "uv": [ 0, 0, 0.6, 0.6 ] },
                "up": { "texture": "#diamondheart", "uv": [ 0, 0, 0.6, 0.6 ] },
                "down": { "texture": "#diamondheart", "uv": [ 0, 0, 0.6, 0.6 ] }
            }
        },
        {
            "name": "Cube",
            "from": [ 7.1, 26.4, 7.7 ], 
            "to": [ 7.7, 27, 8.3 ], 
            "faces": {
                "north": { "texture": "#diamondheart", "uv": [ 0, 0, 0.6, 0.6 ] },
                "east": { "texture": "#diamondheart", "uv": [ 0, 0, 0.6, 0.6 ] },
                "south": { "texture": "#diamondheart", "uv": [ 0, 0, 0.6, 0.6 ] },
                "west": { "texture": "#diamondheart", "uv": [ 0, 0, 0.6, 0.6 ] },
                "up": { "texture": "#diamondheart", "uv": [ 0, 0, 0.6, 0.6 ] },
                "down": { "texture": "#diamondheart", "uv": [ 0, 0, 0.6, 0.6 ] }
            }
        },
        {
            "name": "Cube",
            "from": [ 4.7, 27, 7.7 ], 
            "to": [ 7.1, 27.6, 8.3 ], 
            "faces": {
                "north": { "texture": "#diamondheart", "uv": [ 0, 0, 2.4, 0.6 ] },
                "east": { "texture": "#diamondheart", "uv": [ 0, 0, 0.6, 0.6 ] },
                "south": { "texture": "#diamondheart", "uv": [ 0, 0, 2.4, 0.6 ] },
                "west": { "texture": "#diamondheart", "uv": [ 0, 0, 0.6, 0.6 ] },
                "up": { "texture": "#diamondheart", "uv": [ 0, 0, 2.4, 0.6 ] },
                "down": { "texture": "#diamondheart", "uv": [ 0, 0, 2.4, 0.6 ] }
            }
        },
        {
            "name": "Cube",
            "from": [ 4.1, 26.4, 7.7 ], 
            "to": [ 4.7, 27, 8.3 ], 
            "faces": {
                "north": { "texture": "#diamondheart", "uv": [ 0, 0, 0.6, 0.6 ] },
                "east": { "texture": "#diamondheart", "uv": [ 0, 0, 0.6, 0.6 ] },
                "south": { "texture": "#diamondheart", "uv": [ 0, 0, 0.6, 0.6 ] },
                "west": { "texture": "#diamondheart", "uv": [ 0, 0, 0.6, 0.6 ] },
                "up": { "texture": "#diamondheart", "uv": [ 0, 0, 0.6, 0.6 ] },
                "down": { "texture": "#diamondheart", "uv": [ 0, 0, 0.6, 0.6 ] }
            }
        },
        {
            "name": "Cube",
            "from": [ 3.5, 25.2, 7.7 ], 
            "to": [ 4.1, 26.4, 8.3 ], 
            "faces": {
                "north": { "texture": "#diamondheart", "uv": [ 0, 0, 0.6, 1.2 ] },
                "east": { "texture": "#diamondheart", "uv": [ 0, 0, 0.6, 1.2 ] },
                "south": { "texture": "#diamondheart", "uv": [ 0, 0, 0.6, 1.2 ] },
                "west": { "texture": "#diamondheart", "uv": [ 0, 0, 0.6, 1.2 ] },
                "up": { "texture": "#diamondheart", "uv": [ 0, 0, 0.6, 0.6 ] },
                "down": { "texture": "#diamondheart", "uv": [ 0, 0, 0.6, 0.6 ] }
            }
        },
        {
            "name": "Cube",
            "from": [ 2.9, 23.4, 7.7 ], 
            "to": [ 3.5, 25.2, 8.3 ], 
            "faces": {
                "north": { "texture": "#diamondheart", "uv": [ 0, 0, 0.6, 1.8 ] },
                "east": { "texture": "#diamondheart", "uv": [ 0, 0, 0.6, 1.8 ] },
                "south": { "texture": "#diamondheart", "uv": [ 0, 0, 0.6, 1.8 ] },
                "west": { "texture": "#diamondheart", "uv": [ 0, 0, 0.6, 1.8 ] },
                "up": { "texture": "#diamondheart", "uv": [ 0, 0, 0.6, 0.6 ] },
                "down": { "texture": "#diamondheart", "uv": [ 0, 0, 0.6, 0.6 ] }
            }
        },
        {
            "name": "Cube",
            "from": [ 3.5, 22.2, 7.7 ], 
            "to": [ 4.1, 23.4, 8.3 ], 
            "faces": {
                "north": { "texture": "#diamondheart", "uv": [ 0, 0, 0.6, 1.2 ] },
                "east": { "texture": "#diamondheart", "uv": [ 0, 0, 0.6, 1.2 ] },
                "south": { "texture": "#diamondheart", "uv": [ 0, 0, 0.6, 1.2 ] },
                "west": { "texture": "#diamondheart", "uv": [ 0, 0, 0.6, 1.2 ] },
                "up": { "texture": "#diamondheart", "uv": [ 0, 0, 0.6, 0.6 ] },
                "down": { "texture": "#diamondheart", "uv": [ 0, 0, 0.6, 0.6 ] }
            }
        },
        {
            "name": "Cube",
            "from": [ 4.1, 21.6, 7.7 ], 
            "to": [ 4.7, 22.2, 8.3 ], 
            "faces": {
                "north": { "texture": "#diamondheart", "uv": [ 0, 0, 0.6, 0.6 ] },
                "east": { "texture": "#diamondheart", "uv": [ 0, 0, 0.6, 0.6 ] },
                "south": { "texture": "#diamondheart", "uv": [ 0, 0, 0.6, 0.6 ] },
                "west": { "texture": "#diamondheart", "uv": [ 0, 0, 0.6, 0.6 ] },
                "up": { "texture": "#diamondheart", "uv": [ 0, 0, 0.6, 0.6 ] },
                "down": { "texture": "#diamondheart", "uv": [ 0, 0, 0.6, 0.6 ] }
            }
        },
        {
            "name": "Cube",
            "from": [ 4.7, 21, 7.7 ], 
            "to": [ 5.3, 21.6, 8.3 ], 
            "faces": {
                "north": { "texture": "#diamondheart", "uv": [ 0, 0, 0.6, 0.6 ] },
                "east": { "texture": "#diamondheart", "uv": [ 0, 0, 0.6, 0.6 ] },
                "south": { "texture": "#diamondheart", "uv": [ 0, 0, 0.6, 0.6 ] },
                "west": { "texture": "#diamondheart", "uv": [ 0, 0, 0.6, 0.6 ] },
                "up": { "texture": "#diamondheart", "uv": [ 0, 0, 0.6, 0.6 ] },
                "down": { "texture": "#diamondheart", "uv": [ 0, 0, 0.6, 0.6 ] }
            }
        },
        {
            "name": "Cube",
            "from": [ 5.3, 20.4, 7.7 ], 
            "to": [ 5.9, 21, 8.3 ], 
            "faces": {
                "north": { "texture": "#diamondheart", "uv": [ 0, 0, 0.6, 0.6 ] },
                "east": { "texture": "#diamondheart", "uv": [ 0, 0, 0.6, 0.6 ] },
                "south": { "texture": "#diamondheart", "uv": [ 0, 0, 0.6, 0.6 ] },
                "west": { "texture": "#diamondheart", "uv": [ 0, 0, 0.6, 0.6 ] },
                "up": { "texture": "#diamondheart", "uv": [ 0, 0, 0.6, 0.6 ] },
                "down": { "texture": "#diamondheart", "uv": [ 0, 0, 0.6, 0.6 ] }
            }
        },
        {
            "name": "Cube",
            "from": [ 5.9, 19.8, 7.7 ], 
            "to": [ 6.5, 20.4, 8.3 ], 
            "faces": {
                "north": { "texture": "#diamondheart", "uv": [ 0, 0, 0.6, 0.6 ] },
                "east": { "texture": "#diamondheart", "uv": [ 0, 0, 0.6, 0.6 ] },
                "south": { "texture": "#diamondheart", "uv": [ 0, 0, 0.6, 0.6 ] },
                "west": { "texture": "#diamondheart", "uv": [ 0, 0, 0.6, 0.6 ] },
                "up": { "texture": "#diamondheart", "uv": [ 0, 0, 0.6, 0.6 ] },
                "down": { "texture": "#diamondheart", "uv": [ 0, 0, 0.6, 0.6 ] }
            }
        },
        {
            "name": "Cube",
            "from": [ 6.5, 19.2, 7.7 ], 
            "to": [ 7.1, 19.8, 8.3 ], 
            "faces": {
                "north": { "texture": "#diamondheart", "uv": [ 0, 0, 0.6, 0.6 ] },
                "east": { "texture": "#diamondheart", "uv": [ 0, 0, 0.6, 0.6 ] },
                "south": { "texture": "#diamondheart", "uv": [ 0, 0, 0.6, 0.6 ] },
                "west": { "texture": "#diamondheart", "uv": [ 0, 0, 0.6, 0.6 ] },
                "up": { "texture": "#diamondheart", "uv": [ 0, 0, 0.6, 0.6 ] },
                "down": { "texture": "#diamondheart", "uv": [ 0, 0, 0.6, 0.6 ] }
            }
        },
        {
            "name": "Cube",
            "from": [ 7.1, 18.6, 7.7 ], 
            "to": [ 7.7, 19.2, 8.3 ], 
            "faces": {
                "north": { "texture": "#diamondheart", "uv": [ 0, 0, 0.6, 0.6 ] },
                "east": { "texture": "#diamondheart", "uv": [ 0, 0, 0.6, 0.6 ] },
                "south": { "texture": "#diamondheart", "uv": [ 0, 0, 0.6, 0.6 ] },
                "west": { "texture": "#diamondheart", "uv": [ 0, 0, 0.6, 0.6 ] },
                "up": { "texture": "#diamondheart", "uv": [ 0, 0, 0.6, 0.6 ] },
                "down": { "texture": "#diamondheart", "uv": [ 0, 0, 0.6, 0.6 ] }
            }
        },
        {
            "name": "Cube",
            "from": [ 10.7, 21.6, 7.7 ], 
            "to": [ 11.3, 22.8, 8.3 ], 
            "faces": {
                "north": { "texture": "#diamondheart", "uv": [ 3, 0, 3.6, 1.2 ] },
                "east": { "texture": "#diamondheart", "uv": [ 3, 0, 3.6, 1.2 ] },
                "south": { "texture": "#diamondheart", "uv": [ 3, 0, 3.6, 1.2 ] },
                "west": { "texture": "#diamondheart", "uv": [ 4, 0, 4.6, 1.2 ] },
                "up": { "texture": "#diamondheart", "uv": [ 3, 0, 3.6, 0.6 ] },
                "down": { "texture": "#diamondheart", "uv": [ 3, 0, 3.6, 0.6 ] }
            }
        },
        {
            "name": "Cube",
            "from": [ 11.3, 22.2, 7.7 ], 
            "to": [ 11.9, 23.4, 8.3 ], 
            "faces": {
                "north": { "texture": "#diamondheart", "uv": [ 3, 0, 3.6, 1.2 ] },
                "east": { "texture": "#diamondheart", "uv": [ 3, 0, 3.6, 1.2 ] },
                "south": { "texture": "#diamondheart", "uv": [ 3, 0, 3.6, 1.2 ] },
                "west": { "texture": "#diamondheart", "uv": [ 4, 0, 4.6, 1.2 ] },
                "up": { "texture": "#diamondheart", "uv": [ 3, 0, 3.6, 0.6 ] },
                "down": { "texture": "#diamondheart", "uv": [ 3, 0, 3.6, 0.6 ] }
            }
        },
        {
            "name": "Cube",
            "from": [ 11.9, 23.4, 7.7 ], 
            "to": [ 12.5, 24, 8.3 ], 
            "faces": {
                "north": { "texture": "#diamondheart", "uv": [ 3, 0, 3.6, 0.6 ] },
                "south": { "texture": "#diamondheart", "uv": [ 3, 0, 3.6, 0.6 ] },
                "up": { "texture": "#diamondheart", "uv": [ 3, 0, 3.6, 0.6 ] },
                "down": { "texture": "#diamondheart", "uv": [ 3, 0, 3.6, 0.6 ] }
            }
        },
        {
            "name": "Cube",
            "from": [ 9.5, 22.8, 7.7 ], 
            "to": [ 10.7, 23.4, 8.3 ], 
            "faces": {
                "north": { "texture": "#diamondheart", "uv": [ 3, 0, 4.2, 0.6 ] },
                "east": { "texture": "#diamondheart", "uv": [ 3, 0, 3.6, 0.6 ] },
                "south": { "texture": "#diamondheart", "uv": [ 3, 0, 4.2, 0.6 ] },
                "up": { "texture": "#diamondheart", "uv": [ 3, 0, 4.2, 0.6 ] }
            }
        },
        {
            "name": "Cube",
            "from": [ 8.9, 21.6, 7.7 ], 
            "to": [ 9.5, 22.2, 8.3 ], 
            "faces": {
                "north": { "texture": "#diamondheart", "uv": [ 3, 0, 3.6, 0.6 ] },
                "east": { "texture": "#diamondheart", "uv": [ 3, 0, 3.6, 0.6 ] },
                "south": { "texture": "#diamondheart", "uv": [ 3, 0, 3.6, 0.6 ] },
                "up": { "texture": "#diamondheart", "uv": [ 3, 0, 3.6, 0.6 ] },
                "down": { "texture": "#diamondheart", "uv": [ 3, 0, 3.6, 0.6 ] }
            }
        },
        {
            "name": "Cube",
            "from": [ 6.5, 21.6, 7.7 ], 
            "to": [ 7.1, 22.2, 8.3 ], 
            "faces": {
                "north": { "texture": "#diamondheart", "uv": [ 3, 0, 3.6, 0.6 ] },
                "east": { "texture": "#diamondheart", "uv": [ 3, 0, 3.6, 0.6 ] },
                "south": { "texture": "#diamondheart", "uv": [ 3, 0, 3.6, 0.6 ] },
                "up": { "texture": "#diamondheart", "uv": [ 3, 0, 3.6, 0.6 ] },
                "down": { "texture": "#diamondheart", "uv": [ 3, 0, 3.6, 0.6 ] }
            }
        },
        {
            "name": "Cube",
            "from": [ 7.1, 19.2, 7.7 ], 
            "to": [ 7.7, 20.4, 8.3 ], 
            "faces": {
                "north": { "texture": "#diamondheart", "uv": [ 6, 0, 6.6, 1.2 ] },
                "east": { "texture": "#diamondheart", "uv": [ 6, 0, 6.6, 1.2 ] },
                "south": { "texture": "#diamondheart", "uv": [ 6, 0, 6.6, 1.2 ] },
                "west": { "texture": "#diamondheart", "uv": [ 6, 0, 6.6, 1.2 ] },
                "up": { "texture": "#diamondheart", "uv": [ 6, 0, 6.6, 0.6 ] },
                "down": { "texture": "#diamondheart", "uv": [ 6, 0, 6.6, 0.6 ] }
            }
        },
        {
            "name": "Cube",
            "from": [ 6.5, 19.8, 7.7 ], 
            "to": [ 7.1, 21, 8.3 ], 
            "faces": {
                "north": { "texture": "#diamondheart", "uv": [ 6, 0, 6.6, 1.2 ] },
                "east": { "texture": "#diamondheart", "uv": [ 6, 0, 6.6, 1.2 ] },
                "south": { "texture": "#diamondheart", "uv": [ 6, 0, 6.6, 1.2 ] },
                "west": { "texture": "#diamondheart", "uv": [ 6, 0, 6.6, 1.2 ] },
                "up": { "texture": "#diamondheart", "uv": [ 6, 0, 6.6, 0.6 ] },
                "down": { "texture": "#diamondheart", "uv": [ 6, 0, 6.6, 0.6 ] }
            }
        },
        {
            "name": "Cube",
            "from": [ 5.9, 20.4, 7.7 ], 
            "to": [ 6.5, 21.6, 8.3 ], 
            "faces": {
                "north": { "texture": "#diamondheart", "uv": [ 6, 0, 6.6, 1.2 ] },
                "east": { "texture": "#diamondheart", "uv": [ 6, 0, 6.6, 1.2 ] },
                "south": { "texture": "#diamondheart", "uv": [ 6, 0, 6.6, 1.2 ] },
                "west": { "texture": "#diamondheart", "uv": [ 6, 0, 6.6, 1.2 ] },
                "up": { "texture": "#diamondheart", "uv": [ 6, 0, 6.6, 0.6 ] },
                "down": { "texture": "#diamondheart", "uv": [ 6, 0, 6.6, 0.6 ] }
            }
        },
        {
            "name": "Cube",
            "from": [ 7.1, 22.2, 7.7 ], 
            "to": [ 8.9, 22.8, 8.3 ], 
            "faces": {
                "north": { "texture": "#diamondheart", "uv": [ 5, 0, 6.8, 0.6 ] },
                "east": { "texture": "#diamondheart", "uv": [ 6, 0, 6.6, 0.6 ] },
                "south": { "texture": "#diamondheart", "uv": [ 5, 0, 6.8, 0.6 ] },
                "west": { "texture": "#diamondheart", "uv": [ 6, 0, 6.6, 0.6 ] },
                "up": { "texture": "#diamondheart", "uv": [ 5, 0, 6.8, 0.6 ] },
                "down": { "texture": "#diamondheart", "uv": [ 5, 0, 6.8, 0.6 ] }
            }
        },
        {
            "name": "Cube",
            "from": [ 6.5, 22.8, 7.7 ], 
            "to": [ 7.1, 23.4, 8.3 ], 
            "faces": {
                "north": { "texture": "#diamondheart", "uv": [ 5, 0, 5.6, 0.6 ] },
                "east": { "texture": "#diamondheart", "uv": [ 6, 0, 6.6, 0.6 ] },
                "south": { "texture": "#diamondheart", "uv": [ 5, 0, 5.6, 0.6 ] },
                "west": { "texture": "#diamondheart", "uv": [ 6, 0, 6.6, 0.6 ] },
                "down": { "texture": "#diamondheart", "uv": [ 5, 0, 5.6, 0.6 ] }
            }
        },
        {
            "name": "Cube",
            "from": [ 8.9, 22.8, 7.7 ], 
            "to": [ 9.5, 24.6, 8.3 ], 
            "faces": {
                "north": { "texture": "#diamondheart", "uv": [ 5, 0, 5.6, 1.8 ] },
                "east": { "texture": "#diamondheart", "uv": [ 6, 0, 6.6, 1.8 ] },
                "south": { "texture": "#diamondheart", "uv": [ 5, 0, 5.6, 1.8 ] },
                "west": { "texture": "#diamondheart", "uv": [ 6, 0, 6.6, 1.8 ] },
                "up": { "texture": "#diamondheart", "uv": [ 5, 0, 5.6, 0.6 ] },
                "down": { "texture": "#diamondheart", "uv": [ 5, 0, 5.6, 0.6 ] }
            }
        },
        {
            "name": "Cube",
            "from": [ 5.3, 21, 7.7 ], 
            "to": [ 5.9, 22.2, 8.3 ], 
            "faces": {
                "north": { "texture": "#diamondheart", "uv": [ 8, 0, 8.6, 1.2 ] },
                "east": { "texture": "#diamondheart", "uv": [ 8, 0, 8.6, 1.2 ] },
                "south": { "texture": "#diamondheart", "uv": [ 8, 0, 8.6, 1.2 ] },
                "west": { "texture": "#diamondheart", "uv": [ 8, 0, 8.6, 1.2 ] },
                "up": { "texture": "#diamondheart", "uv": [ 8, 0, 8.6, 0.6 ] },
                "down": { "texture": "#diamondheart", "uv": [ 8, 0, 8.6, 0.6 ] }
            }
        },
        {
            "name": "Cube",
            "from": [ 4.7, 21.6, 7.7 ], 
            "to": [ 5.3, 22.8, 8.3 ], 
            "faces": {
                "north": { "texture": "#diamondheart", "uv": [ 8, 0, 8.6, 1.2 ] },
                "east": { "texture": "#diamondheart", "uv": [ 8, 0, 8.6, 1.2 ] },
                "south": { "texture": "#diamondheart", "uv": [ 8, 0, 8.6, 1.2 ] },
                "west": { "texture": "#diamondheart", "uv": [ 8, 0, 8.6, 1.2 ] },
                "up": { "texture": "#diamondheart", "uv": [ 8, 0, 8.6, 0.6 ] },
                "down": { "texture": "#diamondheart", "uv": [ 8, 0, 8.6, 0.6 ] }
            }
        },
        {
            "name": "Cube",
            "from": [ 4.1, 22.2, 7.7 ], 
            "to": [ 4.7, 23.4, 8.3 ], 
            "faces": {
                "north": { "texture": "#diamondheart", "uv": [ 8, 0, 8.6, 1.2 ] },
                "east": { "texture": "#diamondheart", "uv": [ 8, 0, 8.6, 1.2 ] },
                "south": { "texture": "#diamondheart", "uv": [ 8, 0, 8.6, 1.2 ] },
                "west": { "texture": "#diamondheart", "uv": [ 8, 0, 8.6, 1.2 ] },
                "up": { "texture": "#diamondheart", "uv": [ 8, 0, 8.6, 0.6 ] },
                "down": { "texture": "#diamondheart", "uv": [ 8, 0, 8.6, 0.6 ] }
            }
        },
        {
            "name": "Cube",
            "from": [ 3.5, 23.4, 7.7 ], 
            "to": [ 4.1, 25.2, 8.3 ], 
            "faces": {
                "north": { "texture": "#diamondheart", "uv": [ 8, 0, 8.6, 1.8 ] },
                "east": { "texture": "#diamondheart", "uv": [ 8, 0, 8.6, 1.8 ] },
                "south": { "texture": "#diamondheart", "uv": [ 8, 0, 8.6, 1.8 ] },
                "west": { "texture": "#diamondheart", "uv": [ 8, 0, 8.6, 1.8 ] },
                "up": { "texture": "#diamondheart", "uv": [ 8, 0, 8.6, 0.6 ] },
                "down": { "texture": "#diamondheart", "uv": [ 8, 0, 8.6, 0.6 ] }
            }
        },
        {
            "name": "Cube",
            "from": [ 11.9, 24, 7.7 ], 
            "to": [ 12.5, 25.2, 8.3 ], 
            "faces": {
                "north": { "texture": "#diamondheart", "uv": [ 8, 0, 8.6, 1.2 ] },
                "east": { "texture": "#diamondheart", "uv": [ 8, 0, 8.6, 1.2 ] },
                "south": { "texture": "#diamondheart", "uv": [ 8, 0, 8.6, 1.2 ] },
                "west": { "texture": "#diamondheart", "uv": [ 8, 0, 8.6, 1.2 ] },
                "up": { "texture": "#diamondheart", "uv": [ 8, 0, 8.6, 0.6 ] },
                "down": { "texture": "#diamondheart", "uv": [ 8, 0, 8.6, 0.6 ] }
            }
        },
        {
            "name": "Cube",
            "from": [ 11.3, 25.2, 7.7 ], 
            "to": [ 11.9, 26.4, 8.3 ], 
            "faces": {
                "north": { "texture": "#diamondheart", "uv": [ 8, 0, 8.6, 1.2 ] },
                "south": { "texture": "#diamondheart", "uv": [ 8, 0, 8.6, 1.2 ] },
                "west": { "texture": "#diamondheart", "uv": [ 8, 0, 8.6, 1.2 ] },
                "up": { "texture": "#diamondheart", "uv": [ 8, 0, 8.6, 0.6 ] },
                "down": { "texture": "#diamondheart", "uv": [ 8, 0, 8.6, 0.6 ] }
            }
        },
        {
            "name": "Cube",
            "from": [ 9.5, 26.4, 7.7 ], 
            "to": [ 11.3, 27, 8.3 ], 
            "faces": {
                "north": { "texture": "#diamondheart", "uv": [ 8, 0, 9.8, 0.6 ] },
                "south": { "texture": "#diamondheart", "uv": [ 8, 0, 9.8, 0.6 ] },
                "west": { "texture": "#diamondheart", "uv": [ 8, 0, 8.6, 0.6 ] },
                "up": { "texture": "#diamondheart", "uv": [ 8, 0, 9.8, 0.6 ] },
                "down": { "texture": "#diamondheart", "uv": [ 8, 0, 9.8, 0.6 ] }
            }
        },
        {
            "name": "Cube",
            "from": [ 9.5, 25.8, 7.7 ], 
            "to": [ 10.1, 26.4, 8.3 ], 
            "faces": {
                "north": { "texture": "#diamondheart", "uv": [ 8, 0, 8.6, 0.6 ] },
                "east": { "texture": "#diamondheart", "uv": [ 8, 0, 8.6, 0.6 ] },
                "south": { "texture": "#diamondheart", "uv": [ 8, 0, 8.6, 0.6 ] },
                "west": { "texture": "#diamondheart", "uv": [ 8, 0, 8.6, 0.6 ] },
                "up": { "texture": "#diamondheart", "uv": [ 8, 0, 8.6, 0.6 ] },
                "down": { "texture": "#diamondheart", "uv": [ 8, 0, 8.6, 0.6 ] }
            }
        },
        {
            "name": "Cube",
            "from": [ 8.9, 25.2, 7.7 ], 
            "to": [ 9.5, 25.8, 8.3 ], 
            "faces": {
                "north": { "texture": "#diamondheart", "uv": [ 8, 0, 8.6, 0.6 ] },
                "east": { "texture": "#diamondheart", "uv": [ 8, 0, 8.6, 0.6 ] },
                "south": { "texture": "#diamondheart", "uv": [ 8, 0, 8.6, 0.6 ] },
                "west": { "texture": "#diamondheart", "uv": [ 8, 0, 8.6, 0.6 ] },
                "up": { "texture": "#diamondheart", "uv": [ 8, 0, 8.6, 0.6 ] },
                "down": { "texture": "#diamondheart", "uv": [ 8, 0, 8.6, 0.6 ] }
            }
        },
        {
            "name": "Cube",
            "from": [ 7.7, 24.6, 7.7 ], 
            "to": [ 8.9, 25.2, 8.3 ], 
            "faces": {
                "north": { "texture": "#diamondheart", "uv": [ 8, 0, 9.2, 0.6 ] },
                "east": { "texture": "#diamondheart", "uv": [ 8, 0, 8.6, 0.6 ] },
                "south": { "texture": "#diamondheart", "uv": [ 8, 0, 9.2, 0.6 ] },
                "west": { "texture": "#diamondheart", "uv": [ 8, 0, 8.6, 0.6 ] },
                "up": { "texture": "#diamondheart", "uv": [ 8, 0, 9.2, 0.6 ] },
                "down": { "texture": "#diamondheart", "uv": [ 8, 0, 9.2, 0.6 ] }
            }
        },
        {
            "name": "Cube",
            "from": [ 7.1, 20.4, 7.7 ], 
            "to": [ 8.9, 22.2, 8.3 ], 
            "faces": {
                "north": { "texture": "#diamondheart", "uv": [ 11, 12, 11.8, 12.8 ] },
                "east": { "texture": "#diamondheart", "uv": [ 11, 12, 11.6, 12.8 ] },
                "south": { "texture": "#diamondheart", "uv": [ 11, 12, 11.8, 12.8 ] },
                "west": { "texture": "#diamondheart", "uv": [ 11, 12, 11.6, 12.8 ] },
                "up": { "texture": "#diamondheart", "uv": [ 11, 12, 11.8, 12.6 ] },
                "down": { "texture": "#diamondheart", "uv": [ 11, 12, 11.8, 12.6 ] }
            }
        },
        {
            "name": "Cube",
            "from": [ 6.5, 21, 7.7 ], 
            "to": [ 7.1, 21.6, 8.3 ], 
            "faces": {
                "north": { "texture": "#diamondheart", "uv": [ 11, 12, 11.8, 12.8 ] },
                "south": { "texture": "#diamondheart", "uv": [ 11, 12, 11.8, 12.8 ] },
                "west": { "texture": "#diamondheart", "uv": [ 11, 12, 11.6, 12.8 ] },
                "up": { "texture": "#diamondheart", "uv": [ 11, 12, 11.8, 12.6 ] },
                "down": { "texture": "#diamondheart", "uv": [ 11, 12, 11.8, 12.6 ] }
            }
        },
        {
            "name": "Cube",
            "from": [ 8.9, 21, 7.7 ], 
            "to": [ 9.5, 21.6, 8.3 ], 
            "faces": {
                "north": { "texture": "#diamondheart", "uv": [ 11, 12, 11.8, 12.8 ] },
                "east": { "texture": "#diamondheart", "uv": [ 11, 12, 11.6, 12.8 ] },
                "south": { "texture": "#diamondheart", "uv": [ 11, 12, 11.8, 12.8 ] },
                "up": { "texture": "#diamondheart", "uv": [ 11, 12, 11.8, 12.6 ] },
                "down": { "texture": "#diamondheart", "uv": [ 11, 12, 11.8, 12.6 ] }
            }
        },
        {
            "name": "Cube",
            "from": [ 7.7, 19.8, 7.7 ], 
            "to": [ 8.3, 20.4, 8.3 ], 
            "faces": {
                "north": { "texture": "#diamondheart", "uv": [ 11, 12, 11.8, 12.8 ] },
                "east": { "texture": "#diamondheart", "uv": [ 11, 12, 11.6, 12.8 ] },
                "south": { "texture": "#diamondheart", "uv": [ 11, 12, 11.8, 12.8 ] },
                "west": { "texture": "#diamondheart", "uv": [ 11, 12, 11.6, 12.8 ] },
                "up": { "texture": "#diamondheart", "uv": [ 11, 12, 11.8, 12.6 ] },
                "down": { "texture": "#diamondheart", "uv": [ 11, 12, 11.8, 12.6 ] }
            }
        },
        {
            "name": "Cube",
            "from": [ 8.9, 22.2, 7.7 ], 
            "to": [ 10.7, 22.8, 8.3 ], 
            "faces": {
                "north": { "texture": "#diamondheart", "uv": [ 11, 12, 11.8, 12.8 ] },
                "east": { "texture": "#diamondheart", "uv": [ 11, 12, 11.6, 12.8 ] },
                "south": { "texture": "#diamondheart", "uv": [ 11, 12, 11.8, 12.8 ] },
                "west": { "texture": "#diamondheart", "uv": [ 11, 12, 11.6, 12.8 ] },
                "up": { "texture": "#diamondheart", "uv": [ 11, 12, 11.8, 12.6 ] },
                "down": { "texture": "#diamondheart", "uv": [ 11, 12, 11.8, 12.6 ] }
            }
        },
        {
            "name": "Cube",
            "from": [ 9.5, 21.6, 7.7 ], 
            "to": [ 10.1, 22.2, 8.3 ], 
            "faces": {
                "north": { "texture": "#diamondheart", "uv": [ 11, 12, 11.8, 12.8 ] },
                "east": { "texture": "#diamondheart", "uv": [ 11, 12, 11.6, 12.8 ] },
                "south": { "texture": "#diamondheart", "uv": [ 11, 12, 11.8, 12.8 ] },
                "west": { "texture": "#diamondheart", "uv": [ 11, 12, 11.6, 12.8 ] },
                "up": { "texture": "#diamondheart", "uv": [ 11, 12, 11.8, 12.6 ] },
                "down": { "texture": "#diamondheart", "uv": [ 11, 12, 11.8, 12.6 ] }
            }
        },
        {
            "name": "Cube",
            "from": [ 9.5, 23.4, 7.7 ], 
            "to": [ 11.3, 25.8, 8.3 ], 
            "faces": {
                "north": { "texture": "#diamondheart", "uv": [ 11, 0, 11.8, 0.8 ] },
                "east": { "texture": "#diamondheart", "uv": [ 11, 0, 11.6, 0.8 ] },
                "south": { "texture": "#diamondheart", "uv": [ 11, 0, 11.8, 0.8 ] },
                "west": { "texture": "#diamondheart", "uv": [ 11, 0, 11.6, 0.8 ] },
                "up": { "texture": "#diamondheart", "uv": [ 11, 0, 11.8, 0.6 ] },
                "down": { "texture": "#diamondheart", "uv": [ 11, 0, 11.8, 0.6 ] }
            }
        },
        {
            "name": "Cube",
            "from": [ 11.3, 23.4, 7.7 ], 
            "to": [ 11.9, 25.2, 8.3 ], 
            "faces": {
                "north": { "texture": "#diamondheart", "uv": [ 11, 0, 11.8, 0.8 ] },
                "east": { "texture": "#diamondheart", "uv": [ 11, 0, 11.6, 0.8 ] },
                "south": { "texture": "#diamondheart", "uv": [ 11, 0, 11.8, 0.8 ] },
                "up": { "texture": "#diamondheart", "uv": [ 11, 0, 11.8, 0.6 ] },
                "down": { "texture": "#diamondheart", "uv": [ 11, 0, 11.8, 0.6 ] }
            }
        },
        {
            "name": "Cube",
            "from": [ 10.7, 22.8, 7.7 ], 
            "to": [ 11.3, 23.4, 8.3 ], 
            "faces": {
                "north": { "texture": "#diamondheart", "uv": [ 11, 0, 11.8, 0.8 ] },
                "east": { "texture": "#diamondheart", "uv": [ 11, 0, 11.6, 0.8 ] },
                "south": { "texture": "#diamondheart", "uv": [ 11, 0, 11.8, 0.8 ] },
                "west": { "texture": "#diamondheart", "uv": [ 11, 0, 11.6, 0.8 ] },
                "up": { "texture": "#diamondheart", "uv": [ 11, 0, 11.8, 0.6 ] },
                "down": { "texture": "#diamondheart", "uv": [ 11, 0, 11.8, 0.6 ] }
            }
        },
        {
            "name": "Cube",
            "from": [ 10.1, 25.8, 7.7 ], 
            "to": [ 11.3, 26.4, 8.3 ], 
            "faces": {
                "north": { "texture": "#diamondheart", "uv": [ 11, 0, 11.8, 0.8 ] },
                "south": { "texture": "#diamondheart", "uv": [ 11, 0, 11.8, 0.8 ] },
                "west": { "texture": "#diamondheart", "uv": [ 11, 0, 11.6, 0.8 ] },
                "up": { "texture": "#diamondheart", "uv": [ 11, 0, 11.8, 0.6 ] }
            }
        },
        {
            "name": "Cube",
            "from": [ 8.9, 24.6, 7.7 ], 
            "to": [ 9.5, 25.2, 8.3 ], 
            "faces": {
                "north": { "texture": "#diamondheart", "uv": [ 11, 0, 11.8, 0.8 ] },
                "south": { "texture": "#diamondheart", "uv": [ 11, 0, 11.8, 0.8 ] },
                "west": { "texture": "#diamondheart", "uv": [ 11, 0, 11.6, 0.8 ] },
                "up": { "texture": "#diamondheart", "uv": [ 11, 0, 11.8, 0.6 ] },
                "down": { "texture": "#diamondheart", "uv": [ 11, 0, 11.8, 0.6 ] }
            }
        },
        {
            "name": "Cube",
            "from": [ 5.9, 21.6, 7.7 ], 
            "to": [ 6.5, 23.4, 8.3 ], 
            "faces": {
                "north": { "texture": "#diamondheart", "uv": [ 11, 0, 11.8, 0.8 ] },
                "east": { "texture": "#diamondheart", "uv": [ 11, 0, 11.6, 0.8 ] },
                "south": { "texture": "#diamondheart", "uv": [ 11, 0, 11.8, 0.8 ] },
                "west": { "texture": "#diamondheart", "uv": [ 11, 0, 11.6, 0.8 ] },
                "up": { "texture": "#diamondheart", "uv": [ 11, 0, 11.8, 0.6 ] },
                "down": { "texture": "#diamondheart", "uv": [ 11, 0, 11.8, 0.6 ] }
            }
        },
        {
            "name": "Cube",
            "from": [ 5.3, 22.2, 7.7 ], 
            "to": [ 5.9, 22.8, 8.3 ], 
            "faces": {
                "north": { "texture": "#diamondheart", "uv": [ 11, 0, 11.8, 0.8 ] },
                "south": { "texture": "#diamondheart", "uv": [ 11, 0, 11.8, 0.8 ] },
                "west": { "texture": "#diamondheart", "uv": [ 11, 0, 11.6, 0.8 ] },
                "up": { "texture": "#diamondheart", "uv": [ 11, 0, 11.8, 0.6 ] },
                "down": { "texture": "#diamondheart", "uv": [ 11, 0, 11.8, 0.6 ] }
            }
        },
        {
            "name": "Cube",
            "from": [ 6.5, 22.2, 7.7 ], 
            "to": [ 7.1, 22.8, 8.3 ], 
            "faces": {
                "north": { "texture": "#diamondheart", "uv": [ 11, 0, 11.8, 0.8 ] },
                "east": { "texture": "#diamondheart", "uv": [ 11, 0, 11.6, 0.8 ] },
                "south": { "texture": "#diamondheart", "uv": [ 11, 0, 11.8, 0.8 ] },
                "up": { "texture": "#diamondheart", "uv": [ 11, 0, 11.8, 0.6 ] },
                "down": { "texture": "#diamondheart", "uv": [ 11, 0, 11.8, 0.6 ] }
            }
        },
        {
            "name": "Cube",
            "from": [ 7.1, 22.8, 7.7 ], 
            "to": [ 7.7, 23.4, 8.3 ], 
            "faces": {
                "north": { "texture": "#diamondheart", "uv": [ 6, 3, 6.8, 3.8 ] },
                "east": { "texture": "#diamondheart", "uv": [ 6, 4, 6.6, 4.8 ] },
                "south": { "texture": "#diamondheart", "uv": [ 6, 4, 6.8, 4.8 ] },
                "west": { "texture": "#diamondheart", "uv": [ 6, 4, 6.6, 4.8 ] },
                "up": { "texture": "#diamondheart", "uv": [ 6, 4, 6.8, 4.6 ] }
            }
        },
        {
            "name": "Cube",
            "from": [ 7.1, 24, 7.7 ], 
            "to": [ 7.7, 24.6, 8.3 ], 
            "faces": {
                "north": { "texture": "#diamondheart", "uv": [ 6, 3, 6.8, 3.8 ] },
                "east": { "texture": "#diamondheart", "uv": [ 6, 4, 6.6, 4.8 ] },
                "south": { "texture": "#diamondheart", "uv": [ 6, 4, 6.8, 4.8 ] },
                "up": { "texture": "#diamondheart", "uv": [ 6, 4, 6.8, 4.6 ] },
                "down": { "texture": "#diamondheart", "uv": [ 6, 3, 6.8, 3.6 ] }
            }
        },
        {
            "name": "Cube",
            "from": [ 7.7, 23.4, 7.7 ], 
            "to": [ 8.3, 24, 8.3 ], 
            "faces": {
                "north": { "texture": "#diamondheart", "uv": [ 6, 3, 6.8, 3.8 ] },
                "east": { "texture": "#diamondheart", "uv": [ 6, 4, 6.6, 4.8 ] },
                "south": { "texture": "#diamondheart", "uv": [ 6, 4, 6.8, 4.8 ] },
                "up": { "texture": "#diamondheart", "uv": [ 6, 4, 6.8, 4.6 ] },
                "down": { "texture": "#diamondheart", "uv": [ 6, 3, 6.8, 3.6 ] }
            }
        },
        {
            "name": "Cube",
            "from": [ 8.3, 22.8, 7.7 ], 
            "to": [ 8.9, 23.4, 8.3 ], 
            "faces": {
                "north": { "texture": "#diamondheart", "uv": [ 6, 3, 6.8, 3.8 ] },
                "east": { "texture": "#diamondheart", "uv": [ 6, 4, 6.6, 4.8 ] },
                "south": { "texture": "#diamondheart", "uv": [ 6, 4, 6.8, 4.8 ] },
                "up": { "texture": "#diamondheart", "uv": [ 6, 4, 6.8, 4.6 ] },
                "down": { "texture": "#diamondheart", "uv": [ 6, 3, 6.8, 3.6 ] }
            }
        },
        {
            "name": "Cube",
            "from": [ 8.3, 24, 7.7 ], 
            "to": [ 8.9, 24.6, 8.3 ], 
            "faces": {
                "north": { "texture": "#diamondheart", "uv": [ 3, 3, 3.8, 3.8 ] },
                "east": { "texture": "#diamondheart", "uv": [ 3, 4, 3.6, 4.8 ] },
                "south": { "texture": "#diamondheart", "uv": [ 3, 4, 3.8, 4.8 ] },
                "up": { "texture": "#diamondheart", "uv": [ 3, 4, 3.8, 4.6 ] },
                "down": { "texture": "#diamondheart", "uv": [ 3, 3, 3.8, 3.6 ] }
            }
        },
        {
            "name": "Cube",
            "from": [ 8.3, 25.8, 7.7 ], 
            "to": [ 8.9, 26.4, 8.3 ], 
            "faces": {
                "north": { "texture": "#diamondheart", "uv": [ 3, 3, 3.8, 3.8 ] },
                "east": { "texture": "#diamondheart", "uv": [ 3, 4, 3.6, 4.8 ] },
                "south": { "texture": "#diamondheart", "uv": [ 3, 4, 3.8, 4.8 ] },
                "west": { "texture": "#diamondheart", "uv": [ 3, 4, 3.6, 4.8 ] },
                "up": { "texture": "#diamondheart", "uv": [ 3, 4, 3.8, 4.6 ] },
                "down": { "texture": "#diamondheart", "uv": [ 3, 3, 3.8, 3.6 ] }
            }
        },
        {
            "name": "Cube",
            "from": [ 8.9, 26.4, 7.7 ], 
            "to": [ 9.5, 27, 8.3 ], 
            "faces": {
                "north": { "texture": "#diamondheart", "uv": [ 3, 3, 3.8, 3.8 ] },
                "east": { "texture": "#diamondheart", "uv": [ 3, 4, 3.6, 4.8 ] },
                "south": { "texture": "#diamondheart", "uv": [ 3, 4, 3.8, 4.8 ] },
                "west": { "texture": "#diamondheart", "uv": [ 3, 4, 3.6, 4.8 ] },
                "up": { "texture": "#diamondheart", "uv": [ 3, 4, 3.8, 4.6 ] },
                "down": { "texture": "#diamondheart", "uv": [ 3, 3, 3.8, 3.6 ] }
            }
        },
        {
            "name": "Cube",
            "from": [ 7.7, 25.2, 7.7 ], 
            "to": [ 8.3, 25.8, 8.3 ], 
            "faces": {
                "north": { "texture": "#diamondheart", "uv": [ 3, 3, 3.8, 3.8 ] },
                "east": { "texture": "#diamondheart", "uv": [ 3, 4, 3.6, 4.8 ] },
                "south": { "texture": "#diamondheart", "uv": [ 3, 4, 3.8, 4.8 ] },
                "up": { "texture": "#diamondheart", "uv": [ 3, 4, 3.8, 4.6 ] },
                "down": { "texture": "#diamondheart", "uv": [ 3, 3, 3.8, 3.6 ] }
            }
        },
        {
            "name": "Cube",
            "from": [ 7.1, 25.8, 7.7 ], 
            "to": [ 7.7, 26.4, 8.3 ], 
            "faces": {
                "north": { "texture": "#diamondheart", "uv": [ 3, 3, 3.8, 3.8 ] },
                "east": { "texture": "#diamondheart", "uv": [ 3, 4, 3.6, 4.8 ] },
                "south": { "texture": "#diamondheart", "uv": [ 3, 4, 3.8, 4.8 ] },
                "up": { "texture": "#diamondheart", "uv": [ 3, 4, 3.8, 4.6 ] },
                "down": { "texture": "#diamondheart", "uv": [ 3, 3, 3.8, 3.6 ] }
            }
        },
        {
            "name": "Cube",
            "from": [ 5.9, 26.4, 7.7 ], 
            "to": [ 7.1, 27, 8.3 ], 
            "faces": {
                "north": { "texture": "#diamondheart", "uv": [ 3, 3, 3.8, 3.8 ] },
                "east": { "texture": "#diamondheart", "uv": [ 3, 4, 3.6, 4.8 ] },
                "south": { "texture": "#diamondheart", "uv": [ 3, 4, 3.8, 4.8 ] },
                "west": { "texture": "#diamondheart", "uv": [ 3, 4, 3.6, 4.8 ] },
                "up": { "texture": "#diamondheart", "uv": [ 3, 4, 3.8, 4.6 ] },
                "down": { "texture": "#diamondheart", "uv": [ 3, 3, 3.8, 3.6 ] }
            }
        },
        {
            "name": "Cube",
            "from": [ 5.3, 25.8, 7.7 ], 
            "to": [ 5.9, 26.4, 8.3 ], 
            "faces": {
                "north": { "texture": "#diamondheart", "uv": [ 3, 3, 3.8, 3.8 ] },
                "east": { "texture": "#diamondheart", "uv": [ 3, 4, 3.6, 4.8 ] },
                "south": { "texture": "#diamondheart", "uv": [ 3, 4, 3.8, 4.8 ] },
                "down": { "texture": "#diamondheart", "uv": [ 3, 3, 3.8, 3.6 ] }
            }
        },
        {
            "name": "Cube",
            "from": [ 5.9, 25.2, 7.7 ], 
            "to": [ 6.5, 25.8, 8.3 ], 
            "faces": {
                "north": { "texture": "#diamondheart", "uv": [ 3, 3, 3.8, 3.8 ] },
                "east": { "texture": "#diamondheart", "uv": [ 3, 4, 3.6, 4.8 ] },
                "south": { "texture": "#diamondheart", "uv": [ 3, 4, 3.8, 4.8 ] },
                "up": { "texture": "#diamondheart", "uv": [ 3, 4, 3.8, 4.6 ] },
                "down": { "texture": "#diamondheart", "uv": [ 3, 3, 3.8, 3.6 ] }
            }
        },
        {
            "name": "Cube",
            "from": [ 4.1, 25.2, 7.7 ], 
            "to": [ 4.7, 25.8, 8.3 ], 
            "faces": {
                "north": { "texture": "#diamondheart", "uv": [ 3, 3, 3.8, 3.8 ] },
                "east": { "texture": "#diamondheart", "uv": [ 3, 4, 3.6, 4.8 ] },
                "south": { "texture": "#diamondheart", "uv": [ 3, 4, 3.8, 4.8 ] },
                "west": { "texture": "#diamondheart", "uv": [ 3, 4, 3.6, 4.8 ] },
                "down": { "texture": "#diamondheart", "uv": [ 3, 3, 3.8, 3.6 ] }
            }
        },
        {
            "name": "Cube",
            "from": [ 5.9, 23.4, 7.7 ], 
            "to": [ 7.1, 24, 8.3 ], 
            "faces": {
                "north": { "texture": "#diamondheart", "uv": [ 3, 3, 3.8, 3.8 ] },
                "south": { "texture": "#diamondheart", "uv": [ 3, 4, 3.8, 4.8 ] },
                "up": { "texture": "#diamondheart", "uv": [ 3, 4, 3.8, 4.6 ] },
                "down": { "texture": "#diamondheart", "uv": [ 3, 3, 3.8, 3.6 ] }
            }
        },
        {
            "name": "Cube",
            "from": [ 5.3, 22.8, 7.7 ], 
            "to": [ 5.9, 23.4, 8.3 ], 
            "faces": {
                "north": { "texture": "#diamondheart", "uv": [ 3, 3, 3.8, 3.8 ] },
                "east": { "texture": "#diamondheart", "uv": [ 3, 4, 3.6, 4.8 ] },
                "south": { "texture": "#diamondheart", "uv": [ 3, 4, 3.8, 4.8 ] },
                "up": { "texture": "#diamondheart", "uv": [ 3, 4, 3.8, 4.6 ] },
                "down": { "texture": "#diamondheart", "uv": [ 3, 3, 3.8, 3.6 ] }
            }
        },
        {
            "name": "Cube",
            "from": [ 4.1, 23.4, 7.7 ], 
            "to": [ 5.9, 25.2, 8.3 ], 
            "faces": {
                "north": { "texture": "#diamondheart", "uv": [ 1, 3, 1.8, 3.8 ] },
                "east": { "texture": "#diamondheart", "uv": [ 0, 3, 0.6, 3.8 ] },
                "south": { "texture": "#diamondheart", "uv": [ 0, 4, 0.8, 4.8 ] },
                "west": { "texture": "#diamondheart", "uv": [ 0, 4, 0.6, 4.8 ] },
                "up": { "texture": "#diamondheart", "uv": [ 0, 4, 0.8, 4.6 ] },
                "down": { "texture": "#diamondheart", "uv": [ 0, 3, 0.8, 3.6 ] }
            }
        },
        {
            "name": "Cube",
            "from": [ 4.7, 22.8, 7.7 ], 
            "to": [ 5.3, 23.4, 8.3 ], 
            "faces": {
                "north": { "texture": "#diamondheart", "uv": [ 1, 3, 1.8, 3.8 ] },
                "south": { "texture": "#diamondheart", "uv": [ 0, 4, 0.8, 4.8 ] },
                "west": { "texture": "#diamondheart", "uv": [ 0, 4, 0.6, 4.8 ] },
                "up": { "texture": "#diamondheart", "uv": [ 0, 4, 0.8, 4.6 ] },
                "down": { "texture": "#diamondheart", "uv": [ 0, 3, 0.8, 3.6 ] }
            }
        },
        {
            "name": "Cube",
            "from": [ 4.7, 25.2, 7.7 ], 
            "to": [ 5.9, 25.8, 8.3 ], 
            "faces": {
                "north": { "texture": "#diamondheart", "uv": [ 1, 3, 1.8, 3.8 ] },
                "south": { "texture": "#diamondheart", "uv": [ 0, 4, 0.8, 4.8 ] },
                "west": { "texture": "#diamondheart", "uv": [ 0, 4, 0.6, 4.8 ] },
                "up": { "texture": "#diamondheart", "uv": [ 0, 4, 0.8, 4.6 ] },
                "down": { "texture": "#diamondheart", "uv": [ 0, 3, 0.8, 3.6 ] }
            }
        },
        {
            "name": "Cube",
            "from": [ 4.7, 25.8, 7.7 ], 
            "to": [ 5.3, 26.4, 8.3 ], 
            "faces": {
                "north": { "texture": "#diamondheart", "uv": [ 1, 3, 1.8, 3.8 ] },
                "south": { "texture": "#diamondheart", "uv": [ 0, 4, 0.8, 4.8 ] },
                "west": { "texture": "#diamondheart", "uv": [ 0, 4, 0.6, 4.8 ] },
                "down": { "texture": "#diamondheart", "uv": [ 0, 3, 0.8, 3.6 ] }
            }
        },
        {
            "name": "Cube",
            "from": [ 5.9, 25.8, 7.7 ], 
            "to": [ 7.1, 26.4, 8.3 ], 
            "faces": {
                "north": { "texture": "#diamondheart", "uv": [ 1, 3, 1.8, 3.8 ] },
                "south": { "texture": "#diamondheart", "uv": [ 0, 4, 0.8, 4.8 ] },
                "west": { "texture": "#diamondheart", "uv": [ 0, 4, 0.6, 4.8 ] },
                "up": { "texture": "#diamondheart", "uv": [ 0, 4, 0.8, 4.6 ] },
                "down": { "texture": "#diamondheart", "uv": [ 0, 3, 0.8, 3.6 ] }
            }
        },
        {
            "name": "Cube",
            "from": [ 6.5, 25.2, 7.7 ], 
            "to": [ 7.7, 25.8, 8.3 ], 
            "faces": {
                "north": { "texture": "#diamondheart", "uv": [ 1, 3, 1.8, 3.8 ] },
                "south": { "texture": "#diamondheart", "uv": [ 0, 4, 0.8, 4.8 ] },
                "west": { "texture": "#diamondheart", "uv": [ 0, 4, 0.6, 4.8 ] },
                "up": { "texture": "#diamondheart", "uv": [ 0, 4, 0.8, 4.6 ] },
                "down": { "texture": "#diamondheart", "uv": [ 0, 3, 0.8, 3.6 ] }
            }
        },
        {
            "name": "Cube",
            "from": [ 8.3, 25.2, 7.7 ], 
            "to": [ 8.9, 25.8, 8.3 ], 
            "faces": {
                "north": { "texture": "#diamondheart", "uv": [ 1, 3, 1.8, 3.8 ] },
                "east": { "texture": "#diamondheart", "uv": [ 0, 3, 0.6, 3.8 ] },
                "south": { "texture": "#diamondheart", "uv": [ 0, 4, 0.8, 4.8 ] },
                "west": { "texture": "#diamondheart", "uv": [ 0, 4, 0.6, 4.8 ] },
                "up": { "texture": "#diamondheart", "uv": [ 0, 4, 0.8, 4.6 ] },
                "down": { "texture": "#diamondheart", "uv": [ 0, 3, 0.8, 3.6 ] }
            }
        },
        {
            "name": "Cube",
            "from": [ 8.9, 25.8, 7.7 ], 
            "to": [ 9.5, 26.4, 8.3 ], 
            "faces": {
                "north": { "texture": "#diamondheart", "uv": [ 1, 3, 1.8, 3.8 ] },
                "east": { "texture": "#diamondheart", "uv": [ 0, 3, 0.6, 3.8 ] },
                "south": { "texture": "#diamondheart", "uv": [ 0, 4, 0.8, 4.8 ] },
                "west": { "texture": "#diamondheart", "uv": [ 0, 4, 0.6, 4.8 ] },
                "up": { "texture": "#diamondheart", "uv": [ 0, 4, 0.8, 4.6 ] },
                "down": { "texture": "#diamondheart", "uv": [ 0, 3, 0.8, 3.6 ] }
            }
        },
        {
            "name": "Cube",
            "from": [ 5.9, 24, 7.7 ], 
            "to": [ 6.5, 25.2, 8.3 ], 
            "faces": {
                "north": { "texture": "#diamondheart", "uv": [ 1, 3, 1.8, 3.8 ] },
                "south": { "texture": "#diamondheart", "uv": [ 0, 4, 0.8, 4.8 ] },
                "west": { "texture": "#diamondheart", "uv": [ 0, 4, 0.6, 4.8 ] },
                "up": { "texture": "#diamondheart", "uv": [ 0, 4, 0.8, 4.6 ] },
                "down": { "texture": "#diamondheart", "uv": [ 0, 3, 0.8, 3.6 ] }
            }
        },
        {
            "name": "Cube",
            "from": [ 6.5, 24, 7.7 ], 
            "to": [ 7.1, 25.2, 8.3 ], 
            "faces": {
                "north": { "texture": "#diamondheart", "uv": [ 8, 3, 8.8, 3.8 ] },
                "east": { "texture": "#diamondheart", "uv": [ 8, 3, 8.6, 3.8 ] },
                "south": { "texture": "#diamondheart", "uv": [ 8, 4, 8.8, 4.8 ] },
                "up": { "texture": "#diamondheart", "uv": [ 8, 4, 8.8, 4.6 ] },
                "down": { "texture": "#diamondheart", "uv": [ 8, 3, 8.8, 3.6 ] }
            }
        },
        {
            "name": "Cube",
            "from": [ 7.1, 24.6, 7.7 ], 
            "to": [ 7.7, 25.2, 8.3 ], 
            "faces": {
                "north": { "texture": "#diamondheart", "uv": [ 8, 3, 8.8, 3.8 ] },
                "east": { "texture": "#diamondheart", "uv": [ 8, 3, 8.6, 3.8 ] },
                "south": { "texture": "#diamondheart", "uv": [ 8, 4, 8.8, 4.8 ] },
                "west": { "texture": "#diamondheart", "uv": [ 8, 4, 8.6, 4.8 ] },
                "up": { "texture": "#diamondheart", "uv": [ 8, 4, 8.8, 4.6 ] },
                "down": { "texture": "#diamondheart", "uv": [ 8, 3, 8.8, 3.6 ] }
            }
        },
        {
            "name": "Cube",
            "from": [ 7.7, 24, 7.7 ], 
            "to": [ 8.3, 24.6, 8.3 ], 
            "faces": {
                "north": { "texture": "#diamondheart", "uv": [ 8, 3, 8.8, 3.8 ] },
                "south": { "texture": "#diamondheart", "uv": [ 8, 4, 8.8, 4.8 ] },
                "west": { "texture": "#diamondheart", "uv": [ 8, 4, 8.6, 4.8 ] },
                "up": { "texture": "#diamondheart", "uv": [ 8, 4, 8.8, 4.6 ] },
                "down": { "texture": "#diamondheart", "uv": [ 8, 3, 8.8, 3.6 ] }
            }
        },
        {
            "name": "Cube",
            "from": [ 8.3, 23.4, 7.7 ], 
            "to": [ 8.9, 24, 8.3 ], 
            "faces": {
                "north": { "texture": "#diamondheart", "uv": [ 8, 3, 8.8, 3.8 ] },
                "south": { "texture": "#diamondheart", "uv": [ 8, 4, 8.8, 4.8 ] },
                "west": { "texture": "#diamondheart", "uv": [ 8, 4, 8.6, 4.8 ] },
                "up": { "texture": "#diamondheart", "uv": [ 8, 4, 8.8, 4.6 ] },
                "down": { "texture": "#diamondheart", "uv": [ 8, 3, 8.8, 3.6 ] }
            }
        },
        {
            "name": "Cube",
            "from": [ 7.1, 23.4, 7.7 ], 
            "to": [ 7.7, 24, 8.3 ], 
            "faces": {
                "north": { "texture": "#diamondheart", "uv": [ 8, 3, 8.8, 3.8 ] },
                "south": { "texture": "#diamondheart", "uv": [ 8, 4, 8.8, 4.8 ] },
                "up": { "texture": "#diamondheart", "uv": [ 8, 4, 8.8, 4.6 ] },
                "down": { "texture": "#diamondheart", "uv": [ 8, 3, 8.8, 3.6 ] }
            }
        },
        {
            "name": "Cube",
            "from": [ 7.7, 22.8, 7.7 ], 
            "to": [ 8.3, 23.4, 8.3 ], 
            "faces": {
                "north": { "texture": "#diamondheart", "uv": [ 8, 3, 8.8, 3.8 ] },
                "south": { "texture": "#diamondheart", "uv": [ 8, 4, 8.8, 4.8 ] },
                "west": { "texture": "#diamondheart", "uv": [ 8, 4, 8.6, 4.8 ] },
                "up": { "texture": "#diamondheart", "uv": [ 8, 4, 8.8, 4.6 ] }
            }
        },
        {
            "name": "Cube",
            "from": [ 4.7, 26.4, 7.7 ], 
            "to": [ 5.9, 27, 8.3 ], 
            "faces": {
                "north": { "texture": "#diamondheart", "uv": [ 8, 3, 8.8, 3.8 ] },
                "east": { "texture": "#diamondheart", "uv": [ 8, 3, 8.6, 3.8 ] },
                "south": { "texture": "#diamondheart", "uv": [ 8, 4, 8.8, 4.8 ] },
                "west": { "texture": "#diamondheart", "uv": [ 8, 4, 8.6, 4.8 ] },
                "up": { "texture": "#diamondheart", "uv": [ 8, 4, 8.8, 4.6 ] },
                "down": { "texture": "#diamondheart", "uv": [ 8, 3, 8.8, 3.6 ] }
            }
        },
        {
            "name": "Cube",
            "from": [ 4.1, 25.8, 7.7 ], 
            "to": [ 4.7, 26.4, 8.3 ], 
            "faces": {
                "north": { "texture": "#diamondheart", "uv": [ 8, 3, 8.8, 3.8 ] },
                "east": { "texture": "#diamondheart", "uv": [ 8, 3, 8.6, 3.8 ] },
                "south": { "texture": "#diamondheart", "uv": [ 8, 4, 8.8, 4.8 ] },
                "west": { "texture": "#diamondheart", "uv": [ 8, 4, 8.6, 4.8 ] },
                "up": { "texture": "#diamondheart", "uv": [ 8, 4, 8.8, 4.6 ] }
            }
        }
    ]
}