{
	"credit": "Made with Blockbench",
	"textures": {
		"1": "blocks/hardened_clay_yellow",
		"2": "blocks/greendragoneye1",
		"3": "blocks/greendragoneye2",
		"4": "blocks/greendragonnose",
		"5": "blocks/greendragonunderbelly",
		"6": "blocks/greendragon2",
		"7": "blocks/greendragonmouth"
	},
	"elements": [
		{
			"name": "head",
			"from": [4.7, 5.94, 3.78],
			"to": [11.3, 12.54, 11.04],
			"rotation": {"angle": 0, "axis": "y", "origin": [8, 7.92, 17.64]},
			"faces": {
				"north": {"uv": [0, 0, 16, 16], "texture": "#6"},
				"east": {"uv": [0, 0, 16, 16], "texture": "#3"},
				"south": {"uv": [0, 0, 16, 16], "texture": "#6"},
				"west": {"uv": [0, 0, 16, 16], "texture": "#2"},
				"up": {"uv": [0, 0, 16, 16], "texture": "#6"},
				"down": {"uv": [0, 0, 16, 16], "texture": "#6"}
			}
		},
		{
			"name": "ear",
			"from": [5.096, 11.88, 8.4],
			"to": [6.416, 13.2, 9.06],
			"rotation": {"angle": 45, "axis": "z", "origin": [6.02, 13.2, 8.73]},
			"faces": {
				"north": {"uv": [2, 0, 3, 1], "texture": "#5"},
				"east": {"uv": [2, 0, 3, 1], "texture": "#5"},
				"south": {"uv": [2, 0, 3, 1], "texture": "#5"},
				"west": {"uv": [2, 0, 3, 1], "texture": "#5"},
				"up": {"uv": [2, 0, 3, 1], "texture": "#5"},
				"down": {"uv": [2, 0, 3, 1], "texture": "#5"}
			}
		},
		{
			"name": "ear",
			"from": [7.472, 9.504, 8.4],
			"to": [8.792, 10.824, 9.06],
			"rotation": {"angle": 45, "axis": "z", "origin": [6.02, 13.2, 8.73]},
			"faces": {
				"north": {"uv": [2, 0, 3, 1], "texture": "#5"},
				"east": {"uv": [2, 0, 3, 1], "texture": "#5"},
				"south": {"uv": [2, 0, 3, 1], "texture": "#5"},
				"west": {"uv": [2, 0, 3, 1], "texture": "#5"},
				"up": {"uv": [2, 0, 3, 1], "texture": "#5"},
				"down": {"uv": [2, 0, 3, 1], "texture": "#5"}
			}
		},
		{
			"name": "snout",
			"from": [4.7, 5.94, 3.12],
			"to": [11.3, 9.24, 3.78],
			"rotation": {"angle": 0, "axis": "y", "origin": [8, 7.92, 17.64]},
			"faces": {
				"north": {"uv": [0, 8, 16, 16], "texture": "#4"},
				"east": {"uv": [0, 8, 2, 16], "texture": "#6"},
				"south": {"uv": [0, 8, 16, 16], "texture": "#6"},
				"west": {"uv": [0, 7, 2, 16], "texture": "#6"},
				"up": {"uv": [0, 14, 16, 16], "texture": "#6"},
				"down": {"uv": [0, 14, 16, 16], "texture": "#6"}
			}
		},
		{
			"name": "mouth",
			"from": [4.37, 3.135, 1.8],
			"to": [11.63, 5.94, 11.04],
			"rotation": {"angle": -22.5, "axis": "x", "origin": [8, 5.92, 11.04]},
			"faces": {
				"north": {"uv": [1, 0, 13, 5], "texture": "#5"},
				"east": {"uv": [0, 0, 14, 5], "texture": "#5"},
				"south": {"uv": [1, 0, 13, 5], "texture": "#5"},
				"west": {"uv": [0, 0, 14, 5], "texture": "#5"},
				"up": {"uv": [3, 4, 13, 16], "texture": "#7"},
				"down": {"uv": [1, 0, 13, 14], "texture": "#5"}
			}
		},
		{
			"name": "tooth",
			"from": [10.31, 5.94, 1.8],
			"to": [10.97, 6.6, 2.46],
			"rotation": {"angle": -22.5, "axis": "x", "origin": [8, 5.92, 11.04]},
			"faces": {
				"north": {"uv": [13.5, 0, 15.75, 2], "texture": "#1"},
				"east": {"uv": [15, 1, 16, 2], "texture": "#1"},
				"south": {"uv": [14, 0.75, 16, 2.75], "texture": "#1"},
				"west": {"uv": [14.25, 1, 15.25, 2], "texture": "#1"},
				"up": {"uv": [14, 1, 15, 2], "texture": "#1"},
				"down": {"uv": [13.75, 0.75, 14.75, 1.75], "texture": "#1"}
			}
		},
		{
			"name": "tooth",
			"from": [5.03, 5.94, 1.8],
			"to": [5.69, 6.6, 2.46],
			"rotation": {"angle": -22.5, "axis": "x", "origin": [8, 5.92, 11.04]},
			"faces": {
				"north": {"uv": [13.5, 0, 15.75, 2], "texture": "#1"},
				"east": {"uv": [15, 1, 16, 2], "texture": "#1"},
				"south": {"uv": [14, 0.75, 16, 2.75], "texture": "#1"},
				"west": {"uv": [14.25, 1, 15.25, 2], "texture": "#1"},
				"up": {"uv": [14, 1, 15, 2], "texture": "#1"},
				"down": {"uv": [13.75, 0.75, 14.75, 1.75], "texture": "#1"}
			}
		}
	],
	"display": {
		"thirdperson_righthand": {
			"translation": [0, 2, 0],
			"scale": [0.6, 0.6, 0.6]
		},
		"thirdperson_lefthand": {
			"translation": [0, 2, 0],
			"scale": [0.6, 0.6, 0.6]
		},
		"firstperson_righthand": {
			"translation": [0, 3.5, 0],
			"scale": [0.7, 0.7, 0.7]
		},
		"firstperson_lefthand": {
			"translation": [0, 3.5, 0],
			"scale": [0.7, 0.7, 0.7]
		},
		"ground": {
			"translation": [0, 3, 0],
			"scale": [0.7, 0.7, 0.7]
		},
		"gui": {
			"rotation": [0, 122, 0],
			"translation": [0.5, 1.25, 0]
		},
		"head": {
			"translation": [0, 5.75, 1],
			"scale": [2.3, 2.3, 2.3]
		},
		"fixed": {
			"translation": [0, 0.75, -4]
		}
	},
	"groups": [
		{
			"name": "head",
			"origin": [8, 7.92, 5.64],
			"children": [0, 1, 2, 3, 4, 5, 6]
		}
	]
}