{
	"credit": "Made with Blockbench",
	"textures": {
		"0": "blocks/eddcase",
		"particle": "blocks/eddcase"
	},
	"elements": [
		{
			"name": "head",
			"from": [4, 8, 4],
			"to": [12, 16, 12],
			"rotation": {"angle": 0, "axis": "y", "origin": [8, 8, 8]},
			"faces": {
				"north": {"uv": [1, 1, 2, 2], "texture": "#0"},
				"east": {"uv": [0, 1, 1, 2], "texture": "#0"},
				"south": {"uv": [3, 1, 4, 2], "texture": "#0"},
				"west": {"uv": [2, 1, 3, 2], "texture": "#0"},
				"up": {"uv": [1, 0, 2, 1], "rotation": 180, "texture": "#0"},
				"down": {"uv": [2, 0, 3, 1], "texture": "#0"}
			}
		},
		{
			"name": "outerhead",
			"from": [3.5, 7.5, 3.5],
			"to": [12.5, 16.5, 12.5],
			"rotation": {"angle": 0, "axis": "y", "origin": [8, 8, 8]},
			"faces": {
				"north": {"uv": [5, 1, 6, 2], "texture": "#0"},
				"east": {"uv": [4, 1, 5, 2], "texture": "#0"},
				"south": {"uv": [7, 1, 8, 2], "texture": "#0"},
				"west": {"uv": [6, 1, 7, 2], "texture": "#0"},
				"up": {"uv": [5, 0, 6, 1], "rotation": 180, "texture": "#0"},
				"down": {"uv": [7, 0, 8, 1], "rotation": 180, "texture": "#0"}
			}
		},
		{
			"name": "torso",
			"from": [4, -4, 6],
			"to": [12, 8, 10],
			"rotation": {"angle": 0, "axis": "x", "origin": [8, 8, 12]},
			"faces": {
				"north": {"uv": [2.5, 4.5, 3.5, 6], "texture": "#0"},
				"east": {"uv": [2, 4.5, 2.5, 6], "texture": "#0"},
				"south": {"uv": [4, 4.5, 5, 6], "texture": "#0"},
				"west": {"uv": [3.5, 4.5, 4, 6], "texture": "#0"},
				"up": {"uv": [2.5, 2, 3.5, 2.5], "texture": "#0"},
				"down": {"uv": [3.5, 4, 4.5, 4.5], "texture": "#0"}
			}
		},
		{
			"name": "legl",
			"from": [4, -16, 6],
			"to": [8, -4, 10],
			"rotation": {"angle": 0, "axis": "x", "origin": [6, -4, 8]},
			"faces": {
				"north": {"uv": [0.5, 6.5, 1, 8], "texture": "#0"},
				"east": {"uv": [0, 6.5, 0.5, 8], "texture": "#0"},
				"south": {"uv": [1.5, 6.5, 2, 8], "texture": "#0"},
				"west": {"uv": [1, 6.5, 1.5, 8], "texture": "#0"},
				"up": {"uv": [0.5, 6, 1, 6.5], "rotation": 180, "texture": "#0"},
				"down": {"uv": [3, 6, 3.5, 6.5], "rotation": 180, "texture": "#0"}
			}
		},
		{
			"name": "legr",
			"from": [8, -16, 6],
			"to": [12, -4, 10],
			"rotation": {"angle": 0, "axis": "x", "origin": [10, -4, 8]},
			"faces": {
				"north": {"uv": [0.5, 4.5, 1, 6], "texture": "#0"},
				"east": {"uv": [0, 4.5, 0.5, 6], "texture": "#0"},
				"south": {"uv": [1.5, 4.5, 2, 6], "texture": "#0"},
				"west": {"uv": [1, 4.5, 1.5, 6], "texture": "#0"},
				"up": {"uv": [0.5, 4, 1, 4.5], "rotation": 180, "texture": "#0"},
				"down": {"uv": [1, 2, 1.5, 2.5], "rotation": 180, "texture": "#0"}
			}
		},
		{
			"name": "armr",
			"from": [11.75, -3.25, 6],
			"to": [15.75, 8.75, 10],
			"rotation": {"angle": 22.5, "axis": "z", "origin": [14, 8, 8]},
			"faces": {
				"north": {"uv": [5.5, 4.5, 6, 6], "texture": "#0"},
				"east": {"uv": [5, 4.5, 5.5, 6], "texture": "#0"},
				"south": {"uv": [6.5, 4.5, 7, 6], "texture": "#0"},
				"west": {"uv": [6, 4.5, 6.5, 6], "texture": "#0"},
				"up": {"uv": [5.5, 4, 6, 4.5], "rotation": 180, "texture": "#0"},
				"down": {"uv": [6, 2, 6.5, 2.5], "rotation": 180, "texture": "#0"}
			}
		},
		{
			"name": "arml",
			"from": [0, -4, 6],
			"to": [4, 8, 10],
			"rotation": {"angle": 0, "axis": "z", "origin": [2, 8, 8]},
			"faces": {
				"north": {"uv": [6.5, 6.5, 7, 8], "texture": "#0"},
				"east": {"uv": [6, 6.5, 6.5, 8], "texture": "#0"},
				"south": {"uv": [7.5, 6.5, 8, 8], "texture": "#0"},
				"west": {"uv": [7, 6.5, 7.5, 8], "texture": "#0"},
				"up": {"uv": [6.5, 6, 7, 6.5], "texture": "#0"},
				"down": {"uv": [5, 6, 5.5, 6.5], "texture": "#0"}
			}
		}
	],
	"display": {
		"head": {
			"translation": [0, -3, 0],
			"scale": [1.66, 1.66, 1.66]
		}
	}
}