{
	"credit": "Made with Blockbench",
	"textures": {
		"0": "models/armor/edd",
		"1": "blocks/hardened_clay_white"
	},
	"elements": [
		{
			"name": "head",
			"from": [2, 2.75, 2],
			"to": [14, 14.75, 14],
			"rotation": {"angle": 0, "axis": "y", "origin": [8, 2.75, 4]},
			"faces": {
				"north": {"uv": [2, 2, 4, 4], "texture": "#0"},
				"east": {"uv": [0, 2, 2, 4], "texture": "#0"},
				"south": {"uv": [6, 2, 8, 4], "rotation": 180, "texture": "#0"},
				"west": {"uv": [4, 2, 6, 4], "texture": "#0"},
				"up": {"uv": [2, 0, 4, 2], "texture": "#0"},
				"down": {"uv": [4, 0, 6, 2], "texture": "#0"}
			}
		},
		{
			"name": "outerhead",
			"from": [1.5, 2.25, 1.5],
			"to": [14.5, 15.25, 14.5],
			"rotation": {"angle": 0, "axis": "y", "origin": [8, 2.75, 4]},
			"faces": {
				"north": {"uv": [10, 2, 12, 4], "texture": "#0"},
				"east": {"uv": [8, 2, 10, 4], "texture": "#0"},
				"south": {"uv": [14, 2, 16, 4], "texture": "#0"},
				"west": {"uv": [12, 2, 14, 4], "texture": "#0"},
				"up": {"uv": [10, 0.25, 12, 2.25], "texture": "#0"},
				"down": {"uv": [12, 10, 14, 12], "texture": "#0"}
			}
		},
		{
			"name": "Hat",
			"from": [0, 14.8, 0],
			"to": [16, 15.7, 16],
			"faces": {
				"north": {"uv": [0, 4, 16, 5], "texture": "#1"},
				"east": {"uv": [0, 5, 16, 6], "texture": "#1"},
				"south": {"uv": [0, 6, 16, 7], "texture": "#1"},
				"west": {"uv": [0, 7, 16, 8], "texture": "#1"},
				"up": {"uv": [5, 4, 13, 12], "texture": "#1"},
				"down": {"uv": [5, 4, 13, 12], "texture": "#1"}
			}
		},
		{
			"name": "Cube",
			"from": [2.1, 14.6, 2.1],
			"to": [13.9, 15.5, 13.9],
			"faces": {
				"north": {"uv": [0, 4, 11.8, 4.9], "texture": "#1"},
				"east": {"uv": [0, 5, 11.8, 5.9], "texture": "#1"},
				"south": {"uv": [0, 6, 11.8, 6.9], "texture": "#1"},
				"west": {"uv": [0, 7, 11.8, 7.9], "texture": "#1"},
				"up": {"uv": [5, 4, 13, 12], "texture": "#1"},
				"down": {"uv": [5, 4, 13, 12], "texture": "#1"}
			}
		},
		{
			"name": "Cube",
			"from": [2.2, 15.4, 2.2],
			"to": [13.8, 16.3, 13.8],
			"faces": {
				"north": {"uv": [0, 4, 11.6, 4.9], "texture": "#1"},
				"east": {"uv": [0, 5, 11.6, 5.9], "texture": "#1"},
				"south": {"uv": [0, 6, 11.6, 6.9], "texture": "#1"},
				"west": {"uv": [0, 7, 11.6, 7.9], "texture": "#1"},
				"up": {"uv": [5, 4, 13, 12], "texture": "#1"},
				"down": {"uv": [5, 4, 13, 12], "texture": "#1"}
			}
		},
		{
			"name": "Cube",
			"from": [2.3, 16.2, 2.3],
			"to": [13.7, 17.1, 13.7],
			"faces": {
				"north": {"uv": [0, 4, 11.4, 4.9], "texture": "#1"},
				"east": {"uv": [0, 5, 11.4, 5.9], "texture": "#1"},
				"south": {"uv": [0, 6, 11.4, 6.9], "texture": "#1"},
				"west": {"uv": [0, 7, 11.4, 7.9], "texture": "#1"},
				"up": {"uv": [5, 4, 13, 12], "texture": "#1"},
				"down": {"uv": [5, 4, 13, 12], "texture": "#1"}
			}
		},
		{
			"name": "Cube",
			"from": [2.5, 17, 2.5],
			"to": [13.5, 17.9, 13.5],
			"faces": {
				"north": {"uv": [0, 4, 11, 4.9], "texture": "#1"},
				"east": {"uv": [0, 5, 11, 5.9], "texture": "#1"},
				"south": {"uv": [0, 6, 11, 6.9], "texture": "#1"},
				"west": {"uv": [0, 7, 11, 7.9], "texture": "#1"},
				"up": {"uv": [5, 4, 13, 12], "texture": "#1"},
				"down": {"uv": [5, 4, 13, 12], "texture": "#1"}
			}
		},
		{
			"name": "Cube",
			"from": [2.7, 17.8, 2.7],
			"to": [13.3, 18.7, 13.3],
			"faces": {
				"north": {"uv": [0, 4, 10.6, 4.9], "texture": "#1"},
				"east": {"uv": [0, 5, 10.6, 5.9], "texture": "#1"},
				"south": {"uv": [0, 6, 10.6, 6.9], "texture": "#1"},
				"west": {"uv": [0, 7, 10.6, 7.9], "texture": "#1"},
				"up": {"uv": [5, 4, 13, 12], "texture": "#1"},
				"down": {"uv": [5, 4, 13, 12], "texture": "#1"}
			}
		},
		{
			"name": "Cube",
			"from": [2.9, 18.6, 2.9],
			"to": [13.1, 19.5, 13.1],
			"faces": {
				"north": {"uv": [0, 4, 10.2, 4.9], "texture": "#1"},
				"east": {"uv": [0, 5, 10.2, 5.9], "texture": "#1"},
				"south": {"uv": [0, 6, 10.2, 6.9], "texture": "#1"},
				"west": {"uv": [0, 7, 10.2, 7.9], "texture": "#1"},
				"up": {"uv": [5, 4, 13, 12], "texture": "#1"},
				"down": {"uv": [5, 4, 13, 12], "texture": "#1"}
			}
		},
		{
			"name": "Cube",
			"from": [3.1, 19.4, 3.1],
			"to": [12.9, 20.3, 12.9],
			"faces": {
				"north": {"uv": [0, 4, 9.8, 4.9], "texture": "#1"},
				"east": {"uv": [0, 5, 9.8, 5.9], "texture": "#1"},
				"south": {"uv": [0, 6, 9.8, 6.9], "texture": "#1"},
				"west": {"uv": [0, 7, 9.8, 7.9], "texture": "#1"},
				"up": {"uv": [5, 4, 13, 12], "texture": "#1"},
				"down": {"uv": [5, 4, 13, 12], "texture": "#1"}
			}
		},
		{
			"name": "Cube",
			"from": [3.3, 20.2, 3.3],
			"to": [12.7, 21.1, 12.7],
			"faces": {
				"north": {"uv": [0, 4, 9.4, 4.9], "texture": "#1"},
				"east": {"uv": [0, 5, 9.4, 5.9], "texture": "#1"},
				"south": {"uv": [0, 6, 9.4, 6.9], "texture": "#1"},
				"west": {"uv": [0, 7, 9.4, 7.9], "texture": "#1"},
				"up": {"uv": [5, 4, 13, 12], "texture": "#1"},
				"down": {"uv": [5, 4, 13, 12], "texture": "#1"}
			}
		},
		{
			"name": "Cube",
			"from": [3.5, 21, 3.5],
			"to": [12.5, 21.9, 12.5],
			"faces": {
				"north": {"uv": [0, 4, 9, 4.9], "texture": "#1"},
				"east": {"uv": [0, 5, 9, 5.9], "texture": "#1"},
				"south": {"uv": [0, 6, 9, 6.9], "texture": "#1"},
				"west": {"uv": [0, 7, 9, 7.9], "texture": "#1"},
				"up": {"uv": [5, 4, 13, 12], "texture": "#1"},
				"down": {"uv": [5, 4, 13, 12], "texture": "#1"}
			}
		},
		{
			"name": "Cube",
			"from": [3.8, 21.8, 3.8],
			"to": [12.2, 22.7, 12.2],
			"faces": {
				"north": {"uv": [0, 4, 8.4, 4.9], "texture": "#1"},
				"east": {"uv": [0, 5, 8.4, 5.9], "texture": "#1"},
				"south": {"uv": [0, 6, 8.4, 6.9], "texture": "#1"},
				"west": {"uv": [0, 7, 8.4, 7.9], "texture": "#1"},
				"up": {"uv": [5, 4, 13, 12], "texture": "#1"},
				"down": {"uv": [5, 4, 13, 12], "texture": "#1"}
			}
		},
		{
			"name": "Cube",
			"from": [4.1, 22.6, 4.1],
			"to": [11.9, 23.5, 11.9],
			"faces": {
				"north": {"uv": [0, 4, 7.8, 4.9], "texture": "#1"},
				"east": {"uv": [0, 5, 7.8, 5.9], "texture": "#1"},
				"south": {"uv": [0, 6, 7.8, 6.9], "texture": "#1"},
				"west": {"uv": [0, 7, 7.8, 7.9], "texture": "#1"},
				"up": {"uv": [5, 4, 13, 12], "texture": "#1"},
				"down": {"uv": [5, 4, 13, 12], "texture": "#1"}
			}
		},
		{
			"name": "Cube",
			"from": [4.4, 23.4, 4.4],
			"to": [11.6, 24.3, 11.6],
			"faces": {
				"north": {"uv": [0, 4, 7.2, 4.9], "texture": "#1"},
				"east": {"uv": [0, 5, 7.2, 5.9], "texture": "#1"},
				"south": {"uv": [0, 6, 7.2, 6.9], "texture": "#1"},
				"west": {"uv": [0, 7, 7.2, 7.9], "texture": "#1"},
				"up": {"uv": [5, 4, 13, 12], "texture": "#1"},
				"down": {"uv": [5, 4, 13, 12], "texture": "#1"}
			}
		},
		{
			"name": "Cube",
			"from": [4.7, 24.2, 4.7],
			"to": [11.3, 25.1, 11.3],
			"faces": {
				"north": {"uv": [0, 4, 6.6, 4.9], "texture": "#1"},
				"east": {"uv": [0, 5, 6.6, 5.9], "texture": "#1"},
				"south": {"uv": [0, 6, 6.6, 6.9], "texture": "#1"},
				"west": {"uv": [0, 7, 6.6, 7.9], "texture": "#1"},
				"up": {"uv": [5, 4, 13, 12], "texture": "#1"},
				"down": {"uv": [5, 4, 13, 12], "texture": "#1"}
			}
		},
		{
			"name": "Cube",
			"from": [5, 25, 5],
			"to": [11, 25.9, 11],
			"faces": {
				"north": {"uv": [0, 4, 6, 4.9], "texture": "#1"},
				"east": {"uv": [0, 5, 6, 5.9], "texture": "#1"},
				"south": {"uv": [0, 6, 6, 6.9], "texture": "#1"},
				"west": {"uv": [0, 7, 6, 7.9], "texture": "#1"},
				"up": {"uv": [5, 4, 13, 12], "texture": "#1"},
				"down": {"uv": [5, 4, 13, 12], "texture": "#1"}
			}
		},
		{
			"name": "Cube",
			"from": [5.3, 25.8, 5.3],
			"to": [10.7, 26.7, 10.7],
			"faces": {
				"north": {"uv": [0, 4, 5.4, 4.9], "texture": "#1"},
				"east": {"uv": [0, 5, 5.4, 5.9], "texture": "#1"},
				"south": {"uv": [0, 6, 5.4, 6.9], "texture": "#1"},
				"west": {"uv": [0, 7, 5.4, 7.9], "texture": "#1"},
				"up": {"uv": [5, 4, 13, 12], "texture": "#1"},
				"down": {"uv": [5, 4, 13, 12], "texture": "#1"}
			}
		},
		{
			"name": "Cube",
			"from": [5.6, 26.6, 5.6],
			"to": [10.4, 27.5, 10.4],
			"faces": {
				"north": {"uv": [0, 4, 4.8, 4.9], "texture": "#1"},
				"east": {"uv": [0, 5, 4.8, 5.9], "texture": "#1"},
				"south": {"uv": [0, 6, 4.8, 6.9], "texture": "#1"},
				"west": {"uv": [0, 7, 4.8, 7.9], "texture": "#1"},
				"up": {"uv": [5, 4, 13, 12], "texture": "#1"},
				"down": {"uv": [5, 4, 13, 12], "texture": "#1"}
			}
		},
		{
			"name": "Cube",
			"from": [5.9, 27.4, 5.9],
			"to": [10.1, 28.3, 10.1],
			"faces": {
				"north": {"uv": [0, 4, 4.2, 4.9], "texture": "#1"},
				"east": {"uv": [0, 5, 4.2, 5.9], "texture": "#1"},
				"south": {"uv": [0, 6, 4.2, 6.9], "texture": "#1"},
				"west": {"uv": [0, 7, 4.2, 7.9], "texture": "#1"},
				"up": {"uv": [5, 4, 13, 12], "texture": "#1"},
				"down": {"uv": [5, 4, 13, 12], "texture": "#1"}
			}
		},
		{
			"name": "Cube",
			"from": [6.2, 28.2, 6.2],
			"to": [9.8, 29.1, 9.8],
			"faces": {
				"north": {"uv": [0, 4, 3.6, 4.9], "texture": "#1"},
				"east": {"uv": [0, 5, 3.6, 5.9], "texture": "#1"},
				"south": {"uv": [0, 6, 3.6, 6.9], "texture": "#1"},
				"west": {"uv": [0, 7, 3.6, 7.9], "texture": "#1"},
				"up": {"uv": [5, 4, 13, 12], "texture": "#1"},
				"down": {"uv": [5, 4, 13, 12], "texture": "#1"}
			}
		},
		{
			"name": "Cube",
			"from": [6.5, 29, 6.5],
			"to": [9.5, 29.9, 9.5],
			"faces": {
				"north": {"uv": [0, 4, 3, 4.9], "texture": "#1"},
				"east": {"uv": [0, 5, 3, 5.9], "texture": "#1"},
				"south": {"uv": [0, 6, 3, 6.9], "texture": "#1"},
				"west": {"uv": [0, 7, 3, 7.9], "texture": "#1"},
				"up": {"uv": [5, 4, 13, 12], "texture": "#1"},
				"down": {"uv": [5, 4, 13, 12], "texture": "#1"}
			}
		},
		{
			"name": "Cube",
			"from": [6.8, 29.8, 6.8],
			"to": [9.2, 30.7, 9.2],
			"faces": {
				"north": {"uv": [0, 4, 2.4, 4.9], "texture": "#1"},
				"east": {"uv": [0, 5, 2.4, 5.9], "texture": "#1"},
				"south": {"uv": [0, 6, 2.4, 6.9], "texture": "#1"},
				"west": {"uv": [0, 7, 2.4, 7.9], "texture": "#1"},
				"up": {"uv": [5, 4, 13, 12], "texture": "#1"},
				"down": {"uv": [5, 4, 13, 12], "texture": "#1"}
			}
		},
		{
			"name": "Cube",
			"from": [7.1, 30.6, 7.1],
			"to": [8.9, 31.5, 8.9],
			"faces": {
				"north": {"uv": [0, 4, 1.8, 4.9], "texture": "#1"},
				"east": {"uv": [0, 5, 1.8, 5.9], "texture": "#1"},
				"south": {"uv": [0, 6, 1.8, 6.9], "texture": "#1"},
				"west": {"uv": [0, 7, 1.8, 7.9], "texture": "#1"},
				"up": {"uv": [5, 4, 13, 12], "texture": "#1"},
				"down": {"uv": [5, 4, 13, 12], "texture": "#1"}
			}
		}
	],
	"display": {
		"thirdperson_lefthand": {
			"rotation": [22, -1, 31],
			"translation": [-0.5, -0.5, 3.5],
			"scale": [0.33, 0.33, 0.33]
		},
		"firstperson_lefthand": {
			"rotation": [-1, 4, 18],
			"translation": [1.5, 2.75, 2.5],
			"scale": [0.6, 0.6, 0.6]
		},
		"gui": {
			"translation": [0, -12, 0],
			"scale": [0.8, 0.8, 0.8]
		},
		"head": {
			"translation": [0, -0.75, 0],
			"scale": [1.07, 1.07, 1.07]
		}
	},
	"groups": [0, 1,
		{
			"name": "magichat",
			"origin": [8, 8, 8],
			"children": [2, 3, 4, 5, 6, 7, 8, 9, 10, 11, 12, 13, 14, 15, 16, 17, 18, 19, 20, 21, 22, 23]
		}
	]
}