{
    "__comment": "Model generated using MrCrayfish's Model Creator (https://mrcrayfish.com/tools?id=mc)",
    "textures": {
        "hardened_clay_yellow": "minecraft:blocks/hardened_clay_yellow"
    },
    "display": {
        "gui": {
            "rotation": [ 0, 0, 0 ],
            "translation": [ 0, -13, 0 ],
            "scale": [ 1, 1, 1 ]
        },
        "ground": {
            "rotation": [ 0, 0, 0 ],
            "translation": [ 0, 0, 0 ],
            "scale": [ 1, 1, 1 ]
        },
        "fixed": {
            "rotation": [ 0, 0, 0 ],
            "translation": [ 0, 0, 0 ],
            "scale": [ 1, 1, 1 ]
        },
        "head": {
            "rotation": [ 0, 180, 0 ],
            "translation": [ 0, 0, 0 ],
            "scale": [ 1, 1, 1 ]
        },
        "firstperson_righthand": {
            "rotation": [ 0, 0, 0 ],
            "translation": [ 0, 0, 0 ],
            "scale": [ 1, 1, 1 ]
        },
        "thirdperson_righthand": {
            "rotation": [ 0, 0, 0 ],
            "translation": [ 0, 0, 0 ],
            "scale": [ 1, 1, 1 ]
        }
    },
    "elements": [
        {
            "name": "Cube L",
            "from": [ 3, 15, 10 ], 
            "to": [ 6, 16, 13 ], 
            "faces": {
                "north": { "texture": "#hardened_clay_yellow", "uv": [ 0, 0, 3, 1 ] },
                "east": { "texture": "#hardened_clay_yellow", "uv": [ 0, 0, 3, 1 ] },
                "south": { "texture": "#hardened_clay_yellow", "uv": [ 0, 0, 3, 1 ] },
                "west": { "texture": "#hardened_clay_yellow", "uv": [ 0, 0, 3, 1 ] },
                "up": { "texture": "#hardened_clay_yellow", "uv": [ 0, 0, 3, 3 ] },
                "down": { "texture": "#hardened_clay_yellow", "uv": [ 0, 0, 3, 3 ] }
            }
        },
        {
            "name": "Cube R",
            "from": [ 10, 15, 10 ], 
            "to": [ 13, 16, 13 ], 
            "faces": {
                "north": { "texture": "#hardened_clay_yellow", "uv": [ 0, 0, 3, 1 ] },
                "east": { "texture": "#hardened_clay_yellow", "uv": [ 0, 0, 3, 1 ] },
                "south": { "texture": "#hardened_clay_yellow", "uv": [ 0, 0, 3, 1 ] },
                "west": { "texture": "#hardened_clay_yellow", "uv": [ 0, 0, 3, 1 ] },
                "up": { "texture": "#hardened_clay_yellow", "uv": [ 0, 0, 3, 3 ] },
                "down": { "texture": "#hardened_clay_yellow", "uv": [ 0, 0, 3, 3 ] }
            }
        },
        {
            "name": "Cube L",
            "from": [ 4, 16, 11 ], 
            "to": [ 5, 17, 12 ], 
            "faces": {
                "north": { "texture": "#hardened_clay_yellow", "uv": [ 0, 0, 1, 1 ] },
                "east": { "texture": "#hardened_clay_yellow", "uv": [ 0, 0, 1, 1 ] },
                "south": { "texture": "#hardened_clay_yellow", "uv": [ 0, 0, 1, 1 ] },
                "west": { "texture": "#hardened_clay_yellow", "uv": [ 0, 0, 1, 1 ] },
                "up": { "texture": "#hardened_clay_yellow", "uv": [ 0, 0, 1, 1 ] }
            }
        },
        {
            "name": "Cube L",
            "from": [ 3.5, 17, 10.5 ], 
            "to": [ 4.5, 18, 11.5 ], 
            "faces": {
                "north": { "texture": "#hardened_clay_yellow", "uv": [ 0, 0, 1, 1 ] },
                "east": { "texture": "#hardened_clay_yellow", "uv": [ 0, 0, 1, 1 ] },
                "south": { "texture": "#hardened_clay_yellow", "uv": [ 0, 0, 1, 1 ] },
                "west": { "texture": "#hardened_clay_yellow", "uv": [ 0, 0, 1, 1 ] },
                "up": { "texture": "#hardened_clay_yellow", "uv": [ 0, 0, 1, 1 ] },
                "down": { "texture": "#hardened_clay_yellow", "uv": [ 0, 0, 1, 1 ] }
            }
        },
        {
            "name": "Cube L",
            "from": [ 3, 18, 10 ], 
            "to": [ 4, 19, 11 ], 
            "faces": {
                "north": { "texture": "#hardened_clay_yellow", "uv": [ 0, 0, 1, 1 ] },
                "east": { "texture": "#hardened_clay_yellow", "uv": [ 0, 0, 1, 1 ] },
                "south": { "texture": "#hardened_clay_yellow", "uv": [ 0, 0, 1, 1 ] },
                "west": { "texture": "#hardened_clay_yellow", "uv": [ 0, 0, 1, 1 ] },
                "up": { "texture": "#hardened_clay_yellow", "uv": [ 0, 0, 1, 1 ] },
                "down": { "texture": "#hardened_clay_yellow", "uv": [ 0, 0, 1, 1 ] }
            }
        },
        {
            "name": "Cube L",
            "from": [ 2.5, 19, 9.5 ], 
            "to": [ 3.5, 20, 10.5 ], 
            "faces": {
                "north": { "texture": "#hardened_clay_yellow", "uv": [ 0, 0, 1, 1 ] },
                "east": { "texture": "#hardened_clay_yellow", "uv": [ 0, 0, 1, 1 ] },
                "south": { "texture": "#hardened_clay_yellow", "uv": [ 0, 0, 1, 1 ] },
                "west": { "texture": "#hardened_clay_yellow", "uv": [ 0, 0, 1, 1 ] },
                "up": { "texture": "#hardened_clay_yellow", "uv": [ 0, 0, 1, 1 ] },
                "down": { "texture": "#hardened_clay_yellow", "uv": [ 0, 0, 1, 1 ] }
            }
        },
        {
            "name": "Cube L",
            "from": [ 2, 20, 9 ], 
            "to": [ 3, 21, 10 ], 
            "faces": {
                "north": { "texture": "#hardened_clay_yellow", "uv": [ 0, 0, 1, 1 ] },
                "east": { "texture": "#hardened_clay_yellow", "uv": [ 0, 0, 1, 1 ] },
                "south": { "texture": "#hardened_clay_yellow", "uv": [ 0, 0, 1, 1 ] },
                "west": { "texture": "#hardened_clay_yellow", "uv": [ 0, 0, 1, 1 ] },
                "up": { "texture": "#hardened_clay_yellow", "uv": [ 0, 0, 1, 1 ] },
                "down": { "texture": "#hardened_clay_yellow", "uv": [ 0, 0, 1, 1 ] }
            }
        },
        {
            "name": "Cube L",
            "from": [ 1.5, 21, 8.5 ], 
            "to": [ 2.5, 23, 9.5 ], 
            "faces": {
                "north": { "texture": "#hardened_clay_yellow", "uv": [ 0, 0, 1, 2 ] },
                "east": { "texture": "#hardened_clay_yellow", "uv": [ 0, 0, 1, 2 ] },
                "south": { "texture": "#hardened_clay_yellow", "uv": [ 0, 0, 1, 2 ] },
                "west": { "texture": "#hardened_clay_yellow", "uv": [ 0, 0, 1, 2 ] },
                "up": { "texture": "#hardened_clay_yellow", "uv": [ 0, 0, 1, 1 ] },
                "down": { "texture": "#hardened_clay_yellow", "uv": [ 0, 0, 1, 1 ] }
            }
        },
        {
            "name": "Cube L",
            "from": [ 1.7, 23, 8.8 ], 
            "to": [ 2.7, 24, 9.8 ], 
            "faces": {
                "north": { "texture": "#hardened_clay_yellow", "uv": [ 0, 0, 1, 1 ] },
                "east": { "texture": "#hardened_clay_yellow", "uv": [ 0, 0, 1, 1 ] },
                "south": { "texture": "#hardened_clay_yellow", "uv": [ 0, 0, 1, 1 ] },
                "west": { "texture": "#hardened_clay_yellow", "uv": [ 0, 0, 1, 1 ] },
                "up": { "texture": "#hardened_clay_yellow", "uv": [ 0, 0, 1, 1 ] },
                "down": { "texture": "#hardened_clay_yellow", "uv": [ 0, 0, 1, 1 ] }
            }
        },
        {
            "name": "Cube L",
            "from": [ 1.9, 24, 9.1 ], 
            "to": [ 2.9, 25, 10.1 ], 
            "faces": {
                "north": { "texture": "#hardened_clay_yellow", "uv": [ 0, 0, 1, 1 ] },
                "east": { "texture": "#hardened_clay_yellow", "uv": [ 0, 0, 1, 1 ] },
                "south": { "texture": "#hardened_clay_yellow", "uv": [ 0, 0, 1, 1 ] },
                "west": { "texture": "#hardened_clay_yellow", "uv": [ 0, 0, 1, 1 ] },
                "up": { "texture": "#hardened_clay_yellow", "uv": [ 0, 0, 1, 1 ] },
                "down": { "texture": "#hardened_clay_yellow", "uv": [ 0, 0, 1, 1 ] }
            }
        },
        {
            "name": "Cube L",
            "from": [ 2.1, 25, 9.4 ], 
            "to": [ 3.1, 26, 10.4 ], 
            "faces": {
                "north": { "texture": "#hardened_clay_yellow", "uv": [ 0, 0, 1, 1 ] },
                "east": { "texture": "#hardened_clay_yellow", "uv": [ 0, 0, 1, 1 ] },
                "south": { "texture": "#hardened_clay_yellow", "uv": [ 0, 0, 1, 1 ] },
                "west": { "texture": "#hardened_clay_yellow", "uv": [ 0, 0, 1, 1 ] },
                "up": { "texture": "#hardened_clay_yellow", "uv": [ 0, 0, 1, 1 ] },
                "down": { "texture": "#hardened_clay_yellow", "uv": [ 0, 0, 1, 1 ] }
            }
        },
        {
            "name": "Cube L",
            "from": [ 2.3, 26, 10 ], 
            "to": [ 3.3, 27, 11 ], 
            "faces": {
                "north": { "texture": "#hardened_clay_yellow", "uv": [ 0, 0, 1, 1 ] },
                "east": { "texture": "#hardened_clay_yellow", "uv": [ 0, 0, 1, 1 ] },
                "west": { "texture": "#hardened_clay_yellow", "uv": [ 0, 0, 1, 1 ] },
                "up": { "texture": "#hardened_clay_yellow", "uv": [ 0, 0, 1, 1 ] },
                "down": { "texture": "#hardened_clay_yellow", "uv": [ 0, 0, 1, 1 ] }
            }
        },
        {
            "name": "Cube L",
            "from": [ 1.3, 25, 11 ], 
            "to": [ 4.3, 28, 11.5 ], 
            "faces": {
                "north": { "texture": "#hardened_clay_yellow", "uv": [ 0, 0, 3, 3 ] },
                "east": { "texture": "#hardened_clay_yellow", "uv": [ 0, 0, 0.5, 3 ] },
                "south": { "texture": "#hardened_clay_yellow", "uv": [ 0, 0, 3, 3 ] },
                "west": { "texture": "#hardened_clay_yellow", "uv": [ 0, 0, 0.5, 3 ] },
                "up": { "texture": "#hardened_clay_yellow", "uv": [ 0, 0, 3, 0.5 ] },
                "down": { "texture": "#hardened_clay_yellow", "uv": [ 0, 0, 3, 0.5 ] }
            }
        },
        {
            "name": "Eye L",
            "from": [ 1.5, 25.2, 11.5 ], 
            "to": [ 4.1, 27.8, 12 ], 
            "faces": {
                "north": { "texture": "#hardened_clay_yellow", "uv": [ 13, 0, 15.6, 2.6 ] },
                "east": { "texture": "#hardened_clay_yellow", "uv": [ 15, 0, 15.5, 2.6 ] },
                "south": { "texture": "#hardened_clay_yellow", "uv": [ 13, 0, 15.6, 2.6 ] },
                "west": { "texture": "#hardened_clay_yellow", "uv": [ 15, 0, 15.5, 2.6 ] },
                "up": { "texture": "#hardened_clay_yellow", "uv": [ 13, 0, 15.6, 0.5 ] },
                "down": { "texture": "#hardened_clay_yellow", "uv": [ 13, 0, 15.6, 0.5 ] }
            }
        },
        {
            "name": "Iris L",
            "from": [ 2.2, 25.8, 12 ], 
            "to": [ 3.5, 27.1, 12.5 ], 
            "faces": {
                "north": { "texture": "#hardened_clay_yellow", "uv": [ 9, 0, 10.3, 1.3 ] },
                "east": { "texture": "#hardened_clay_yellow", "uv": [ 9, 0, 9.5, 1.3 ] },
                "south": { "texture": "#hardened_clay_yellow", "uv": [ 9, 0, 11.6, 2.6 ] },
                "west": { "texture": "#hardened_clay_yellow", "uv": [ 9, 0, 9.5, 1.3 ] },
                "up": { "texture": "#hardened_clay_yellow", "uv": [ 9, 0, 11.6, 0.5 ] },
                "down": { "texture": "#hardened_clay_yellow", "uv": [ 9, 0, 10.3, 0.5 ] }
            }
        },
        {
            "name": "Cube R",
            "from": [ 11, 16, 11 ], 
            "to": [ 12, 17, 12 ], 
            "faces": {
                "north": { "texture": "#hardened_clay_yellow", "uv": [ 0, 0, 1, 1 ] },
                "east": { "texture": "#hardened_clay_yellow", "uv": [ 0, 0, 1, 1 ] },
                "south": { "texture": "#hardened_clay_yellow", "uv": [ 0, 0, 1, 1 ] },
                "west": { "texture": "#hardened_clay_yellow", "uv": [ 0, 0, 1, 1 ] },
                "up": { "texture": "#hardened_clay_yellow", "uv": [ 0, 0, 1, 1 ] }
            }
        },
        {
            "name": "Cube R",
            "from": [ 11.7, 17, 10.8 ], 
            "to": [ 12.7, 18, 11.8 ], 
            "faces": {
                "north": { "texture": "#hardened_clay_yellow", "uv": [ 0, 0, 1, 1 ] },
                "east": { "texture": "#hardened_clay_yellow", "uv": [ 0, 0, 1, 1 ] },
                "south": { "texture": "#hardened_clay_yellow", "uv": [ 0, 0, 1, 1 ] },
                "west": { "texture": "#hardened_clay_yellow", "uv": [ 0, 0, 1, 1 ] },
                "up": { "texture": "#hardened_clay_yellow", "uv": [ 0, 0, 1, 1 ] },
                "down": { "texture": "#hardened_clay_yellow", "uv": [ 0, 0, 1, 1 ] }
            }
        },
        {
            "name": "Cube R",
            "from": [ 12.4, 18, 10.6 ], 
            "to": [ 13.4, 19, 11.6 ], 
            "faces": {
                "north": { "texture": "#hardened_clay_yellow", "uv": [ 0, 0, 1, 1 ] },
                "east": { "texture": "#hardened_clay_yellow", "uv": [ 0, 0, 1, 1 ] },
                "south": { "texture": "#hardened_clay_yellow", "uv": [ 0, 0, 1, 1 ] },
                "west": { "texture": "#hardened_clay_yellow", "uv": [ 0, 0, 1, 1 ] },
                "up": { "texture": "#hardened_clay_yellow", "uv": [ 0, 0, 1, 1 ] },
                "down": { "texture": "#hardened_clay_yellow", "uv": [ 0, 0, 1, 1 ] }
            }
        },
        {
            "name": "Cube R",
            "from": [ 13.1, 19, 10.4 ], 
            "to": [ 14.1, 20, 11.4 ], 
            "faces": {
                "north": { "texture": "#hardened_clay_yellow", "uv": [ 0, 0, 1, 1 ] },
                "east": { "texture": "#hardened_clay_yellow", "uv": [ 0, 0, 1, 1 ] },
                "south": { "texture": "#hardened_clay_yellow", "uv": [ 0, 0, 1, 1 ] },
                "west": { "texture": "#hardened_clay_yellow", "uv": [ 0, 0, 1, 1 ] },
                "up": { "texture": "#hardened_clay_yellow", "uv": [ 0, 0, 1, 1 ] },
                "down": { "texture": "#hardened_clay_yellow", "uv": [ 0, 0, 1, 1 ] }
            }
        },
        {
            "name": "Cube R",
            "from": [ 13.8, 20, 10.2 ], 
            "to": [ 14.8, 21, 11.2 ], 
            "faces": {
                "north": { "texture": "#hardened_clay_yellow", "uv": [ 0, 0, 1, 1 ] },
                "east": { "texture": "#hardened_clay_yellow", "uv": [ 0, 0, 1, 1 ] },
                "south": { "texture": "#hardened_clay_yellow", "uv": [ 0, 0, 1, 1 ] },
                "west": { "texture": "#hardened_clay_yellow", "uv": [ 0, 0, 1, 1 ] },
                "up": { "texture": "#hardened_clay_yellow", "uv": [ 0, 0, 1, 1 ] },
                "down": { "texture": "#hardened_clay_yellow", "uv": [ 0, 0, 1, 1 ] }
            }
        },
        {
            "name": "Cube R",
            "from": [ 14.5, 21, 10 ], 
            "to": [ 15.5, 22, 11 ], 
            "faces": {
                "north": { "texture": "#hardened_clay_yellow", "uv": [ 0, 0, 1, 1 ] },
                "east": { "texture": "#hardened_clay_yellow", "uv": [ 0, 0, 1, 1 ] },
                "south": { "texture": "#hardened_clay_yellow", "uv": [ 0, 0, 1, 1 ] },
                "west": { "texture": "#hardened_clay_yellow", "uv": [ 0, 0, 1, 1 ] },
                "up": { "texture": "#hardened_clay_yellow", "uv": [ 0, 0, 1, 1 ] },
                "down": { "texture": "#hardened_clay_yellow", "uv": [ 0, 0, 1, 1 ] }
            }
        },
        {
            "name": "Cube R",
            "from": [ 14.4, 22, 10.3 ], 
            "to": [ 15.4, 23, 11.3 ], 
            "faces": {
                "north": { "texture": "#hardened_clay_yellow", "uv": [ 0, 0, 1, 1 ] },
                "east": { "texture": "#hardened_clay_yellow", "uv": [ 0, 0, 1, 1 ] },
                "south": { "texture": "#hardened_clay_yellow", "uv": [ 0, 0, 1, 1 ] },
                "west": { "texture": "#hardened_clay_yellow", "uv": [ 0, 0, 1, 1 ] },
                "up": { "texture": "#hardened_clay_yellow", "uv": [ 0, 0, 1, 1 ] },
                "down": { "texture": "#hardened_clay_yellow", "uv": [ 0, 0, 1, 1 ] }
            }
        },
        {
            "name": "Cube R",
            "from": [ 14.2, 23, 10.7 ], 
            "to": [ 15.2, 24, 11.7 ], 
            "faces": {
                "north": { "texture": "#hardened_clay_yellow", "uv": [ 0, 0, 1, 1 ] },
                "east": { "texture": "#hardened_clay_yellow", "uv": [ 0, 0, 1, 1 ] },
                "south": { "texture": "#hardened_clay_yellow", "uv": [ 0, 0, 1, 1 ] },
                "west": { "texture": "#hardened_clay_yellow", "uv": [ 0, 0, 1, 1 ] },
                "up": { "texture": "#hardened_clay_yellow", "uv": [ 0, 0, 1, 1 ] },
                "down": { "texture": "#hardened_clay_yellow", "uv": [ 0, 0, 1, 1 ] }
            }
        },
        {
            "name": "Cube R",
            "from": [ 13.9, 24, 11.1 ], 
            "to": [ 14.9, 25, 12.1 ], 
            "faces": {
                "north": { "texture": "#hardened_clay_yellow", "uv": [ 0, 0, 1, 1 ] },
                "east": { "texture": "#hardened_clay_yellow", "uv": [ 0, 0, 1, 1 ] },
                "south": { "texture": "#hardened_clay_yellow", "uv": [ 0, 0, 1, 1 ] },
                "west": { "texture": "#hardened_clay_yellow", "uv": [ 0, 0, 1, 1 ] },
                "up": { "texture": "#hardened_clay_yellow", "uv": [ 0, 0, 1, 1 ] },
                "down": { "texture": "#hardened_clay_yellow", "uv": [ 0, 0, 1, 1 ] }
            }
        },
        {
            "name": "Cube R",
            "from": [ 13.4, 25, 11.6 ], 
            "to": [ 14.4, 26, 12.6 ], 
            "faces": {
                "north": { "texture": "#hardened_clay_yellow", "uv": [ 0, 0, 1, 1 ] },
                "east": { "texture": "#hardened_clay_yellow", "uv": [ 0, 0, 1, 1 ] },
                "west": { "texture": "#hardened_clay_yellow", "uv": [ 0, 0, 1, 1 ] },
                "up": { "texture": "#hardened_clay_yellow", "uv": [ 0, 0, 1, 1 ] },
                "down": { "texture": "#hardened_clay_yellow", "uv": [ 0, 0, 1, 1 ] }
            }
        },
        {
            "name": "Cube R",
            "from": [ 12.4, 24, 12.6 ], 
            "to": [ 15.4, 27, 13.6 ], 
            "faces": {
                "north": { "texture": "#hardened_clay_yellow", "uv": [ 0, 0, 3, 3 ] },
                "east": { "texture": "#hardened_clay_yellow", "uv": [ 0, 0, 1, 3 ] },
                "south": { "texture": "#hardened_clay_yellow", "uv": [ 0, 0, 3, 3 ] },
                "west": { "texture": "#hardened_clay_yellow", "uv": [ 0, 0, 1, 3 ] },
                "up": { "texture": "#hardened_clay_yellow", "uv": [ 0, 0, 3, 1 ] },
                "down": { "texture": "#hardened_clay_yellow", "uv": [ 0, 0, 3, 1 ] }
            }
        },
        {
            "name": "Eye R",
            "from": [ 12.6, 24.2, 13.6 ], 
            "to": [ 15.2, 26.8, 14.1 ], 
            "faces": {
                "east": { "texture": "#hardened_clay_yellow", "uv": [ 15, 0, 15.5, 2.6 ] },
                "south": { "texture": "#hardened_clay_yellow", "uv": [ 13, 0, 15.6, 2.6 ] },
                "west": { "texture": "#hardened_clay_yellow", "uv": [ 15, 0, 15.5, 2.6 ] },
                "up": { "texture": "#hardened_clay_yellow", "uv": [ 13, 0, 15.6, 0.5 ] },
                "down": { "texture": "#hardened_clay_yellow", "uv": [ 13, 0, 15.6, 0.5 ] }
            }
        },
        {
            "name": "Iris R",
            "from": [ 13.2, 24.8, 14.1 ], 
            "to": [ 14.5, 26.1, 14.6 ], 
            "faces": {
                "north": { "texture": "#hardened_clay_yellow", "uv": [ 9, 0, 10.3, 1.3 ] },
                "east": { "texture": "#hardened_clay_yellow", "uv": [ 10, 0, 10.5, 1.3 ] },
                "south": { "texture": "#hardened_clay_yellow", "uv": [ 9, 0, 10.3, 1.3 ] },
                "west": { "texture": "#hardened_clay_yellow", "uv": [ 10, 0, 10.5, 1.3 ] },
                "up": { "texture": "#hardened_clay_yellow", "uv": [ 9, 0, 10.3, 0.5 ] },
                "down": { "texture": "#hardened_clay_yellow", "uv": [ 9, 0, 10.3, 0.5 ] }
            }
        }
    ]
}