{
    "__comment": "Model generated using MrCrayfish's Model Creator (https://mrcrayfish.com/tools?id=mc)",
    "textures": {
        "hardened_clay_yellow": "minecraft:blocks/hardened_clay_yellow"
    },
    "display": {
        "gui": {
            "rotation": [ 0, 0, 0 ],
            "translation": [ 0, -9, 0 ],
            "scale": [ 1, 1, 1 ]
        },
        "ground": {
            "rotation": [ 0, 0, 0 ],
            "translation": [ 0, 0, 0 ],
            "scale": [ 1, 1, 1 ]
        },
        "fixed": {
            "rotation": [ 0, 0, 0 ],
            "translation": [ 0, 0, 0 ],
            "scale": [ 1, 1, 1 ]
        },
        "head": {
            "rotation": [ 0, 180, 0 ],
            "translation": [ 0, 0, 0 ],
            "scale": [ 1, 1, 1 ]
        },
        "firstperson_righthand": {
            "rotation": [ 0, 0, 0 ],
            "translation": [ 0, 0, 0 ],
            "scale": [ 1, 1, 1 ]
        },
        "thirdperson_righthand": {
            "rotation": [ 0, 0, 0 ],
            "translation": [ 0, 0, 0 ],
            "scale": [ 1, 1, 1 ]
        }
    },
    "elements": [
        {
            "name": "N1",
            "from": [ 6.7, 15, 5 ], 
            "to": [ 9.3, 16, 6 ], 
            "faces": {
                "north": { "texture": "#hardened_clay_yellow", "uv": [ 0, 10, 2.6, 11 ] },
                "east": { "texture": "#hardened_clay_yellow", "uv": [ 0, 9, 1, 10 ] },
                "south": { "texture": "#hardened_clay_yellow", "uv": [ 0, 9, 2.6, 10 ] },
                "west": { "texture": "#hardened_clay_yellow", "uv": [ 0, 8, 1, 9 ] },
                "up": { "texture": "#hardened_clay_yellow", "uv": [ 0, 9, 2.6, 10 ] },
                "down": { "texture": "#hardened_clay_yellow", "uv": [ 0, 8, 2.6, 9 ] }
            }
        },
        {
            "name": "W1",
            "from": [ 5, 15, 6.7 ], 
            "to": [ 6, 16, 9.3 ], 
            "faces": {
                "north": { "texture": "#hardened_clay_yellow", "uv": [ 0, 10, 1, 11 ] },
                "east": { "texture": "#hardened_clay_yellow", "uv": [ 0, 9, 2.6, 10 ] },
                "south": { "texture": "#hardened_clay_yellow", "uv": [ 0, 9, 1, 10 ] },
                "west": { "texture": "#hardened_clay_yellow", "uv": [ 0, 8, 2.6, 9 ] },
                "up": { "texture": "#hardened_clay_yellow", "uv": [ 0, 9, 1, 11.6 ] },
                "down": { "texture": "#hardened_clay_yellow", "uv": [ 0, 8, 1, 10.6 ] }
            }
        },
        {
            "name": "E1",
            "from": [ 10, 15, 6.7 ], 
            "to": [ 11, 16, 9.3 ], 
            "faces": {
                "north": { "texture": "#hardened_clay_yellow", "uv": [ 0, 10, 1, 11 ] },
                "east": { "texture": "#hardened_clay_yellow", "uv": [ 0, 9, 2.6, 10 ] },
                "south": { "texture": "#hardened_clay_yellow", "uv": [ 0, 9, 1, 10 ] },
                "west": { "texture": "#hardened_clay_yellow", "uv": [ 0, 8, 2.6, 9 ] },
                "up": { "texture": "#hardened_clay_yellow", "uv": [ 0, 9, 1, 11.6 ] },
                "down": { "texture": "#hardened_clay_yellow", "uv": [ 0, 8, 1, 10.6 ] }
            }
        },
        {
            "name": "S1",
            "from": [ 6.7, 15, 10 ], 
            "to": [ 9.3, 16, 11 ], 
            "faces": {
                "north": { "texture": "#hardened_clay_yellow", "uv": [ 0, 10, 2.6, 11 ] },
                "east": { "texture": "#hardened_clay_yellow", "uv": [ 0, 9, 1, 10 ] },
                "south": { "texture": "#hardened_clay_yellow", "uv": [ 0, 9, 2.6, 10 ] },
                "west": { "texture": "#hardened_clay_yellow", "uv": [ 0, 8, 1, 9 ] },
                "up": { "texture": "#hardened_clay_yellow", "uv": [ 0, 9, 2.6, 10 ] },
                "down": { "texture": "#hardened_clay_yellow", "uv": [ 0, 8, 2.6, 9 ] }
            }
        },
        {
            "name": "SE1",
            "from": [ 6.8, 15, 10 ], 
            "to": [ 9.2, 16, 11 ], 
            "rotation": { "origin": [ 8.0, 8.0, 8.0 ], "axis": "y", "angle": 45.0 },
            "faces": {
                "north": { "texture": "#hardened_clay_yellow", "uv": [ 0, 10, 2.4, 11 ] },
                "east": { "texture": "#hardened_clay_yellow", "uv": [ 0, 9, 1, 10 ] },
                "south": { "texture": "#hardened_clay_yellow", "uv": [ 0, 9, 2.4, 10 ] },
                "west": { "texture": "#hardened_clay_yellow", "uv": [ 0, 8, 1, 9 ] },
                "up": { "texture": "#hardened_clay_yellow", "uv": [ 0, 9, 2.4, 10 ] },
                "down": { "texture": "#hardened_clay_yellow", "uv": [ 0, 8, 2.4, 9 ] }
            }
        },
        {
            "name": "SW1",
            "from": [ 6.8, 15, 10 ], 
            "to": [ 9.2, 16, 11 ], 
            "rotation": { "origin": [ 8.0, 8.0, 8.0 ], "axis": "y", "angle": -45.0 },
            "faces": {
                "north": { "texture": "#hardened_clay_yellow", "uv": [ 0, 10, 2.4, 11 ] },
                "east": { "texture": "#hardened_clay_yellow", "uv": [ 0, 9, 1, 10 ] },
                "south": { "texture": "#hardened_clay_yellow", "uv": [ 0, 9, 2.4, 10 ] },
                "west": { "texture": "#hardened_clay_yellow", "uv": [ 0, 8, 1, 9 ] },
                "up": { "texture": "#hardened_clay_yellow", "uv": [ 0, 9, 2.4, 10 ] },
                "down": { "texture": "#hardened_clay_yellow", "uv": [ 0, 8, 2.4, 9 ] }
            }
        },
        {
            "name": "NE1",
            "from": [ 6.8, 15, 5 ], 
            "to": [ 9.2, 16, 6 ], 
            "rotation": { "origin": [ 8.0, 8.0, 8.0 ], "axis": "y", "angle": -45.0 },
            "faces": {
                "north": { "texture": "#hardened_clay_yellow", "uv": [ 0, 10, 2.4, 11 ] },
                "east": { "texture": "#hardened_clay_yellow", "uv": [ 0, 9, 1, 10 ] },
                "south": { "texture": "#hardened_clay_yellow", "uv": [ 0, 9, 2.4, 10 ] },
                "west": { "texture": "#hardened_clay_yellow", "uv": [ 0, 8, 1, 9 ] },
                "up": { "texture": "#hardened_clay_yellow", "uv": [ 0, 9, 2.4, 10 ] },
                "down": { "texture": "#hardened_clay_yellow", "uv": [ 0, 8, 2.4, 9 ] }
            }
        },
        {
            "name": "NW1",
            "from": [ 6.8, 15, 5 ], 
            "to": [ 9.2, 16, 6 ], 
            "rotation": { "origin": [ 8.0, 8.0, 8.0 ], "axis": "y", "angle": 45.0 },
            "faces": {
                "north": { "texture": "#hardened_clay_yellow", "uv": [ 0, 10, 2.4, 11 ] },
                "east": { "texture": "#hardened_clay_yellow", "uv": [ 0, 9, 1, 10 ] },
                "south": { "texture": "#hardened_clay_yellow", "uv": [ 0, 9, 2.4, 10 ] },
                "west": { "texture": "#hardened_clay_yellow", "uv": [ 0, 8, 1, 9 ] },
                "up": { "texture": "#hardened_clay_yellow", "uv": [ 0, 9, 2.4, 10 ] },
                "down": { "texture": "#hardened_clay_yellow", "uv": [ 0, 8, 2.4, 9 ] }
            }
        },
        {
            "name": "N2",
            "from": [ 6.8, 16, 5.1 ], 
            "to": [ 9.2, 17, 6.1 ], 
            "faces": {
                "north": { "texture": "#hardened_clay_yellow", "uv": [ 0, 10, 2.4, 11 ] },
                "east": { "texture": "#hardened_clay_yellow", "uv": [ 0, 9, 1, 10 ] },
                "south": { "texture": "#hardened_clay_yellow", "uv": [ 0, 9, 2.4, 10 ] },
                "west": { "texture": "#hardened_clay_yellow", "uv": [ 0, 8, 1, 9 ] },
                "up": { "texture": "#hardened_clay_yellow", "uv": [ 0, 9, 2.4, 10 ] },
                "down": { "texture": "#hardened_clay_yellow", "uv": [ 0, 8, 2.4, 9 ] }
            }
        },
        {
            "name": "NW2",
            "from": [ 6.8, 16, 5.1 ], 
            "to": [ 9.2, 17, 6.1 ], 
            "rotation": { "origin": [ 8.0, 8.0, 8.0 ], "axis": "y", "angle": 45.0 },
            "faces": {
                "north": { "texture": "#hardened_clay_yellow", "uv": [ 0, 10, 2.4, 11 ] },
                "east": { "texture": "#hardened_clay_yellow", "uv": [ 0, 9, 1, 10 ] },
                "south": { "texture": "#hardened_clay_yellow", "uv": [ 0, 9, 2.4, 10 ] },
                "west": { "texture": "#hardened_clay_yellow", "uv": [ 0, 8, 1, 9 ] },
                "up": { "texture": "#hardened_clay_yellow", "uv": [ 0, 9, 2.4, 10 ] },
                "down": { "texture": "#hardened_clay_yellow", "uv": [ 0, 8, 2.4, 9 ] }
            }
        },
        {
            "name": "NE2",
            "from": [ 6.8, 16, 5.1 ], 
            "to": [ 9.2, 17, 6.1 ], 
            "rotation": { "origin": [ 8.0, 8.0, 8.0 ], "axis": "y", "angle": -45.0 },
            "faces": {
                "north": { "texture": "#hardened_clay_yellow", "uv": [ 0, 10, 2.4, 11 ] },
                "east": { "texture": "#hardened_clay_yellow", "uv": [ 0, 9, 1, 10 ] },
                "south": { "texture": "#hardened_clay_yellow", "uv": [ 0, 9, 2.4, 10 ] },
                "west": { "texture": "#hardened_clay_yellow", "uv": [ 0, 8, 1, 9 ] },
                "up": { "texture": "#hardened_clay_yellow", "uv": [ 0, 9, 2.4, 10 ] },
                "down": { "texture": "#hardened_clay_yellow", "uv": [ 0, 8, 2.4, 9 ] }
            }
        },
        {
            "name": "SW2",
            "from": [ 6.8, 16, 9.9 ], 
            "to": [ 9.2, 17, 10.9 ], 
            "rotation": { "origin": [ 8.0, 8.0, 8.0 ], "axis": "y", "angle": -45.0 },
            "faces": {
                "north": { "texture": "#hardened_clay_yellow", "uv": [ 0, 10, 2.4, 11 ] },
                "east": { "texture": "#hardened_clay_yellow", "uv": [ 0, 9, 1, 10 ] },
                "south": { "texture": "#hardened_clay_yellow", "uv": [ 0, 9, 2.4, 10 ] },
                "west": { "texture": "#hardened_clay_yellow", "uv": [ 0, 8, 1, 9 ] },
                "up": { "texture": "#hardened_clay_yellow", "uv": [ 0, 9, 2.4, 10 ] },
                "down": { "texture": "#hardened_clay_yellow", "uv": [ 0, 8, 2.4, 9 ] }
            }
        },
        {
            "name": "SE2",
            "from": [ 6.8, 16, 9.9 ], 
            "to": [ 9.2, 17, 10.9 ], 
            "rotation": { "origin": [ 8.0, 8.0, 8.0 ], "axis": "y", "angle": 45.0 },
            "faces": {
                "north": { "texture": "#hardened_clay_yellow", "uv": [ 0, 10, 2.4, 11 ] },
                "east": { "texture": "#hardened_clay_yellow", "uv": [ 0, 9, 1, 10 ] },
                "south": { "texture": "#hardened_clay_yellow", "uv": [ 0, 9, 2.4, 10 ] },
                "west": { "texture": "#hardened_clay_yellow", "uv": [ 0, 8, 1, 9 ] },
                "up": { "texture": "#hardened_clay_yellow", "uv": [ 0, 9, 2.4, 10 ] },
                "down": { "texture": "#hardened_clay_yellow", "uv": [ 0, 8, 2.4, 9 ] }
            }
        },
        {
            "name": "W2",
            "from": [ 5.1, 16, 6.8 ], 
            "to": [ 6.1, 17, 9.2 ], 
            "faces": {
                "north": { "texture": "#hardened_clay_yellow", "uv": [ 0, 10, 1, 11 ] },
                "east": { "texture": "#hardened_clay_yellow", "uv": [ 0, 9, 2.4, 10 ] },
                "south": { "texture": "#hardened_clay_yellow", "uv": [ 0, 9, 1, 10 ] },
                "west": { "texture": "#hardened_clay_yellow", "uv": [ 0, 8, 2.4, 9 ] },
                "up": { "texture": "#hardened_clay_yellow", "uv": [ 0, 9, 1, 11.4 ] },
                "down": { "texture": "#hardened_clay_yellow", "uv": [ 0, 8, 1, 10.4 ] }
            }
        },
        {
            "name": "S2",
            "from": [ 6.8, 16, 9.9 ], 
            "to": [ 9.2, 17, 10.9 ], 
            "faces": {
                "north": { "texture": "#hardened_clay_yellow", "uv": [ 0, 10, 2.4, 11 ] },
                "east": { "texture": "#hardened_clay_yellow", "uv": [ 0, 9, 1, 10 ] },
                "south": { "texture": "#hardened_clay_yellow", "uv": [ 0, 9, 2.4, 10 ] },
                "west": { "texture": "#hardened_clay_yellow", "uv": [ 0, 8, 1, 9 ] },
                "up": { "texture": "#hardened_clay_yellow", "uv": [ 0, 9, 2.4, 10 ] },
                "down": { "texture": "#hardened_clay_yellow", "uv": [ 0, 8, 2.4, 9 ] }
            }
        },
        {
            "name": "E2",
            "from": [ 9.9, 16, 6.8 ], 
            "to": [ 10.9, 17, 9.2 ], 
            "faces": {
                "north": { "texture": "#hardened_clay_yellow", "uv": [ 0, 10, 1, 11 ] },
                "east": { "texture": "#hardened_clay_yellow", "uv": [ 0, 9, 2.4, 10 ] },
                "south": { "texture": "#hardened_clay_yellow", "uv": [ 0, 9, 1, 10 ] },
                "west": { "texture": "#hardened_clay_yellow", "uv": [ 0, 8, 2.4, 9 ] },
                "up": { "texture": "#hardened_clay_yellow", "uv": [ 0, 9, 1, 11.4 ] },
                "down": { "texture": "#hardened_clay_yellow", "uv": [ 0, 8, 1, 10.4 ] }
            }
        },
        {
            "name": "N3",
            "from": [ 6.8, 17, 5.2 ], 
            "to": [ 9.2, 18, 6.2 ], 
            "faces": {
                "north": { "texture": "#hardened_clay_yellow", "uv": [ 0, 10, 2.4, 11 ] },
                "east": { "texture": "#hardened_clay_yellow", "uv": [ 0, 9, 1, 10 ] },
                "south": { "texture": "#hardened_clay_yellow", "uv": [ 0, 9, 2.4, 10 ] },
                "west": { "texture": "#hardened_clay_yellow", "uv": [ 0, 8, 1, 9 ] },
                "up": { "texture": "#hardened_clay_yellow", "uv": [ 0, 9, 2.4, 10 ] },
                "down": { "texture": "#hardened_clay_yellow", "uv": [ 0, 8, 2.4, 9 ] }
            }
        },
        {
            "name": "E3",
            "from": [ 9.8, 17, 6.8 ], 
            "to": [ 10.8, 18, 9.2 ], 
            "faces": {
                "north": { "texture": "#hardened_clay_yellow", "uv": [ 0, 10, 1, 11 ] },
                "east": { "texture": "#hardened_clay_yellow", "uv": [ 0, 9, 2.4, 10 ] },
                "south": { "texture": "#hardened_clay_yellow", "uv": [ 0, 9, 1, 10 ] },
                "west": { "texture": "#hardened_clay_yellow", "uv": [ 0, 8, 2.4, 9 ] },
                "up": { "texture": "#hardened_clay_yellow", "uv": [ 0, 9, 1, 11.4 ] },
                "down": { "texture": "#hardened_clay_yellow", "uv": [ 0, 8, 1, 10.4 ] }
            }
        },
        {
            "name": "S3",
            "from": [ 6.8, 17, 9.8 ], 
            "to": [ 9.2, 18, 10.8 ], 
            "faces": {
                "north": { "texture": "#hardened_clay_yellow", "uv": [ 0, 10, 2.4, 11 ] },
                "east": { "texture": "#hardened_clay_yellow", "uv": [ 0, 9, 1, 10 ] },
                "south": { "texture": "#hardened_clay_yellow", "uv": [ 0, 9, 2.4, 10 ] },
                "west": { "texture": "#hardened_clay_yellow", "uv": [ 0, 8, 1, 9 ] },
                "up": { "texture": "#hardened_clay_yellow", "uv": [ 0, 9, 2.4, 10 ] },
                "down": { "texture": "#hardened_clay_yellow", "uv": [ 0, 8, 2.4, 9 ] }
            }
        },
        {
            "name": "W3",
            "from": [ 5.2, 17, 6.8 ], 
            "to": [ 6.2, 18, 9.2 ], 
            "faces": {
                "north": { "texture": "#hardened_clay_yellow", "uv": [ 0, 10, 1, 11 ] },
                "east": { "texture": "#hardened_clay_yellow", "uv": [ 0, 9, 2.4, 10 ] },
                "south": { "texture": "#hardened_clay_yellow", "uv": [ 0, 9, 1, 10 ] },
                "west": { "texture": "#hardened_clay_yellow", "uv": [ 0, 8, 2.4, 9 ] },
                "up": { "texture": "#hardened_clay_yellow", "uv": [ 0, 9, 1, 11.4 ] },
                "down": { "texture": "#hardened_clay_yellow", "uv": [ 0, 8, 1, 10.4 ] }
            }
        },
        {
            "name": "NW3",
            "from": [ 6.9, 17, 5.2 ], 
            "to": [ 9.1, 18, 6.2 ], 
            "rotation": { "origin": [ 8.0, 8.0, 8.0 ], "axis": "y", "angle": 45.0 },
            "faces": {
                "north": { "texture": "#hardened_clay_yellow", "uv": [ 0, 10, 2.2, 11 ] },
                "east": { "texture": "#hardened_clay_yellow", "uv": [ 0, 9, 1, 10 ] },
                "south": { "texture": "#hardened_clay_yellow", "uv": [ 0, 9, 2.2, 10 ] },
                "west": { "texture": "#hardened_clay_yellow", "uv": [ 0, 8, 1, 9 ] },
                "up": { "texture": "#hardened_clay_yellow", "uv": [ 0, 9, 2.2, 10 ] },
                "down": { "texture": "#hardened_clay_yellow", "uv": [ 0, 8, 2.2, 9 ] }
            }
        },
        {
            "name": "NE3",
            "from": [ 6.9, 17, 5.2 ], 
            "to": [ 9.1, 18, 6.2 ], 
            "rotation": { "origin": [ 8.0, 8.0, 8.0 ], "axis": "y", "angle": -45.0 },
            "faces": {
                "north": { "texture": "#hardened_clay_yellow", "uv": [ 0, 10, 2.2, 11 ] },
                "east": { "texture": "#hardened_clay_yellow", "uv": [ 0, 9, 1, 10 ] },
                "south": { "texture": "#hardened_clay_yellow", "uv": [ 0, 9, 2.2, 10 ] },
                "west": { "texture": "#hardened_clay_yellow", "uv": [ 0, 8, 1, 9 ] },
                "up": { "texture": "#hardened_clay_yellow", "uv": [ 0, 9, 2.2, 10 ] },
                "down": { "texture": "#hardened_clay_yellow", "uv": [ 0, 8, 2.2, 9 ] }
            }
        },
        {
            "name": "SE3",
            "from": [ 6.9, 17, 9.8 ], 
            "to": [ 9.1, 18, 10.8 ], 
            "rotation": { "origin": [ 8.0, 8.0, 8.0 ], "axis": "y", "angle": 45.0 },
            "faces": {
                "north": { "texture": "#hardened_clay_yellow", "uv": [ 0, 10, 2.2, 11 ] },
                "east": { "texture": "#hardened_clay_yellow", "uv": [ 0, 9, 1, 10 ] },
                "south": { "texture": "#hardened_clay_yellow", "uv": [ 0, 9, 2.2, 10 ] },
                "west": { "texture": "#hardened_clay_yellow", "uv": [ 0, 8, 1, 9 ] },
                "up": { "texture": "#hardened_clay_yellow", "uv": [ 0, 9, 2.2, 10 ] },
                "down": { "texture": "#hardened_clay_yellow", "uv": [ 0, 8, 2.2, 9 ] }
            }
        },
        {
            "name": "SW3",
            "from": [ 6.9, 17, 9.8 ], 
            "to": [ 9.1, 18, 10.8 ], 
            "rotation": { "origin": [ 8.0, 8.0, 8.0 ], "axis": "y", "angle": -45.0 },
            "faces": {
                "north": { "texture": "#hardened_clay_yellow", "uv": [ 0, 10, 2.2, 11 ] },
                "east": { "texture": "#hardened_clay_yellow", "uv": [ 0, 9, 1, 10 ] },
                "south": { "texture": "#hardened_clay_yellow", "uv": [ 0, 9, 2.2, 10 ] },
                "west": { "texture": "#hardened_clay_yellow", "uv": [ 0, 8, 1, 9 ] },
                "up": { "texture": "#hardened_clay_yellow", "uv": [ 0, 9, 2.2, 10 ] },
                "down": { "texture": "#hardened_clay_yellow", "uv": [ 0, 8, 2.2, 9 ] }
            }
        },
        {
            "name": "N4",
            "from": [ 6.9, 18, 5.3 ], 
            "to": [ 9.1, 19, 6.3 ], 
            "faces": {
                "north": { "texture": "#hardened_clay_yellow", "uv": [ 0, 10, 2.2, 11 ] },
                "east": { "texture": "#hardened_clay_yellow", "uv": [ 0, 9, 1, 10 ] },
                "south": { "texture": "#hardened_clay_yellow", "uv": [ 0, 9, 2.2, 10 ] },
                "west": { "texture": "#hardened_clay_yellow", "uv": [ 0, 8, 1, 9 ] },
                "up": { "texture": "#hardened_clay_yellow", "uv": [ 0, 9, 2.2, 10 ] },
                "down": { "texture": "#hardened_clay_yellow", "uv": [ 0, 8, 2.2, 9 ] }
            }
        },
        {
            "name": "E4",
            "from": [ 9.7, 18, 6.9 ], 
            "to": [ 10.7, 19, 9.1 ], 
            "faces": {
                "north": { "texture": "#hardened_clay_yellow", "uv": [ 0, 10, 1, 11 ] },
                "east": { "texture": "#hardened_clay_yellow", "uv": [ 0, 9, 2.2, 10 ] },
                "south": { "texture": "#hardened_clay_yellow", "uv": [ 0, 9, 1, 10 ] },
                "west": { "texture": "#hardened_clay_yellow", "uv": [ 0, 8, 2.2, 9 ] },
                "up": { "texture": "#hardened_clay_yellow", "uv": [ 0, 9, 1, 11.2 ] },
                "down": { "texture": "#hardened_clay_yellow", "uv": [ 0, 8, 1, 10.2 ] }
            }
        },
        {
            "name": "S4",
            "from": [ 6.9, 18, 9.7 ], 
            "to": [ 9.1, 19, 10.7 ], 
            "faces": {
                "north": { "texture": "#hardened_clay_yellow", "uv": [ 0, 10, 2.2, 11 ] },
                "east": { "texture": "#hardened_clay_yellow", "uv": [ 0, 9, 1, 10 ] },
                "south": { "texture": "#hardened_clay_yellow", "uv": [ 0, 9, 2.2, 10 ] },
                "west": { "texture": "#hardened_clay_yellow", "uv": [ 0, 8, 1, 9 ] },
                "up": { "texture": "#hardened_clay_yellow", "uv": [ 0, 9, 2.2, 10 ] },
                "down": { "texture": "#hardened_clay_yellow", "uv": [ 0, 8, 2.2, 9 ] }
            }
        },
        {
            "name": "W4",
            "from": [ 5.3, 18, 6.9 ], 
            "to": [ 6.3, 19, 9.1 ], 
            "faces": {
                "north": { "texture": "#hardened_clay_yellow", "uv": [ 0, 10, 1, 11 ] },
                "east": { "texture": "#hardened_clay_yellow", "uv": [ 0, 9, 2.2, 10 ] },
                "south": { "texture": "#hardened_clay_yellow", "uv": [ 0, 9, 1, 10 ] },
                "west": { "texture": "#hardened_clay_yellow", "uv": [ 0, 8, 2.2, 9 ] },
                "up": { "texture": "#hardened_clay_yellow", "uv": [ 0, 9, 1, 11.2 ] },
                "down": { "texture": "#hardened_clay_yellow", "uv": [ 0, 8, 1, 10.2 ] }
            }
        },
        {
            "name": "NW4",
            "from": [ 7, 18, 5.3 ], 
            "to": [ 9, 19, 5.4 ], 
            "rotation": { "origin": [ 8.0, 8.0, 8.0 ], "axis": "y", "angle": 45.0 },
            "faces": {
                "north": { "texture": "#hardened_clay_yellow", "uv": [ 0, 10, 2, 11 ] },
                "east": { "texture": "#hardened_clay_yellow", "uv": [ 0, 9, 0.1, 10 ] },
                "south": { "texture": "#hardened_clay_yellow", "uv": [ 0, 9, 2, 10 ] },
                "west": { "texture": "#hardened_clay_yellow", "uv": [ 0, 8, 0.1, 9 ] },
                "up": { "texture": "#hardened_clay_yellow", "uv": [ 0, 9, 2, 9.1 ] },
                "down": { "texture": "#hardened_clay_yellow", "uv": [ 0, 8, 2, 8.1 ] }
            }
        },
        {
            "name": "NE4",
            "from": [ 6.9, 18, 5.3 ], 
            "to": [ 9.1, 19, 6.3 ], 
            "rotation": { "origin": [ 8.0, 8.0, 8.0 ], "axis": "y", "angle": -45.0 },
            "faces": {
                "north": { "texture": "#hardened_clay_yellow", "uv": [ 0, 10, 2.2, 11 ] },
                "east": { "texture": "#hardened_clay_yellow", "uv": [ 0, 9, 1, 10 ] },
                "south": { "texture": "#hardened_clay_yellow", "uv": [ 0, 9, 2.2, 10 ] },
                "west": { "texture": "#hardened_clay_yellow", "uv": [ 0, 8, 1, 9 ] },
                "up": { "texture": "#hardened_clay_yellow", "uv": [ 0, 9, 2.2, 10 ] },
                "down": { "texture": "#hardened_clay_yellow", "uv": [ 0, 8, 2.2, 9 ] }
            }
        },
        {
            "name": "SE4",
            "from": [ 6.9, 18, 9.7 ], 
            "to": [ 9.1, 19, 10.7 ], 
            "rotation": { "origin": [ 8.0, 8.0, 8.0 ], "axis": "y", "angle": 45.0 },
            "faces": {
                "north": { "texture": "#hardened_clay_yellow", "uv": [ 0, 10, 2.2, 11 ] },
                "east": { "texture": "#hardened_clay_yellow", "uv": [ 0, 9, 1, 10 ] },
                "south": { "texture": "#hardened_clay_yellow", "uv": [ 0, 9, 2.2, 10 ] },
                "west": { "texture": "#hardened_clay_yellow", "uv": [ 0, 8, 1, 9 ] },
                "up": { "texture": "#hardened_clay_yellow", "uv": [ 0, 9, 2.2, 10 ] },
                "down": { "texture": "#hardened_clay_yellow", "uv": [ 0, 8, 2.2, 9 ] }
            }
        },
        {
            "name": "SW4",
            "from": [ 6.8, 18, 9.7 ], 
            "to": [ 9.1, 19, 10.7 ], 
            "rotation": { "origin": [ 8.0, 8.0, 8.0 ], "axis": "y", "angle": -45.0 },
            "faces": {
                "north": { "texture": "#hardened_clay_yellow", "uv": [ 0, 10, 2.3, 11 ] },
                "east": { "texture": "#hardened_clay_yellow", "uv": [ 0, 9, 1, 10 ] },
                "south": { "texture": "#hardened_clay_yellow", "uv": [ 0, 9, 2.3, 10 ] },
                "west": { "texture": "#hardened_clay_yellow", "uv": [ 0, 8, 1, 9 ] },
                "up": { "texture": "#hardened_clay_yellow", "uv": [ 0, 9, 2.3, 10 ] },
                "down": { "texture": "#hardened_clay_yellow", "uv": [ 0, 8, 2.3, 9 ] }
            }
        },
        {
            "name": "N5",
            "from": [ 6.9, 19, 5.4 ], 
            "to": [ 9.1, 20, 6.4 ], 
            "faces": {
                "north": { "texture": "#hardened_clay_yellow", "uv": [ 0, 10, 2.2, 11 ] },
                "east": { "texture": "#hardened_clay_yellow", "uv": [ 0, 9, 1, 10 ] },
                "south": { "texture": "#hardened_clay_yellow", "uv": [ 0, 9, 2.2, 10 ] },
                "west": { "texture": "#hardened_clay_yellow", "uv": [ 0, 8, 1, 9 ] },
                "up": { "texture": "#hardened_clay_yellow", "uv": [ 0, 9, 2.2, 10 ] },
                "down": { "texture": "#hardened_clay_yellow", "uv": [ 0, 8, 2.2, 9 ] }
            }
        },
        {
            "name": "E5",
            "from": [ 9.6, 19, 6.9 ], 
            "to": [ 10.6, 20, 9.1 ], 
            "faces": {
                "north": { "texture": "#hardened_clay_yellow", "uv": [ 0, 10, 1, 11 ] },
                "east": { "texture": "#hardened_clay_yellow", "uv": [ 0, 9, 2.2, 10 ] },
                "south": { "texture": "#hardened_clay_yellow", "uv": [ 0, 9, 1, 10 ] },
                "west": { "texture": "#hardened_clay_yellow", "uv": [ 0, 8, 2.2, 9 ] },
                "up": { "texture": "#hardened_clay_yellow", "uv": [ 0, 9, 1, 11.2 ] },
                "down": { "texture": "#hardened_clay_yellow", "uv": [ 0, 8, 1, 10.2 ] }
            }
        },
        {
            "name": "S5",
            "from": [ 6.9, 19, 9.6 ], 
            "to": [ 9.1, 20, 10.6 ], 
            "faces": {
                "north": { "texture": "#hardened_clay_yellow", "uv": [ 0, 10, 2.2, 11 ] },
                "east": { "texture": "#hardened_clay_yellow", "uv": [ 0, 9, 1, 10 ] },
                "south": { "texture": "#hardened_clay_yellow", "uv": [ 0, 9, 2.2, 10 ] },
                "west": { "texture": "#hardened_clay_yellow", "uv": [ 0, 8, 1, 9 ] },
                "up": { "texture": "#hardened_clay_yellow", "uv": [ 0, 9, 2.2, 10 ] },
                "down": { "texture": "#hardened_clay_yellow", "uv": [ 0, 8, 2.2, 9 ] }
            }
        },
        {
            "name": "W5",
            "from": [ 5.4, 19, 6.9 ], 
            "to": [ 6.4, 20, 9.1 ], 
            "faces": {
                "north": { "texture": "#hardened_clay_yellow", "uv": [ 0, 10, 1, 11 ] },
                "east": { "texture": "#hardened_clay_yellow", "uv": [ 0, 9, 2.2, 10 ] },
                "south": { "texture": "#hardened_clay_yellow", "uv": [ 0, 9, 1, 10 ] },
                "west": { "texture": "#hardened_clay_yellow", "uv": [ 0, 8, 2.2, 9 ] },
                "up": { "texture": "#hardened_clay_yellow", "uv": [ 0, 9, 1, 11.2 ] },
                "down": { "texture": "#hardened_clay_yellow", "uv": [ 0, 8, 1, 10.2 ] }
            }
        },
        {
            "name": "NW5",
            "from": [ 7, 19, 5.4 ], 
            "to": [ 9, 20, 6.4 ], 
            "rotation": { "origin": [ 8.0, 8.0, 8.0 ], "axis": "y", "angle": 45.0 },
            "faces": {
                "north": { "texture": "#hardened_clay_yellow", "uv": [ 0, 10, 2, 11 ] },
                "east": { "texture": "#hardened_clay_yellow", "uv": [ 0, 9, 1, 10 ] },
                "south": { "texture": "#hardened_clay_yellow", "uv": [ 0, 9, 2, 10 ] },
                "west": { "texture": "#hardened_clay_yellow", "uv": [ 0, 8, 1, 9 ] },
                "up": { "texture": "#hardened_clay_yellow", "uv": [ 0, 9, 2, 10 ] },
                "down": { "texture": "#hardened_clay_yellow", "uv": [ 0, 8, 2, 9 ] }
            }
        },
        {
            "name": "NE5",
            "from": [ 7, 19, 5.4 ], 
            "to": [ 9.1, 20, 6.4 ], 
            "rotation": { "origin": [ 8.0, 8.0, 8.0 ], "axis": "y", "angle": -45.0 },
            "faces": {
                "north": { "texture": "#hardened_clay_yellow", "uv": [ 0, 10, 2.1, 11 ] },
                "east": { "texture": "#hardened_clay_yellow", "uv": [ 0, 9, 1, 10 ] },
                "south": { "texture": "#hardened_clay_yellow", "uv": [ 0, 9, 2.1, 10 ] },
                "west": { "texture": "#hardened_clay_yellow", "uv": [ 0, 8, 1, 9 ] },
                "up": { "texture": "#hardened_clay_yellow", "uv": [ 0, 9, 2.1, 10 ] },
                "down": { "texture": "#hardened_clay_yellow", "uv": [ 0, 8, 2.1, 9 ] }
            }
        },
        {
            "name": "SE5",
            "from": [ 7, 19, 9.6 ], 
            "to": [ 9, 20, 10.6 ], 
            "rotation": { "origin": [ 8.0, 8.0, 8.0 ], "axis": "y", "angle": 45.0 },
            "faces": {
                "north": { "texture": "#hardened_clay_yellow", "uv": [ 0, 10, 2, 11 ] },
                "east": { "texture": "#hardened_clay_yellow", "uv": [ 0, 9, 1, 10 ] },
                "south": { "texture": "#hardened_clay_yellow", "uv": [ 0, 9, 2, 10 ] },
                "west": { "texture": "#hardened_clay_yellow", "uv": [ 0, 8, 1, 9 ] },
                "up": { "texture": "#hardened_clay_yellow", "uv": [ 0, 9, 2, 10 ] },
                "down": { "texture": "#hardened_clay_yellow", "uv": [ 0, 8, 2, 9 ] }
            }
        },
        {
            "name": "SW5",
            "from": [ 7, 19, 9.6 ], 
            "to": [ 9.1, 20, 10.6 ], 
            "rotation": { "origin": [ 8.0, 8.0, 8.0 ], "axis": "y", "angle": -45.0 },
            "faces": {
                "north": { "texture": "#hardened_clay_yellow", "uv": [ 0, 10, 2.1, 11 ] },
                "east": { "texture": "#hardened_clay_yellow", "uv": [ 0, 9, 1, 10 ] },
                "south": { "texture": "#hardened_clay_yellow", "uv": [ 0, 9, 2.1, 10 ] },
                "west": { "texture": "#hardened_clay_yellow", "uv": [ 0, 8, 1, 9 ] },
                "up": { "texture": "#hardened_clay_yellow", "uv": [ 0, 9, 2.1, 10 ] },
                "down": { "texture": "#hardened_clay_yellow", "uv": [ 0, 8, 2.1, 9 ] }
            }
        },
        {
            "name": "N6",
            "from": [ 7, 20, 5.5 ], 
            "to": [ 9, 21, 6.5 ], 
            "faces": {
                "north": { "texture": "#hardened_clay_yellow", "uv": [ 0, 10, 2, 11 ] },
                "east": { "texture": "#hardened_clay_yellow", "uv": [ 0, 9, 1, 10 ] },
                "west": { "texture": "#hardened_clay_yellow", "uv": [ 0, 8, 1, 9 ] },
                "up": { "texture": "#hardened_clay_yellow", "uv": [ 0, 9, 2, 10 ] },
                "down": { "texture": "#hardened_clay_yellow", "uv": [ 0, 8, 2, 9 ] }
            }
        },
        {
            "name": "E6",
            "from": [ 9.5, 20, 7 ], 
            "to": [ 10.5, 21, 9 ], 
            "faces": {
                "north": { "texture": "#hardened_clay_yellow", "uv": [ 0, 10, 1, 11 ] },
                "east": { "texture": "#hardened_clay_yellow", "uv": [ 0, 9, 2, 10 ] },
                "south": { "texture": "#hardened_clay_yellow", "uv": [ 0, 9, 1, 10 ] },
                "up": { "texture": "#hardened_clay_yellow", "uv": [ 0, 9, 1, 11 ] },
                "down": { "texture": "#hardened_clay_yellow", "uv": [ 0, 8, 1, 10 ] }
            }
        },
        {
            "name": "S6",
            "from": [ 7, 20, 9.5 ], 
            "to": [ 9, 21, 10.5 ], 
            "faces": {
                "east": { "texture": "#hardened_clay_yellow", "uv": [ 0, 9, 1, 10 ] },
                "south": { "texture": "#hardened_clay_yellow", "uv": [ 0, 9, 2, 10 ] },
                "west": { "texture": "#hardened_clay_yellow", "uv": [ 0, 8, 1, 9 ] },
                "up": { "texture": "#hardened_clay_yellow", "uv": [ 0, 9, 2, 10 ] },
                "down": { "texture": "#hardened_clay_yellow", "uv": [ 0, 8, 2, 9 ] }
            }
        },
        {
            "name": "W6",
            "from": [ 5.5, 20, 7 ], 
            "to": [ 6.5, 21, 9 ], 
            "faces": {
                "north": { "texture": "#hardened_clay_yellow", "uv": [ 0, 10, 1, 11 ] },
                "south": { "texture": "#hardened_clay_yellow", "uv": [ 0, 9, 1, 10 ] },
                "west": { "texture": "#hardened_clay_yellow", "uv": [ 0, 8, 2, 9 ] },
                "up": { "texture": "#hardened_clay_yellow", "uv": [ 0, 9, 1, 11 ] },
                "down": { "texture": "#hardened_clay_yellow", "uv": [ 0, 8, 1, 10 ] }
            }
        },
        {
            "name": "NW6",
            "from": [ 7, 20, 5.5 ], 
            "to": [ 9, 21, 6.5 ], 
            "rotation": { "origin": [ 8.0, 8.0, 8.0 ], "axis": "y", "angle": 45.0 },
            "faces": {
                "north": { "texture": "#hardened_clay_yellow", "uv": [ 0, 10, 2, 11 ] },
                "east": { "texture": "#hardened_clay_yellow", "uv": [ 0, 9, 1, 10 ] },
                "south": { "texture": "#hardened_clay_yellow", "uv": [ 0, 9, 2, 10 ] },
                "west": { "texture": "#hardened_clay_yellow", "uv": [ 0, 8, 1, 9 ] },
                "up": { "texture": "#hardened_clay_yellow", "uv": [ 0, 9, 2, 10 ] },
                "down": { "texture": "#hardened_clay_yellow", "uv": [ 0, 8, 2, 9 ] }
            }
        },
        {
            "name": "NE6",
            "from": [ 7, 20, 5.5 ], 
            "to": [ 9, 21, 6.5 ], 
            "rotation": { "origin": [ 8.0, 8.0, 8.0 ], "axis": "y", "angle": -45.0 },
            "faces": {
                "north": { "texture": "#hardened_clay_yellow", "uv": [ 0, 10, 2, 11 ] },
                "east": { "texture": "#hardened_clay_yellow", "uv": [ 0, 9, 1, 10 ] },
                "south": { "texture": "#hardened_clay_yellow", "uv": [ 0, 9, 2, 10 ] },
                "west": { "texture": "#hardened_clay_yellow", "uv": [ 0, 8, 1, 9 ] },
                "up": { "texture": "#hardened_clay_yellow", "uv": [ 0, 9, 2, 10 ] },
                "down": { "texture": "#hardened_clay_yellow", "uv": [ 0, 8, 2, 9 ] }
            }
        },
        {
            "name": "SE6",
            "from": [ 7, 20, 9.5 ], 
            "to": [ 9, 21, 10.5 ], 
            "rotation": { "origin": [ 8.0, 8.0, 8.0 ], "axis": "y", "angle": 45.0 },
            "faces": {
                "north": { "texture": "#hardened_clay_yellow", "uv": [ 0, 10, 2, 11 ] },
                "east": { "texture": "#hardened_clay_yellow", "uv": [ 0, 9, 1, 10 ] },
                "south": { "texture": "#hardened_clay_yellow", "uv": [ 0, 9, 2, 10 ] },
                "west": { "texture": "#hardened_clay_yellow", "uv": [ 0, 8, 1, 9 ] },
                "up": { "texture": "#hardened_clay_yellow", "uv": [ 0, 9, 2, 10 ] },
                "down": { "texture": "#hardened_clay_yellow", "uv": [ 0, 8, 2, 9 ] }
            }
        },
        {
            "name": "SW6",
            "from": [ 7, 20, 9.5 ], 
            "to": [ 9, 21, 10.5 ], 
            "rotation": { "origin": [ 8.0, 8.0, 8.0 ], "axis": "y", "angle": -45.0 },
            "faces": {
                "north": { "texture": "#hardened_clay_yellow", "uv": [ 0, 10, 2, 11 ] },
                "east": { "texture": "#hardened_clay_yellow", "uv": [ 0, 9, 1, 10 ] },
                "south": { "texture": "#hardened_clay_yellow", "uv": [ 0, 9, 2, 10 ] },
                "west": { "texture": "#hardened_clay_yellow", "uv": [ 0, 8, 1, 9 ] },
                "up": { "texture": "#hardened_clay_yellow", "uv": [ 0, 9, 2, 10 ] },
                "down": { "texture": "#hardened_clay_yellow", "uv": [ 0, 8, 2, 9 ] }
            }
        },
        {
            "name": "Top",
            "from": [ 6.5, 20, 6.5 ], 
            "to": [ 9.7, 21, 9.7 ], 
            "faces": {
                "north": { "texture": "#hardened_clay_yellow", "uv": [ 0, 10, 3.2, 11 ] },
                "east": { "texture": "#hardened_clay_yellow", "uv": [ 0, 9, 3.2, 10 ] },
                "south": { "texture": "#hardened_clay_yellow", "uv": [ 0, 9, 3.2, 10 ] },
                "west": { "texture": "#hardened_clay_yellow", "uv": [ 0, 8, 3.2, 9 ] },
                "up": { "texture": "#hardened_clay_yellow", "uv": [ 0, 9, 3.2, 12.2 ] },
                "down": { "texture": "#hardened_clay_yellow", "uv": [ 0, 8, 3.2, 11.2 ] }
            }
        },
        {
            "name": "String",
            "from": [ 7.5, 21, 7.5 ], 
            "to": [ 8.5, 22, 8.5 ], 
            "rotation": { "origin": [ 8.0, 8.0, 8.0 ], "axis": "y", "angle": -22.5 },
            "faces": {
                "north": { "texture": "#hardened_clay_yellow", "uv": [ 10, 1, 11, 2 ] },
                "east": { "texture": "#hardened_clay_yellow", "uv": [ 10, 1, 11, 2 ] },
                "south": { "texture": "#hardened_clay_yellow", "uv": [ 9, 1, 10, 2 ] },
                "west": { "texture": "#hardened_clay_yellow", "uv": [ 10, 0, 11, 1 ] },
                "up": { "texture": "#hardened_clay_yellow", "uv": [ 10, 1, 11, 2 ] },
                "down": { "texture": "#hardened_clay_yellow", "uv": [ 10, 1, 11, 2 ] }
            }
        },
        {
            "name": "String",
            "from": [ 8.4, 20.9, 8 ], 
            "to": [ 10.6, 21.4, 8.5 ], 
            "rotation": { "origin": [ 8.0, 8.0, 8.0 ], "axis": "y", "angle": -45.0 },
            "faces": {
                "north": { "texture": "#hardened_clay_yellow", "uv": [ 10, 1, 12.2, 1.5 ] },
                "east": { "texture": "#hardened_clay_yellow", "uv": [ 10, 1, 10.5, 1.5 ] },
                "south": { "texture": "#hardened_clay_yellow", "uv": [ 9, 1, 11.2, 1.5 ] },
                "west": { "texture": "#hardened_clay_yellow", "uv": [ 10, 0, 10.5, 0.5 ] },
                "up": { "texture": "#hardened_clay_yellow", "uv": [ 10, 1, 12.2, 1.5 ] },
                "down": { "texture": "#hardened_clay_yellow", "uv": [ 10, 1, 12.2, 1.5 ] }
            }
        },
        {
            "name": "String",
            "from": [ 10.4, 20.1, 8 ], 
            "to": [ 10.9, 21.4, 8.5 ], 
            "rotation": { "origin": [ 8.0, 8.0, 8.0 ], "axis": "y", "angle": -45.0 },
            "faces": {
                "north": { "texture": "#hardened_clay_yellow", "uv": [ 10, 1, 10.5, 2.3 ] },
                "east": { "texture": "#hardened_clay_yellow", "uv": [ 10, 1, 10.5, 2.3 ] },
                "south": { "texture": "#hardened_clay_yellow", "uv": [ 9, 1, 9.5, 2.3 ] },
                "west": { "texture": "#hardened_clay_yellow", "uv": [ 10, 0, 10.5, 1.3 ] },
                "up": { "texture": "#hardened_clay_yellow", "uv": [ 10, 1, 10.5, 1.5 ] },
                "down": { "texture": "#hardened_clay_yellow", "uv": [ 10, 1, 10.5, 1.5 ] }
            }
        },
        {
            "name": "String",
            "from": [ 10.5, 19.2, 8.3 ], 
            "to": [ 11, 20.2, 8.8 ], 
            "rotation": { "origin": [ 8.0, 8.0, 8.0 ], "axis": "y", "angle": -45.0 },
            "faces": {
                "north": { "texture": "#hardened_clay_yellow", "uv": [ 10, 1, 10.5, 2 ] },
                "east": { "texture": "#hardened_clay_yellow", "uv": [ 10, 1, 10.5, 2 ] },
                "south": { "texture": "#hardened_clay_yellow", "uv": [ 9, 1, 9.5, 2 ] },
                "west": { "texture": "#hardened_clay_yellow", "uv": [ 10, 0, 10.5, 1 ] },
                "up": { "texture": "#hardened_clay_yellow", "uv": [ 10, 1, 10.5, 1.5 ] },
                "down": { "texture": "#hardened_clay_yellow", "uv": [ 10, 1, 10.5, 1.5 ] }
            }
        },
        {
            "name": "String",
            "from": [ 10.5, 19.6, 7.6 ], 
            "to": [ 11, 20.3, 8.1 ], 
            "rotation": { "origin": [ 8.0, 8.0, 8.0 ], "axis": "y", "angle": -45.0 },
            "faces": {
                "north": { "texture": "#hardened_clay_yellow", "uv": [ 10, 1, 10.5, 1.7 ] },
                "east": { "texture": "#hardened_clay_yellow", "uv": [ 10, 1, 10.5, 1.7 ] },
                "south": { "texture": "#hardened_clay_yellow", "uv": [ 9, 1, 9.5, 1.7 ] },
                "west": { "texture": "#hardened_clay_yellow", "uv": [ 10, 0, 10.5, 0.7 ] },
                "up": { "texture": "#hardened_clay_yellow", "uv": [ 10, 1, 10.5, 1.5 ] },
                "down": { "texture": "#hardened_clay_yellow", "uv": [ 10, 1, 10.5, 1.5 ] }
            }
        }
    ]
}