{
	"credit": "Made with Blockbench",
	"textures": {
		"0": "blocks/halo",
		"particle": "blocks/halo"
	},
	"elements": [
		{
			"from": [6, 0, 3],
			"to": [10, 1, 4],
			"faces": {
				"north": {"uv": [0, 0, 4, 1], "texture": "#0"},
				"east": {"uv": [0, 0, 1, 1], "texture": "#0"},
				"south": {"uv": [8, 15, 12, 16], "texture": "#0"},
				"west": {"uv": [0, 0, 1, 1], "texture": "#0"},
				"up": {"uv": [0, 0, 4, 1], "texture": "#0"},
				"down": {"uv": [8, 15, 12, 16], "texture": "#0"}
			}
		},
		{
			"from": [5.87859, -0.00012, 2.94996],
			"to": [9.87859, 0.99988, 3.94996],
			"rotation": {"angle": -45, "axis": "y", "origin": [7.87859, 7.99988, 7.94996]},
			"faces": {
				"north": {"uv": [0, 0, 4, 1], "texture": "#0"},
				"east": {"uv": [0, 0, 1, 1], "texture": "#0"},
				"south": {"uv": [8, 15, 12, 16], "texture": "#0"},
				"west": {"uv": [0, 0, 1, 1], "texture": "#0"},
				"up": {"uv": [0, 0, 4, 1], "texture": "#0"},
				"down": {"uv": [8, 15, 12, 16], "texture": "#0"}
			}
		},
		{
			"from": [11.82804, -0.00013, 5.82894],
			"to": [12.82804, 0.99987, 9.82894],
			"rotation": {"angle": 0, "axis": "y", "origin": [7.82804, 7.99987, 7.82894]},
			"faces": {
				"north": {"uv": [0, 0, 1, 1], "texture": "#0"},
				"east": {"uv": [0, 0, 4, 1], "texture": "#0"},
				"south": {"uv": [0, 0, 1, 1], "texture": "#0"},
				"west": {"uv": [8, 15, 12, 16], "texture": "#0"},
				"up": {"uv": [0, 0, 4, 1], "rotation": 90, "texture": "#0"},
				"down": {"uv": [8, 15, 12, 16], "rotation": 270, "texture": "#0"}
			}
		},
		{
			"from": [11.87778, 0.00017, 5.70783],
			"to": [12.87778, 1.00017, 9.70783],
			"rotation": {"angle": -45, "axis": "y", "origin": [7.87778, 8.00017, 7.70783]},
			"faces": {
				"north": {"uv": [0, 0, 1, 1], "texture": "#0"},
				"east": {"uv": [0, 0, 4, 1], "texture": "#0"},
				"south": {"uv": [0, 0, 1, 1], "texture": "#0"},
				"west": {"uv": [8, 15, 12, 16], "texture": "#0"},
				"up": {"uv": [0, 0, 4, 1], "rotation": 90, "texture": "#0"},
				"down": {"uv": [8, 15, 12, 16], "rotation": 270, "texture": "#0"}
			}
		},
		{
			"from": [5.99851, 0.00077, 11.65758],
			"to": [9.99851, 1.00077, 12.65758],
			"rotation": {"angle": 0, "axis": "y", "origin": [7.99851, 8.00077, 7.65758]},
			"faces": {
				"north": {"uv": [8, 15, 12, 16], "texture": "#0"},
				"east": {"uv": [0, 0, 1, 1], "texture": "#0"},
				"south": {"uv": [0, 0, 4, 1], "texture": "#0"},
				"west": {"uv": [0, 0, 1, 1], "texture": "#0"},
				"up": {"uv": [0, 0, 4, 1], "rotation": 180, "texture": "#0"},
				"down": {"uv": [8, 15, 12, 16], "rotation": 180, "texture": "#0"}
			}
		},
		{
			"from": [6.11932, 0.00149, 11.70763],
			"to": [10.11932, 1.00149, 12.70763],
			"rotation": {"angle": -45, "axis": "y", "origin": [8.11932, 8.00149, 7.70763]},
			"faces": {
				"north": {"uv": [8, 15, 12, 16], "texture": "#0"},
				"east": {"uv": [0, 0, 1, 1], "texture": "#0"},
				"south": {"uv": [0, 0, 4, 1], "texture": "#0"},
				"west": {"uv": [0, 0, 1, 1], "texture": "#0"},
				"up": {"uv": [0, 0, 4, 1], "rotation": 180, "texture": "#0"},
				"down": {"uv": [8, 15, 12, 16], "rotation": 180, "texture": "#0"}
			}
		},
		{
			"from": [3.16927, 0.00208, 5.82865],
			"to": [4.16927, 1.00208, 9.82865],
			"rotation": {"angle": 0, "axis": "y", "origin": [8.16927, 8.00208, 7.82865]},
			"faces": {
				"north": {"uv": [0, 0, 1, 1], "texture": "#0"},
				"east": {"uv": [8, 15, 12, 16], "texture": "#0"},
				"south": {"uv": [0, 0, 1, 1], "texture": "#0"},
				"west": {"uv": [0, 0, 4, 1], "texture": "#0"},
				"up": {"uv": [0, 0, 4, 1], "rotation": 270, "texture": "#0"},
				"down": {"uv": [8, 15, 12, 16], "rotation": 90, "texture": "#0"}
			}
		},
		{
			"from": [3.11892, 0.00238, 5.94977],
			"to": [4.11892, 1.00238, 9.94977],
			"rotation": {"angle": -45, "axis": "y", "origin": [8.11892, 8.00238, 7.94977]},
			"faces": {
				"north": {"uv": [0, 0, 1, 1], "texture": "#0"},
				"east": {"uv": [8, 15, 12, 16], "texture": "#0"},
				"south": {"uv": [0, 0, 1, 1], "texture": "#0"},
				"west": {"uv": [0, 0, 4, 1], "texture": "#0"},
				"up": {"uv": [0, 0, 4, 1], "rotation": 270, "texture": "#0"},
				"down": {"uv": [8, 15, 12, 16], "rotation": 90, "texture": "#0"}
			}
		}
	],
	"display": {
		"ground": {
			"translation": [0, 5.5, 0]
		},
		"gui": {
			"rotation": [90, 0, 0],
			"translation": [0, -0.5, 0],
			"scale": [1.31, 1.31, 1.31]
		},
		"head": {
			"translation": [0, 21, 0],
			"scale": [1.31, 1.31, 1.31]
		}
	}
}