{
    "__comment": "Model generated using MrCrayfish's Model Creator (https://mrcrayfish.com/tools?id=mc)",
    "textures": {
        "hardened_clay_white": "minecraft:blocks/hardened_clay_white"
    },
    "display": {
        "gui": {
            "rotation": [ 0, 0, 0 ],
            "translation": [ 0, -10, 0 ],
            "scale": [ 1, 1, 1 ]
        },
        "ground": {
            "rotation": [ 0, 0, 0 ],
            "translation": [ 0, 0, 0 ],
            "scale": [ 1, 1, 1 ]
        },
        "fixed": {
            "rotation": [ 0, 0, 0 ],
            "translation": [ 0, 0, 0 ],
            "scale": [ 1, 1, 1 ]
        },
        "head": {
            "rotation": [ 0, 180, 0 ],
            "translation": [ 0, 0, 0 ],
            "scale": [ 1, 1, 1 ]
        },
        "firstperson_righthand": {
            "rotation": [ 0, 0, 0 ],
            "translation": [ 0, 0, 0 ],
            "scale": [ 1, 1, 1 ]
        },
        "thirdperson_righthand": {
            "rotation": [ 0, 0, 0 ],
            "translation": [ 0, 0, 0 ],
            "scale": [ 1, 1, 1 ]
        }
    },
    "elements": [
        {
            "name": "Base 1",
            "from": [ 2, 15, 7 ], 
            "to": [ 5, 15.5, 10 ], 
            "rotation": { "origin": [ 4.0, 0.0, 8.0 ], "axis": "y", "angle": 45.0 },
            "faces": {
                "north": { "texture": "#hardened_clay_white", "uv": [ 4, 0, 7, 0.5 ] },
                "east": { "texture": "#hardened_clay_white", "uv": [ 4, 0, 7, 0.5 ] },
                "south": { "texture": "#hardened_clay_white", "uv": [ 4, 0, 7, 0.5 ] },
                "west": { "texture": "#hardened_clay_white", "uv": [ 4, 0, 7, 0.5 ] },
                "up": { "texture": "#hardened_clay_white", "uv": [ 4, 0, 7, 3 ] },
                "down": { "texture": "#hardened_clay_white", "uv": [ 4, 0, 7, 3 ] }
            }
        },
        {
            "name": "Base 2",
            "from": [ 7.6, 15, 12.6 ], 
            "to": [ 10.6, 15.5, 15.6 ], 
            "rotation": { "origin": [ 4.0, 0.0, 8.0 ], "axis": "y", "angle": 45.0 },
            "faces": {
                "north": { "texture": "#hardened_clay_white", "uv": [ 4, 0, 7, 0.5 ] },
                "east": { "texture": "#hardened_clay_white", "uv": [ 4, 0, 7, 0.5 ] },
                "south": { "texture": "#hardened_clay_white", "uv": [ 4, 0, 7, 0.5 ] },
                "west": { "texture": "#hardened_clay_white", "uv": [ 4, 0, 7, 0.5 ] },
                "up": { "texture": "#hardened_clay_white", "uv": [ 4, 0, 7, 3 ] },
                "down": { "texture": "#hardened_clay_white", "uv": [ 4, 0, 7, 3 ] }
            }
        },
        {
            "name": "Left 1",
            "from": [ 1.9, 15.5, 6.9 ], 
            "to": [ 4.8, 16, 9.8 ], 
            "rotation": { "origin": [ 4.0, 0.0, 8.0 ], "axis": "y", "angle": 45.0 },
            "faces": {
                "north": { "texture": "#hardened_clay_white", "uv": [ 4, 0, 6.9, 0.5 ] },
                "east": { "texture": "#hardened_clay_white", "uv": [ 4, 0, 6.9, 0.5 ] },
                "south": { "texture": "#hardened_clay_white", "uv": [ 4, 0, 6.9, 0.5 ] },
                "west": { "texture": "#hardened_clay_white", "uv": [ 4, 0, 6.9, 0.5 ] },
                "up": { "texture": "#hardened_clay_white", "uv": [ 4, 0, 6.9, 2.9 ] },
                "down": { "texture": "#hardened_clay_white", "uv": [ 4, 0, 6.9, 2.9 ] }
            }
        },
        {
            "name": "Right 1",
            "from": [ 7.8, 15.5, 12.8 ], 
            "to": [ 10.7, 16, 15.7 ], 
            "rotation": { "origin": [ 4.0, 0.0, 8.0 ], "axis": "y", "angle": 45.0 },
            "faces": {
                "north": { "texture": "#hardened_clay_white", "uv": [ 4, 0, 6.9, 0.5 ] },
                "east": { "texture": "#hardened_clay_white", "uv": [ 4, 0, 6.9, 0.5 ] },
                "south": { "texture": "#hardened_clay_white", "uv": [ 4, 0, 6.9, 0.5 ] },
                "west": { "texture": "#hardened_clay_white", "uv": [ 4, 0, 6.9, 0.5 ] },
                "up": { "texture": "#hardened_clay_white", "uv": [ 4, 0, 6.9, 2.9 ] },
                "down": { "texture": "#hardened_clay_white", "uv": [ 4, 0, 6.9, 2.9 ] }
            }
        },
        {
            "name": "Left 2",
            "from": [ 1.8, 16, 6.8 ], 
            "to": [ 4.6, 16.5, 9.6 ], 
            "rotation": { "origin": [ 4.0, 0.0, 8.0 ], "axis": "y", "angle": 45.0 },
            "faces": {
                "north": { "texture": "#hardened_clay_white", "uv": [ 4, 0, 6.8, 0.5 ] },
                "east": { "texture": "#hardened_clay_white", "uv": [ 4, 0, 6.8, 0.5 ] },
                "south": { "texture": "#hardened_clay_white", "uv": [ 4, 0, 6.8, 0.5 ] },
                "west": { "texture": "#hardened_clay_white", "uv": [ 4, 0, 6.8, 0.5 ] },
                "up": { "texture": "#hardened_clay_white", "uv": [ 4, 0, 6.8, 2.8 ] },
                "down": { "texture": "#hardened_clay_white", "uv": [ 4, 0, 6.8, 2.8 ] }
            }
        },
        {
            "name": "Right 2",
            "from": [ 8, 16, 13 ], 
            "to": [ 10.8, 16.5, 15.8 ], 
            "rotation": { "origin": [ 4.0, 0.0, 8.0 ], "axis": "y", "angle": 45.0 },
            "faces": {
                "north": { "texture": "#hardened_clay_white", "uv": [ 4, 0, 6.8, 0.5 ] },
                "east": { "texture": "#hardened_clay_white", "uv": [ 4, 0, 6.8, 0.5 ] },
                "south": { "texture": "#hardened_clay_white", "uv": [ 4, 0, 6.8, 0.5 ] },
                "west": { "texture": "#hardened_clay_white", "uv": [ 4, 0, 6.8, 0.5 ] },
                "up": { "texture": "#hardened_clay_white", "uv": [ 4, 0, 6.8, 2.8 ] },
                "down": { "texture": "#hardened_clay_white", "uv": [ 4, 0, 6.8, 2.8 ] }
            }
        },
        {
            "name": "Left 3",
            "from": [ 1.7, 16.5, 6.7 ], 
            "to": [ 4.3, 17, 9.3 ], 
            "rotation": { "origin": [ 4.0, 0.0, 8.0 ], "axis": "y", "angle": 45.0 },
            "faces": {
                "north": { "texture": "#hardened_clay_white", "uv": [ 4, 0, 6.6, 0.5 ] },
                "east": { "texture": "#hardened_clay_white", "uv": [ 4, 0, 6.6, 0.5 ] },
                "south": { "texture": "#hardened_clay_white", "uv": [ 4, 0, 6.6, 0.5 ] },
                "west": { "texture": "#hardened_clay_white", "uv": [ 4, 0, 6.6, 0.5 ] },
                "up": { "texture": "#hardened_clay_white", "uv": [ 4, 0, 6.6, 2.6 ] },
                "down": { "texture": "#hardened_clay_white", "uv": [ 4, 0, 6.6, 2.6 ] }
            }
        },
        {
            "name": "Right 3",
            "from": [ 8.3, 16.5, 13.3 ], 
            "to": [ 10.9, 17, 15.9 ], 
            "rotation": { "origin": [ 4.0, 0.0, 8.0 ], "axis": "y", "angle": 45.0 },
            "faces": {
                "north": { "texture": "#hardened_clay_white", "uv": [ 4, 0, 6.6, 0.5 ] },
                "east": { "texture": "#hardened_clay_white", "uv": [ 4, 0, 6.6, 0.5 ] },
                "south": { "texture": "#hardened_clay_white", "uv": [ 4, 0, 6.6, 0.5 ] },
                "west": { "texture": "#hardened_clay_white", "uv": [ 4, 0, 6.6, 0.5 ] },
                "up": { "texture": "#hardened_clay_white", "uv": [ 4, 0, 6.6, 2.6 ] },
                "down": { "texture": "#hardened_clay_white", "uv": [ 4, 0, 6.6, 2.6 ] }
            }
        },
        {
            "name": "Left 4",
            "from": [ 1.6, 17, 6.6 ], 
            "to": [ 4, 17.5, 9 ], 
            "rotation": { "origin": [ 4.0, 0.0, 8.0 ], "axis": "y", "angle": 45.0 },
            "faces": {
                "north": { "texture": "#hardened_clay_white", "uv": [ 4, 0, 6.4, 0.5 ] },
                "east": { "texture": "#hardened_clay_white", "uv": [ 4, 0, 6.4, 0.5 ] },
                "south": { "texture": "#hardened_clay_white", "uv": [ 4, 0, 6.4, 0.5 ] },
                "west": { "texture": "#hardened_clay_white", "uv": [ 4, 0, 6.4, 0.5 ] },
                "up": { "texture": "#hardened_clay_white", "uv": [ 4, 0, 6.4, 2.4 ] },
                "down": { "texture": "#hardened_clay_white", "uv": [ 4, 0, 6.4, 2.4 ] }
            }
        },
        {
            "name": "Right 4",
            "from": [ 8.6, 17, 13.6 ], 
            "to": [ 11, 17.5, 16 ], 
            "rotation": { "origin": [ 4.0, 0.0, 8.0 ], "axis": "y", "angle": 45.0 },
            "faces": {
                "north": { "texture": "#hardened_clay_white", "uv": [ 4, 0, 6.4, 0.5 ] },
                "east": { "texture": "#hardened_clay_white", "uv": [ 4, 0, 6.4, 0.5 ] },
                "south": { "texture": "#hardened_clay_white", "uv": [ 4, 0, 6.4, 0.5 ] },
                "west": { "texture": "#hardened_clay_white", "uv": [ 4, 0, 6.4, 0.5 ] },
                "up": { "texture": "#hardened_clay_white", "uv": [ 4, 0, 6.4, 2.4 ] },
                "down": { "texture": "#hardened_clay_white", "uv": [ 4, 0, 6.4, 2.4 ] }
            }
        },
        {
            "name": "Left 5",
            "from": [ 1.5, 17.5, 6.5 ], 
            "to": [ 3.7, 18, 8.7 ], 
            "rotation": { "origin": [ 4.0, 0.0, 8.0 ], "axis": "y", "angle": 45.0 },
            "faces": {
                "north": { "texture": "#hardened_clay_white", "uv": [ 4, 0, 6.2, 0.5 ] },
                "east": { "texture": "#hardened_clay_white", "uv": [ 4, 0, 6.2, 0.5 ] },
                "south": { "texture": "#hardened_clay_white", "uv": [ 4, 0, 6.2, 0.5 ] },
                "west": { "texture": "#hardened_clay_white", "uv": [ 4, 0, 6.2, 0.5 ] },
                "up": { "texture": "#hardened_clay_white", "uv": [ 4, 0, 6.2, 2.2 ] },
                "down": { "texture": "#hardened_clay_white", "uv": [ 4, 0, 6.2, 2.2 ] }
            }
        },
        {
            "name": "Right 5",
            "from": [ 8.9, 17.5, 13.9 ], 
            "to": [ 11.1, 18, 16.1 ], 
            "rotation": { "origin": [ 4.0, 0.0, 8.0 ], "axis": "y", "angle": 45.0 },
            "faces": {
                "north": { "texture": "#hardened_clay_white", "uv": [ 4, 0, 6.2, 0.5 ] },
                "east": { "texture": "#hardened_clay_white", "uv": [ 4, 0, 6.2, 0.5 ] },
                "south": { "texture": "#hardened_clay_white", "uv": [ 4, 0, 6.2, 0.5 ] },
                "west": { "texture": "#hardened_clay_white", "uv": [ 4, 0, 6.2, 0.5 ] },
                "up": { "texture": "#hardened_clay_white", "uv": [ 4, 0, 6.2, 2.2 ] },
                "down": { "texture": "#hardened_clay_white", "uv": [ 4, 0, 6.2, 2.2 ] }
            }
        },
        {
            "name": "Left 6",
            "from": [ 1.5, 18, 6.5 ], 
            "to": [ 3.5, 18.5, 8.5 ], 
            "rotation": { "origin": [ 4.0, 0.0, 8.0 ], "axis": "y", "angle": 45.0 },
            "faces": {
                "north": { "texture": "#hardened_clay_white", "uv": [ 4, 0, 6, 0.5 ] },
                "east": { "texture": "#hardened_clay_white", "uv": [ 4, 0, 6, 0.5 ] },
                "south": { "texture": "#hardened_clay_white", "uv": [ 4, 0, 6, 0.5 ] },
                "west": { "texture": "#hardened_clay_white", "uv": [ 4, 0, 6, 0.5 ] },
                "up": { "texture": "#hardened_clay_white", "uv": [ 4, 0, 6, 2 ] },
                "down": { "texture": "#hardened_clay_white", "uv": [ 4, 0, 6, 2 ] }
            }
        },
        {
            "name": "Right 6",
            "from": [ 9.1, 18, 14.1 ], 
            "to": [ 11.1, 18.5, 16.1 ], 
            "rotation": { "origin": [ 4.0, 0.0, 8.0 ], "axis": "y", "angle": 45.0 },
            "faces": {
                "north": { "texture": "#hardened_clay_white", "uv": [ 4, 0, 6, 0.5 ] },
                "east": { "texture": "#hardened_clay_white", "uv": [ 4, 0, 6, 0.5 ] },
                "south": { "texture": "#hardened_clay_white", "uv": [ 4, 0, 6, 0.5 ] },
                "west": { "texture": "#hardened_clay_white", "uv": [ 4, 0, 6, 0.5 ] },
                "up": { "texture": "#hardened_clay_white", "uv": [ 4, 0, 6, 2 ] },
                "down": { "texture": "#hardened_clay_white", "uv": [ 4, 0, 6, 2 ] }
            }
        },
        {
            "name": "Left 7",
            "from": [ 1.5, 18.5, 6.5 ], 
            "to": [ 3.3, 20, 8.3 ], 
            "rotation": { "origin": [ 4.0, 0.0, 8.0 ], "axis": "y", "angle": 45.0 },
            "faces": {
                "north": { "texture": "#hardened_clay_white", "uv": [ 4, 0, 5.8, 1.5 ] },
                "east": { "texture": "#hardened_clay_white", "uv": [ 4, 0, 5.8, 1.5 ] },
                "south": { "texture": "#hardened_clay_white", "uv": [ 4, 0, 5.8, 1.5 ] },
                "west": { "texture": "#hardened_clay_white", "uv": [ 4, 0, 5.8, 1.5 ] },
                "up": { "texture": "#hardened_clay_white", "uv": [ 4, 0, 5.8, 1.8 ] },
                "down": { "texture": "#hardened_clay_white", "uv": [ 4, 0, 5.8, 1.8 ] }
            }
        },
        {
            "name": "Right 7",
            "from": [ 9.3, 18.5, 14.3 ], 
            "to": [ 11.1, 20, 16.1 ], 
            "rotation": { "origin": [ 4.0, 0.0, 8.0 ], "axis": "y", "angle": 45.0 },
            "faces": {
                "north": { "texture": "#hardened_clay_white", "uv": [ 4, 0, 5.8, 1.5 ] },
                "east": { "texture": "#hardened_clay_white", "uv": [ 4, 0, 5.8, 1.5 ] },
                "south": { "texture": "#hardened_clay_white", "uv": [ 4, 0, 5.8, 1.5 ] },
                "west": { "texture": "#hardened_clay_white", "uv": [ 4, 0, 5.8, 1.5 ] },
                "up": { "texture": "#hardened_clay_white", "uv": [ 4, 0, 5.8, 1.8 ] },
                "down": { "texture": "#hardened_clay_white", "uv": [ 4, 0, 5.8, 1.8 ] }
            }
        },
        {
            "name": "Left 8",
            "from": [ 1.7, 20, 7 ], 
            "to": [ 3.3, 20.5, 8.6 ], 
            "rotation": { "origin": [ 4.0, 0.0, 8.0 ], "axis": "y", "angle": 45.0 },
            "faces": {
                "north": { "texture": "#hardened_clay_white", "uv": [ 4, 0, 5.6, 0.5 ] },
                "east": { "texture": "#hardened_clay_white", "uv": [ 4, 0, 5.6, 0.5 ] },
                "south": { "texture": "#hardened_clay_white", "uv": [ 4, 0, 5.6, 0.5 ] },
                "west": { "texture": "#hardened_clay_white", "uv": [ 4, 0, 5.6, 0.5 ] },
                "up": { "texture": "#hardened_clay_white", "uv": [ 4, 0, 5.6, 1.6 ] },
                "down": { "texture": "#hardened_clay_white", "uv": [ 4, 0, 5.6, 1.6 ] }
            }
        },
        {
            "name": "Right 8",
            "from": [ 9, 20, 14.3 ], 
            "to": [ 10.6, 20.5, 15.9 ], 
            "rotation": { "origin": [ 4.0, 0.0, 8.0 ], "axis": "y", "angle": 45.0 },
            "faces": {
                "north": { "texture": "#hardened_clay_white", "uv": [ 4, 0, 5.6, 0.5 ] },
                "east": { "texture": "#hardened_clay_white", "uv": [ 4, 0, 5.6, 0.5 ] },
                "south": { "texture": "#hardened_clay_white", "uv": [ 4, 0, 5.6, 0.5 ] },
                "west": { "texture": "#hardened_clay_white", "uv": [ 4, 0, 5.6, 0.5 ] },
                "up": { "texture": "#hardened_clay_white", "uv": [ 4, 0, 5.6, 1.6 ] },
                "down": { "texture": "#hardened_clay_white", "uv": [ 4, 0, 5.6, 1.6 ] }
            }
        },
        {
            "name": "Left 9",
            "from": [ 1.9, 20.5, 7.5 ], 
            "to": [ 3.3, 21, 8.9 ], 
            "rotation": { "origin": [ 4.0, 0.0, 8.0 ], "axis": "y", "angle": 45.0 },
            "faces": {
                "north": { "texture": "#hardened_clay_white", "uv": [ 4, 0, 5.4, 0.5 ] },
                "east": { "texture": "#hardened_clay_white", "uv": [ 4, 0, 5.4, 0.5 ] },
                "south": { "texture": "#hardened_clay_white", "uv": [ 4, 0, 5.4, 0.5 ] },
                "west": { "texture": "#hardened_clay_white", "uv": [ 4, 0, 5.4, 0.5 ] },
                "up": { "texture": "#hardened_clay_white", "uv": [ 4, 0, 5.4, 1.4 ] },
                "down": { "texture": "#hardened_clay_white", "uv": [ 4, 0, 5.4, 1.4 ] }
            }
        },
        {
            "name": "Right 9",
            "from": [ 8.7, 20.5, 14.3 ], 
            "to": [ 10.1, 21, 15.7 ], 
            "rotation": { "origin": [ 4.0, 0.0, 8.0 ], "axis": "y", "angle": 45.0 },
            "faces": {
                "north": { "texture": "#hardened_clay_white", "uv": [ 4, 0, 5.4, 0.5 ] },
                "east": { "texture": "#hardened_clay_white", "uv": [ 4, 0, 5.4, 0.5 ] },
                "south": { "texture": "#hardened_clay_white", "uv": [ 4, 0, 5.4, 0.5 ] },
                "west": { "texture": "#hardened_clay_white", "uv": [ 4, 0, 5.4, 0.5 ] },
                "up": { "texture": "#hardened_clay_white", "uv": [ 4, 0, 5.4, 1.4 ] },
                "down": { "texture": "#hardened_clay_white", "uv": [ 4, 0, 5.4, 1.4 ] }
            }
        },
        {
            "name": "Left 10",
            "from": [ 2.1, 21, 8 ], 
            "to": [ 3.3, 21.5, 9.2 ], 
            "rotation": { "origin": [ 4.0, 0.0, 8.0 ], "axis": "y", "angle": 45.0 },
            "faces": {
                "north": { "texture": "#hardened_clay_white", "uv": [ 4, 0, 5.2, 0.5 ] },
                "east": { "texture": "#hardened_clay_white", "uv": [ 4, 0, 5.2, 0.5 ] },
                "south": { "texture": "#hardened_clay_white", "uv": [ 4, 0, 5.2, 0.5 ] },
                "west": { "texture": "#hardened_clay_white", "uv": [ 4, 0, 5.2, 0.5 ] },
                "up": { "texture": "#hardened_clay_white", "uv": [ 4, 0, 5.2, 1.2 ] },
                "down": { "texture": "#hardened_clay_white", "uv": [ 4, 0, 5.2, 1.2 ] }
            }
        },
        {
            "name": "Right 10",
            "from": [ 8.4, 21, 14.3 ], 
            "to": [ 9.6, 21.5, 15.5 ], 
            "rotation": { "origin": [ 4.0, 0.0, 8.0 ], "axis": "y", "angle": 45.0 },
            "faces": {
                "north": { "texture": "#hardened_clay_white", "uv": [ 4, 0, 5.2, 0.5 ] },
                "east": { "texture": "#hardened_clay_white", "uv": [ 4, 0, 5.2, 0.5 ] },
                "south": { "texture": "#hardened_clay_white", "uv": [ 4, 0, 5.2, 0.5 ] },
                "west": { "texture": "#hardened_clay_white", "uv": [ 4, 0, 5.2, 0.5 ] },
                "up": { "texture": "#hardened_clay_white", "uv": [ 4, 0, 5.2, 1.2 ] },
                "down": { "texture": "#hardened_clay_white", "uv": [ 4, 0, 5.2, 1.2 ] }
            }
        },
        {
            "name": "Left 11",
            "from": [ 2.3, 21.5, 8.6 ], 
            "to": [ 3.2, 22, 9.5 ], 
            "rotation": { "origin": [ 4.0, 0.0, 8.0 ], "axis": "y", "angle": 45.0 },
            "faces": {
                "north": { "texture": "#hardened_clay_white", "uv": [ 4, 0, 4.9, 0.5 ] },
                "east": { "texture": "#hardened_clay_white", "uv": [ 4, 0, 4.9, 0.5 ] },
                "south": { "texture": "#hardened_clay_white", "uv": [ 4, 0, 4.9, 0.5 ] },
                "west": { "texture": "#hardened_clay_white", "uv": [ 4, 0, 4.9, 0.5 ] },
                "up": { "texture": "#hardened_clay_white", "uv": [ 4, 0, 4.9, 0.9 ] },
                "down": { "texture": "#hardened_clay_white", "uv": [ 4, 0, 4.9, 0.9 ] }
            }
        },
        {
            "name": "Right 11",
            "from": [ 8.1, 21.5, 14.4 ], 
            "to": [ 9, 22, 15.3 ], 
            "rotation": { "origin": [ 4.0, 0.0, 8.0 ], "axis": "y", "angle": 45.0 },
            "faces": {
                "north": { "texture": "#hardened_clay_white", "uv": [ 4, 0, 4.9, 0.5 ] },
                "east": { "texture": "#hardened_clay_white", "uv": [ 4, 0, 4.9, 0.5 ] },
                "south": { "texture": "#hardened_clay_white", "uv": [ 4, 0, 4.9, 0.5 ] },
                "west": { "texture": "#hardened_clay_white", "uv": [ 4, 0, 4.9, 0.5 ] },
                "up": { "texture": "#hardened_clay_white", "uv": [ 4, 0, 4.9, 0.9 ] },
                "down": { "texture": "#hardened_clay_white", "uv": [ 4, 0, 4.9, 0.9 ] }
            }
        },
        {
            "name": "Left 12",
            "from": [ 2.5, 22, 9.2 ], 
            "to": [ 3.1, 22.5, 9.8 ], 
            "rotation": { "origin": [ 4.0, 0.0, 8.0 ], "axis": "y", "angle": 45.0 },
            "faces": {
                "north": { "texture": "#hardened_clay_white", "uv": [ 4, 0, 4.6, 0.5 ] },
                "east": { "texture": "#hardened_clay_white", "uv": [ 4, 0, 4.6, 0.5 ] },
                "south": { "texture": "#hardened_clay_white", "uv": [ 4, 0, 4.6, 0.5 ] },
                "west": { "texture": "#hardened_clay_white", "uv": [ 4, 0, 4.6, 0.5 ] },
                "up": { "texture": "#hardened_clay_white", "uv": [ 4, 0, 4.6, 0.6 ] },
                "down": { "texture": "#hardened_clay_white", "uv": [ 4, 0, 4.6, 0.6 ] }
            }
        },
        {
            "name": "Right 12",
            "from": [ 7.8, 22, 14.5 ], 
            "to": [ 8.4, 22.5, 15.1 ], 
            "rotation": { "origin": [ 4.0, 0.0, 8.0 ], "axis": "y", "angle": 45.0 },
            "faces": {
                "north": { "texture": "#hardened_clay_white", "uv": [ 4, 0, 4.6, 0.5 ] },
                "east": { "texture": "#hardened_clay_white", "uv": [ 4, 0, 4.6, 0.5 ] },
                "south": { "texture": "#hardened_clay_white", "uv": [ 4, 0, 4.6, 0.5 ] },
                "west": { "texture": "#hardened_clay_white", "uv": [ 4, 0, 4.6, 0.5 ] },
                "up": { "texture": "#hardened_clay_white", "uv": [ 4, 0, 4.6, 0.6 ] },
                "down": { "texture": "#hardened_clay_white", "uv": [ 4, 0, 4.6, 0.6 ] }
            }
        }
    ]
}