{
    "__comment": "Model generated using MrCrayfish's Model Creator (https://mrcrayfish.com/tools?id=mc)",
    "textures": {
        "hardened_clay_yellow": "minecraft:blocks/hardened_clay_yellow"
    },
    "display": {
        "gui": {
            "rotation": [ 0, 0, 0 ],
            "translation": [ 0, -8, 0 ],
            "scale": [ 1, 1, 1 ]
        },
        "ground": {
            "rotation": [ 0, 0, 0 ],
            "translation": [ 0, 0, 0 ],
            "scale": [ 1, 1, 1 ]
        },
        "fixed": {
            "rotation": [ 0, 0, 0 ],
            "translation": [ 0, 0, 0 ],
            "scale": [ 1, 1, 1 ]
        },
        "head": {
            "rotation": [ 0, 180, 0 ],
            "translation": [ 0, 0, 0 ],
            "scale": [ 1, 1, 1 ]
        },
        "firstperson_righthand": {
            "rotation": [ 0, 0, 0 ],
            "translation": [ 0, 0, 0 ],
            "scale": [ 1, 1, 1 ]
        },
        "thirdperson_righthand": {
            "rotation": [ 0, 0, 0 ],
            "translation": [ 0, 0, 0 ],
            "scale": [ 1, 1, 1 ]
        }
    },
    "elements": [
        {
            "name": "Cube",
            "from": [ 3.4, 15, 6.1 ], 
            "to": [ 3.6, 16.5, 9.9 ], 
            "faces": {
                "north": { "texture": "#hardened_clay_yellow", "uv": [ 8, 4, 8.2, 5.5 ] },
                "east": { "texture": "#hardened_clay_yellow", "uv": [ 8, 4, 10, 6 ] },
                "south": { "texture": "#hardened_clay_yellow", "uv": [ 8, 4, 8.2, 5.5 ] },
                "west": { "texture": "#hardened_clay_yellow", "uv": [ 8, 4, 11, 6 ] },
                "up": { "texture": "#hardened_clay_yellow", "uv": [ 8, 4, 9.5, 6 ] },
                "down": { "texture": "#hardened_clay_yellow", "uv": [ 8, 4, 8.5, 7 ] }
            }
        },
        {
            "name": "Cube",
            "from": [ 6.1, 15, 3.4 ], 
            "to": [ 9.9, 16.5, 3.6 ], 
            "faces": {
                "north": { "texture": "#hardened_clay_yellow", "uv": [ 8, 4, 10, 6 ] },
                "east": { "texture": "#hardened_clay_yellow", "uv": [ 8, 4, 10, 6 ] },
                "south": { "texture": "#hardened_clay_yellow", "uv": [ 8, 4, 10, 6 ] },
                "west": { "texture": "#hardened_clay_yellow", "uv": [ 8, 4, 10, 6 ] },
                "up": { "texture": "#hardened_clay_yellow", "uv": [ 8, 4, 9.5, 6 ] },
                "down": { "texture": "#hardened_clay_yellow", "uv": [ 8, 4, 9.5, 6 ] }
            }
        },
        {
            "name": "Cube",
            "from": [ 12.4, 15, 6.1 ], 
            "to": [ 12.6, 16.5, 9.9 ], 
            "faces": {
                "north": { "texture": "#hardened_clay_yellow", "uv": [ 8, 4, 8.2, 5.5 ] },
                "east": { "texture": "#hardened_clay_yellow", "uv": [ 8, 4, 10, 6 ] },
                "south": { "texture": "#hardened_clay_yellow", "uv": [ 8, 4, 8.2, 5.5 ] },
                "west": { "texture": "#hardened_clay_yellow", "uv": [ 8, 4, 11, 6 ] },
                "up": { "texture": "#hardened_clay_yellow", "uv": [ 8, 4, 9.5, 6 ] },
                "down": { "texture": "#hardened_clay_yellow", "uv": [ 8, 4, 8.5, 7 ] }
            }
        },
        {
            "name": "Cube",
            "from": [ 6.1, 15, 12.4 ], 
            "to": [ 9.9, 16.5, 12.6 ], 
            "faces": {
                "north": { "texture": "#hardened_clay_yellow", "uv": [ 8, 4, 10, 6 ] },
                "east": { "texture": "#hardened_clay_yellow", "uv": [ 8, 4, 10, 6 ] },
                "south": { "texture": "#hardened_clay_yellow", "uv": [ 8, 4, 10, 6 ] },
                "west": { "texture": "#hardened_clay_yellow", "uv": [ 8, 4, 10, 6 ] },
                "up": { "texture": "#hardened_clay_yellow", "uv": [ 8, 4, 9.5, 6 ] },
                "down": { "texture": "#hardened_clay_yellow", "uv": [ 8, 4, 9.5, 6 ] }
            }
        },
        {
            "name": "Cube",
            "from": [ 3.4, 15, 6.1 ], 
            "to": [ 3.6, 16.5, 9.9 ], 
            "rotation": { "origin": [ 8.0, 8.0, 8.0 ], "axis": "y", "angle": 45.0 },
            "faces": {
                "north": { "texture": "#hardened_clay_yellow", "uv": [ 8, 4, 8.2, 5.5 ] },
                "east": { "texture": "#hardened_clay_yellow", "uv": [ 8, 4, 10, 6 ] },
                "south": { "texture": "#hardened_clay_yellow", "uv": [ 8, 4, 8.2, 5.5 ] },
                "west": { "texture": "#hardened_clay_yellow", "uv": [ 8, 4, 11, 6 ] },
                "up": { "texture": "#hardened_clay_yellow", "uv": [ 8, 4, 9.5, 6 ] },
                "down": { "texture": "#hardened_clay_yellow", "uv": [ 8, 4, 8.5, 7 ] }
            }
        },
        {
            "name": "Cube",
            "from": [ 3.4, 15, 6.1 ], 
            "to": [ 3.6, 16.5, 9.9 ], 
            "rotation": { "origin": [ 8.0, 8.0, 8.0 ], "axis": "y", "angle": -45.0 },
            "faces": {
                "north": { "texture": "#hardened_clay_yellow", "uv": [ 8, 4, 8.2, 5.5 ] },
                "east": { "texture": "#hardened_clay_yellow", "uv": [ 8, 4, 10, 6 ] },
                "south": { "texture": "#hardened_clay_yellow", "uv": [ 8, 4, 8.2, 5.5 ] },
                "west": { "texture": "#hardened_clay_yellow", "uv": [ 8, 4, 11, 6 ] },
                "up": { "texture": "#hardened_clay_yellow", "uv": [ 8, 4, 9.5, 6 ] },
                "down": { "texture": "#hardened_clay_yellow", "uv": [ 8, 4, 8.5, 7 ] }
            }
        },
        {
            "name": "Cube",
            "from": [ 12.4, 15, 6.1 ], 
            "to": [ 12.6, 16.5, 9.9 ], 
            "rotation": { "origin": [ 8.0, 1.0, 8.0 ], "axis": "y", "angle": -45.0 },
            "faces": {
                "north": { "texture": "#hardened_clay_yellow", "uv": [ 8, 4, 8.2, 5.5 ] },
                "east": { "texture": "#hardened_clay_yellow", "uv": [ 8, 4, 10, 6 ] },
                "south": { "texture": "#hardened_clay_yellow", "uv": [ 8, 4, 8.2, 5.5 ] },
                "west": { "texture": "#hardened_clay_yellow", "uv": [ 8, 4, 11, 6 ] },
                "up": { "texture": "#hardened_clay_yellow", "uv": [ 8, 4, 9.5, 6 ] },
                "down": { "texture": "#hardened_clay_yellow", "uv": [ 8, 4, 8.5, 7 ] }
            }
        },
        {
            "name": "Cube",
            "from": [ 12.4, 15, 6.1 ], 
            "to": [ 12.6, 16.5, 9.9 ], 
            "rotation": { "origin": [ 8.0, 1.0, 8.0 ], "axis": "y", "angle": 45.0 },
            "faces": {
                "north": { "texture": "#hardened_clay_yellow", "uv": [ 8, 4, 8.2, 5.5 ] },
                "east": { "texture": "#hardened_clay_yellow", "uv": [ 8, 4, 10, 6 ] },
                "south": { "texture": "#hardened_clay_yellow", "uv": [ 8, 4, 8.2, 5.5 ] },
                "west": { "texture": "#hardened_clay_yellow", "uv": [ 8, 4, 11, 6 ] },
                "up": { "texture": "#hardened_clay_yellow", "uv": [ 8, 4, 9.5, 6 ] },
                "down": { "texture": "#hardened_clay_yellow", "uv": [ 8, 4, 8.5, 7 ] }
            }
        },
        {
            "name": "Cube",
            "from": [ 6.9, 15.9, 12.3 ], 
            "to": [ 7.4, 16.4, 12.8 ], 
            "rotation": { "origin": [ 6.499999999999998, 16.0, 14.0 ], "axis": "z", "angle": -45.0 },
            "faces": {
                "north": { "texture": "#hardened_clay_yellow", "uv": [ 12, 4, 14, 6 ] },
                "east": { "texture": "#hardened_clay_yellow", "uv": [ 13, 4, 15, 6 ] },
                "south": { "texture": "#hardened_clay_yellow", "uv": [ 13, 4, 15, 6 ] },
                "west": { "texture": "#hardened_clay_yellow", "uv": [ 13, 5, 15, 7 ] },
                "up": { "texture": "#hardened_clay_yellow", "uv": [ 13, 5, 14.5, 7 ] },
                "down": { "texture": "#hardened_clay_yellow", "uv": [ 13, 5, 14.5, 7 ] }
            }
        },
        {
            "name": "Cube",
            "from": [ 8.2, 17.2, 12.3 ], 
            "to": [ 8.7, 17.7, 12.8 ], 
            "rotation": { "origin": [ 6.499999999999998, 16.0, 14.0 ], "axis": "z", "angle": -45.0 },
            "faces": {
                "north": { "texture": "#hardened_clay_yellow", "uv": [ 12, 4, 14, 6 ] },
                "east": { "texture": "#hardened_clay_yellow", "uv": [ 13, 4, 15, 6 ] },
                "south": { "texture": "#hardened_clay_yellow", "uv": [ 13, 4, 15, 6 ] },
                "west": { "texture": "#hardened_clay_yellow", "uv": [ 13, 5, 15, 7 ] },
                "up": { "texture": "#hardened_clay_yellow", "uv": [ 13, 5, 14.5, 7 ] },
                "down": { "texture": "#hardened_clay_yellow", "uv": [ 13, 5, 14.5, 7 ] }
            }
        },
        {
            "name": "Cube",
            "from": [ 6.9, 15.9, 3.2 ], 
            "to": [ 7.4, 16.4, 3.7 ], 
            "rotation": { "origin": [ 6.499999999999998, 16.0, 14.0 ], "axis": "z", "angle": -45.0 },
            "faces": {
                "north": { "texture": "#hardened_clay_yellow", "uv": [ 12, 4, 14, 6 ] },
                "east": { "texture": "#hardened_clay_yellow", "uv": [ 13, 4, 15, 6 ] },
                "south": { "texture": "#hardened_clay_yellow", "uv": [ 13, 4, 15, 6 ] },
                "west": { "texture": "#hardened_clay_yellow", "uv": [ 13, 5, 15, 7 ] },
                "up": { "texture": "#hardened_clay_yellow", "uv": [ 13, 5, 14.5, 7 ] },
                "down": { "texture": "#hardened_clay_yellow", "uv": [ 13, 5, 14.5, 7 ] }
            }
        },
        {
            "name": "Cube",
            "from": [ 8.2, 17.2, 3.2 ], 
            "to": [ 8.7, 17.7, 3.7 ], 
            "rotation": { "origin": [ 6.499999999999998, 16.0, 14.0 ], "axis": "z", "angle": -45.0 },
            "faces": {
                "north": { "texture": "#hardened_clay_yellow", "uv": [ 12, 4, 14, 6 ] },
                "east": { "texture": "#hardened_clay_yellow", "uv": [ 13, 4, 15, 6 ] },
                "south": { "texture": "#hardened_clay_yellow", "uv": [ 13, 4, 15, 6 ] },
                "west": { "texture": "#hardened_clay_yellow", "uv": [ 13, 5, 15, 7 ] },
                "up": { "texture": "#hardened_clay_yellow", "uv": [ 13, 5, 14.5, 7 ] },
                "down": { "texture": "#hardened_clay_yellow", "uv": [ 13, 5, 14.5, 7 ] }
            }
        },
        {
            "name": "Cube",
            "from": [ 12.3, 16, 8.6 ], 
            "to": [ 12.8, 16.5, 9.1 ], 
            "rotation": { "origin": [ 12.0, 16.0, 9.500000000000002 ], "axis": "x", "angle": -45.0 },
            "faces": {
                "north": { "texture": "#hardened_clay_yellow", "uv": [ 13, 4, 13.5, 4.5 ] },
                "east": { "texture": "#hardened_clay_yellow", "uv": [ 13, 4, 15, 6 ] },
                "south": { "texture": "#hardened_clay_yellow", "uv": [ 14, 4, 14.5, 4.5 ] },
                "west": { "texture": "#hardened_clay_yellow", "uv": [ 13, 4, 16, 6 ] },
                "up": { "texture": "#hardened_clay_yellow", "uv": [ 14, 4, 15.5, 6 ] },
                "down": { "texture": "#hardened_clay_yellow", "uv": [ 14, 4, 14.5, 7 ] }
            }
        },
        {
            "name": "Cube",
            "from": [ 12.3, 17.3, 7.3 ], 
            "to": [ 12.8, 17.8, 7.8 ], 
            "rotation": { "origin": [ 12.0, 16.0, 9.500000000000002 ], "axis": "x", "angle": -45.0 },
            "faces": {
                "north": { "texture": "#hardened_clay_yellow", "uv": [ 13, 4, 13.5, 4.5 ] },
                "east": { "texture": "#hardened_clay_yellow", "uv": [ 13, 4, 15, 6 ] },
                "south": { "texture": "#hardened_clay_yellow", "uv": [ 14, 4, 14.5, 4.5 ] },
                "west": { "texture": "#hardened_clay_yellow", "uv": [ 13, 4, 16, 6 ] },
                "up": { "texture": "#hardened_clay_yellow", "uv": [ 14, 4, 15.5, 6 ] },
                "down": { "texture": "#hardened_clay_yellow", "uv": [ 14, 4, 14.5, 7 ] }
            }
        },
        {
            "name": "Cube",
            "from": [ 3.2, 16, 8.6 ], 
            "to": [ 3.7, 16.5, 9.1 ], 
            "rotation": { "origin": [ 12.0, 16.0, 9.500000000000002 ], "axis": "x", "angle": -45.0 },
            "faces": {
                "north": { "texture": "#hardened_clay_yellow", "uv": [ 13, 4, 13.5, 4.5 ] },
                "east": { "texture": "#hardened_clay_yellow", "uv": [ 13, 4, 15, 6 ] },
                "south": { "texture": "#hardened_clay_yellow", "uv": [ 14, 4, 14.5, 4.5 ] },
                "west": { "texture": "#hardened_clay_yellow", "uv": [ 13, 4, 16, 6 ] },
                "up": { "texture": "#hardened_clay_yellow", "uv": [ 14, 4, 15.5, 6 ] },
                "down": { "texture": "#hardened_clay_yellow", "uv": [ 14, 4, 14.5, 7 ] }
            }
        },
        {
            "name": "Cube",
            "from": [ 3.2, 17.3, 7.3 ], 
            "to": [ 3.7, 17.8, 7.8 ], 
            "rotation": { "origin": [ 12.0, 16.0, 9.500000000000002 ], "axis": "x", "angle": -45.0 },
            "faces": {
                "north": { "texture": "#hardened_clay_yellow", "uv": [ 13, 4, 13.5, 4.5 ] },
                "east": { "texture": "#hardened_clay_yellow", "uv": [ 13, 4, 15, 6 ] },
                "south": { "texture": "#hardened_clay_yellow", "uv": [ 14, 4, 14.5, 4.5 ] },
                "west": { "texture": "#hardened_clay_yellow", "uv": [ 13, 4, 16, 6 ] },
                "up": { "texture": "#hardened_clay_yellow", "uv": [ 14, 4, 15.5, 6 ] },
                "down": { "texture": "#hardened_clay_yellow", "uv": [ 14, 4, 14.5, 7 ] }
            }
        },
        {
            "name": "Cube",
            "from": [ 12.3, 15.6, 7.8 ], 
            "to": [ 12.7, 16, 8.2 ], 
            "rotation": { "origin": [ 8.0, 1.0, 8.0 ], "axis": "y", "angle": 45.0 },
            "faces": {
                "north": { "texture": "#hardened_clay_yellow", "uv": [ 0, 15, 0.4, 15.4 ] },
                "east": { "texture": "#hardened_clay_yellow", "uv": [ 0, 14, 2, 16 ] },
                "south": { "texture": "#hardened_clay_yellow", "uv": [ 0, 15, 0.4, 15.4 ] },
                "west": { "texture": "#hardened_clay_yellow", "uv": [ 0, 14, 3, 16 ] },
                "up": { "texture": "#hardened_clay_yellow", "uv": [ 0, 14, 1.5, 16 ] },
                "down": { "texture": "#hardened_clay_yellow", "uv": [ 0, 13, 0.5, 16 ] }
            }
        },
        {
            "name": "Cube",
            "from": [ 3.3, 15.6, 7.8 ], 
            "to": [ 3.7, 16, 8.2 ], 
            "rotation": { "origin": [ 8.0, 1.0, 8.0 ], "axis": "y", "angle": 45.0 },
            "faces": {
                "north": { "texture": "#hardened_clay_yellow", "uv": [ 0, 15, 0.4, 15.4 ] },
                "east": { "texture": "#hardened_clay_yellow", "uv": [ 0, 14, 2, 16 ] },
                "south": { "texture": "#hardened_clay_yellow", "uv": [ 0, 15, 0.4, 15.4 ] },
                "west": { "texture": "#hardened_clay_yellow", "uv": [ 0, 14, 3, 16 ] },
                "up": { "texture": "#hardened_clay_yellow", "uv": [ 0, 14, 1.5, 16 ] },
                "down": { "texture": "#hardened_clay_yellow", "uv": [ 0, 13, 0.5, 16 ] }
            }
        },
        {
            "name": "Cube",
            "from": [ 7.8, 15.6, 3.3 ], 
            "to": [ 8.2, 16, 3.7 ], 
            "rotation": { "origin": [ 8.0, 1.0, 8.0 ], "axis": "y", "angle": 45.0 },
            "faces": {
                "north": { "texture": "#hardened_clay_yellow", "uv": [ 0, 15, 0.4, 15.4 ] },
                "east": { "texture": "#hardened_clay_yellow", "uv": [ 0, 14, 2, 16 ] },
                "south": { "texture": "#hardened_clay_yellow", "uv": [ 0, 15, 0.4, 15.4 ] },
                "west": { "texture": "#hardened_clay_yellow", "uv": [ 0, 14, 3, 16 ] },
                "up": { "texture": "#hardened_clay_yellow", "uv": [ 0, 14, 1.5, 16 ] },
                "down": { "texture": "#hardened_clay_yellow", "uv": [ 0, 13, 0.5, 16 ] }
            }
        },
        {
            "name": "Cube",
            "from": [ 7.8, 15.6, 12.3 ], 
            "to": [ 8.2, 16, 12.7 ], 
            "rotation": { "origin": [ 8.0, 1.0, 8.0 ], "axis": "y", "angle": 45.0 },
            "faces": {
                "north": { "texture": "#hardened_clay_yellow", "uv": [ 0, 15, 0.4, 15.4 ] },
                "east": { "texture": "#hardened_clay_yellow", "uv": [ 0, 14, 2, 16 ] },
                "south": { "texture": "#hardened_clay_yellow", "uv": [ 0, 15, 0.4, 15.4 ] },
                "west": { "texture": "#hardened_clay_yellow", "uv": [ 0, 14, 3, 16 ] },
                "up": { "texture": "#hardened_clay_yellow", "uv": [ 0, 14, 1.5, 16 ] },
                "down": { "texture": "#hardened_clay_yellow", "uv": [ 0, 13, 0.5, 16 ] }
            }
        },
        {
            "name": "Cube",
            "from": [ 7.9, 15.7, 12.4 ], 
            "to": [ 8.1, 18.7, 12.6 ], 
            "rotation": { "origin": [ 8.0, 18.200000000000003, 10.0 ], "axis": "z", "angle": -45.0 },
            "faces": {
                "north": { "texture": "#hardened_clay_yellow", "uv": [ 8, 4, 10, 6 ] },
                "east": { "texture": "#hardened_clay_yellow", "uv": [ 8, 4, 10, 6 ] },
                "south": { "texture": "#hardened_clay_yellow", "uv": [ 8, 4, 10, 6 ] },
                "west": { "texture": "#hardened_clay_yellow", "uv": [ 8, 4, 10, 6 ] },
                "up": { "texture": "#hardened_clay_yellow", "uv": [ 8, 4, 9.5, 6 ] },
                "down": { "texture": "#hardened_clay_yellow", "uv": [ 8, 4, 9.5, 6 ] }
            }
        },
        {
            "name": "Cube",
            "from": [ 12.4, 16.5, 9.1 ], 
            "to": [ 12.6, 17.2, 9.3 ], 
            "faces": {
                "north": { "texture": "#hardened_clay_yellow", "uv": [ 8, 4, 8.2, 4.7 ] },
                "east": { "texture": "#hardened_clay_yellow", "uv": [ 8, 4, 10, 6 ] },
                "south": { "texture": "#hardened_clay_yellow", "uv": [ 8, 4, 8.2, 4.7 ] },
                "west": { "texture": "#hardened_clay_yellow", "uv": [ 8, 4, 11, 6 ] },
                "up": { "texture": "#hardened_clay_yellow", "uv": [ 8, 4, 9.5, 6 ] }
            }
        },
        {
            "name": "Cube",
            "from": [ 12.4, 16.5, 6.7 ], 
            "to": [ 12.6, 17.2, 6.9 ], 
            "faces": {
                "north": { "texture": "#hardened_clay_yellow", "uv": [ 8, 4, 8.2, 4.7 ] },
                "east": { "texture": "#hardened_clay_yellow", "uv": [ 8, 4, 10, 6 ] },
                "south": { "texture": "#hardened_clay_yellow", "uv": [ 8, 4, 8.2, 4.7 ] },
                "west": { "texture": "#hardened_clay_yellow", "uv": [ 8, 4, 11, 6 ] },
                "up": { "texture": "#hardened_clay_yellow", "uv": [ 8, 4, 9.5, 6 ] }
            }
        },
        {
            "name": "Cube",
            "from": [ 6.8, 18.1, 12.3 ], 
            "to": [ 7.8, 19.1, 12.7 ], 
            "rotation": { "origin": [ 8.0, 19.299999999999997, 15.0 ], "axis": "z", "angle": 45.0 },
            "faces": {
                "north": { "texture": "#hardened_clay_yellow", "uv": [ 13, 9, 15, 11 ] },
                "east": { "texture": "#hardened_clay_yellow", "uv": [ 13, 9, 15, 11 ] },
                "south": { "texture": "#hardened_clay_yellow", "uv": [ 13, 9, 15, 11 ] },
                "west": { "texture": "#hardened_clay_yellow", "uv": [ 13, 9, 15, 11 ] },
                "up": { "texture": "#hardened_clay_yellow", "uv": [ 13, 9, 14.5, 11 ] },
                "down": { "texture": "#hardened_clay_yellow", "uv": [ 13, 9, 14.5, 11 ] }
            }
        },
        {
            "name": "Cube",
            "from": [ 3.4, 16.5, 6.7 ], 
            "to": [ 3.6, 17.2, 6.9 ], 
            "faces": {
                "north": { "texture": "#hardened_clay_yellow", "uv": [ 8, 4, 8.2, 4.7 ] },
                "east": { "texture": "#hardened_clay_yellow", "uv": [ 8, 4, 10, 6 ] },
                "south": { "texture": "#hardened_clay_yellow", "uv": [ 8, 4, 8.2, 4.7 ] },
                "west": { "texture": "#hardened_clay_yellow", "uv": [ 8, 4, 11, 6 ] },
                "up": { "texture": "#hardened_clay_yellow", "uv": [ 8, 4, 9.5, 6 ] },
                "down": { "texture": "#hardened_clay_yellow", "uv": [ 8, 4, 8.5, 7 ] }
            }
        },
        {
            "name": "Cube",
            "from": [ 3.4, 16.5, 9.1 ], 
            "to": [ 3.6, 17.2, 9.3 ], 
            "faces": {
                "north": { "texture": "#hardened_clay_yellow", "uv": [ 8, 4, 8.2, 4.7 ] },
                "east": { "texture": "#hardened_clay_yellow", "uv": [ 8, 4, 10, 6 ] },
                "south": { "texture": "#hardened_clay_yellow", "uv": [ 8, 4, 8.2, 4.7 ] },
                "west": { "texture": "#hardened_clay_yellow", "uv": [ 8, 4, 11, 6 ] },
                "up": { "texture": "#hardened_clay_yellow", "uv": [ 8, 4, 9.5, 6 ] }
            }
        },
        {
            "name": "Cube",
            "from": [ 3.4, 16.5, 6.7 ], 
            "to": [ 3.6, 17.2, 6.9 ], 
            "rotation": { "origin": [ 8.0, 1.0, 8.0 ], "axis": "y", "angle": -45.0 },
            "faces": {
                "north": { "texture": "#hardened_clay_yellow", "uv": [ 8, 4, 8.2, 4.7 ] },
                "east": { "texture": "#hardened_clay_yellow", "uv": [ 8, 4, 10, 6 ] },
                "south": { "texture": "#hardened_clay_yellow", "uv": [ 8, 4, 8.2, 4.7 ] },
                "west": { "texture": "#hardened_clay_yellow", "uv": [ 8, 4, 11, 6 ] },
                "up": { "texture": "#hardened_clay_yellow", "uv": [ 8, 4, 9.5, 6 ] },
                "down": { "texture": "#hardened_clay_yellow", "uv": [ 8, 4, 8.5, 7 ] }
            }
        },
        {
            "name": "Cube",
            "from": [ 3.4, 16.5, 9.1 ], 
            "to": [ 3.6, 17.2, 9.3 ], 
            "rotation": { "origin": [ 8.0, 1.0, 8.0 ], "axis": "y", "angle": -45.0 },
            "faces": {
                "north": { "texture": "#hardened_clay_yellow", "uv": [ 8, 4, 8.2, 4.7 ] },
                "east": { "texture": "#hardened_clay_yellow", "uv": [ 8, 4, 10, 6 ] },
                "south": { "texture": "#hardened_clay_yellow", "uv": [ 8, 4, 8.2, 4.7 ] },
                "west": { "texture": "#hardened_clay_yellow", "uv": [ 8, 4, 11, 6 ] },
                "up": { "texture": "#hardened_clay_yellow", "uv": [ 8, 4, 9.5, 6 ] },
                "down": { "texture": "#hardened_clay_yellow", "uv": [ 8, 4, 8.5, 7 ] }
            }
        },
        {
            "name": "Cube",
            "from": [ 3.4, 16.5, 9.1 ], 
            "to": [ 3.6, 17.2, 9.3 ], 
            "rotation": { "origin": [ 8.0, 1.0, 8.0 ], "axis": "y", "angle": 45.0 },
            "faces": {
                "north": { "texture": "#hardened_clay_yellow", "uv": [ 8, 4, 8.2, 4.7 ] },
                "east": { "texture": "#hardened_clay_yellow", "uv": [ 8, 4, 10, 6 ] },
                "south": { "texture": "#hardened_clay_yellow", "uv": [ 8, 4, 8.2, 4.7 ] },
                "west": { "texture": "#hardened_clay_yellow", "uv": [ 8, 4, 11, 6 ] },
                "up": { "texture": "#hardened_clay_yellow", "uv": [ 8, 4, 9.5, 6 ] },
                "down": { "texture": "#hardened_clay_yellow", "uv": [ 8, 4, 8.5, 7 ] }
            }
        },
        {
            "name": "Cube",
            "from": [ 3.4, 16.5, 6.7 ], 
            "to": [ 3.6, 17.2, 6.9 ], 
            "rotation": { "origin": [ 8.0, 1.0, 8.0 ], "axis": "y", "angle": 45.0 },
            "faces": {
                "north": { "texture": "#hardened_clay_yellow", "uv": [ 8, 4, 8.2, 4.7 ] },
                "east": { "texture": "#hardened_clay_yellow", "uv": [ 8, 4, 10, 6 ] },
                "south": { "texture": "#hardened_clay_yellow", "uv": [ 8, 4, 8.2, 4.7 ] },
                "west": { "texture": "#hardened_clay_yellow", "uv": [ 8, 4, 11, 6 ] },
                "up": { "texture": "#hardened_clay_yellow", "uv": [ 8, 4, 9.5, 6 ] },
                "down": { "texture": "#hardened_clay_yellow", "uv": [ 8, 4, 8.5, 7 ] }
            }
        },
        {
            "name": "Cube",
            "from": [ 12.4, 16.5, 6.7 ], 
            "to": [ 12.6, 17.2, 6.9 ], 
            "rotation": { "origin": [ 8.0, 1.0, 8.0 ], "axis": "y", "angle": -45.0 },
            "faces": {
                "north": { "texture": "#hardened_clay_yellow", "uv": [ 8, 4, 8.2, 4.7 ] },
                "east": { "texture": "#hardened_clay_yellow", "uv": [ 8, 4, 10, 6 ] },
                "south": { "texture": "#hardened_clay_yellow", "uv": [ 8, 4, 8.2, 4.7 ] },
                "west": { "texture": "#hardened_clay_yellow", "uv": [ 8, 4, 11, 6 ] },
                "up": { "texture": "#hardened_clay_yellow", "uv": [ 8, 4, 9.5, 6 ] },
                "down": { "texture": "#hardened_clay_yellow", "uv": [ 8, 4, 8.5, 7 ] }
            }
        },
        {
            "name": "Cube",
            "from": [ 12.4, 16.5, 6.7 ], 
            "to": [ 12.6, 17.2, 6.9 ], 
            "rotation": { "origin": [ 8.0, 1.0, 8.0 ], "axis": "y", "angle": 45.0 },
            "faces": {
                "north": { "texture": "#hardened_clay_yellow", "uv": [ 8, 4, 8.2, 4.7 ] },
                "east": { "texture": "#hardened_clay_yellow", "uv": [ 8, 4, 10, 6 ] },
                "south": { "texture": "#hardened_clay_yellow", "uv": [ 8, 4, 8.2, 4.7 ] },
                "west": { "texture": "#hardened_clay_yellow", "uv": [ 8, 4, 11, 6 ] },
                "up": { "texture": "#hardened_clay_yellow", "uv": [ 8, 4, 9.5, 6 ] },
                "down": { "texture": "#hardened_clay_yellow", "uv": [ 8, 4, 8.5, 7 ] }
            }
        },
        {
            "name": "Cube",
            "from": [ 12.4, 16.5, 9.1 ], 
            "to": [ 12.6, 17.2, 9.3 ], 
            "rotation": { "origin": [ 8.0, 1.0, 8.0 ], "axis": "y", "angle": -45.0 },
            "faces": {
                "north": { "texture": "#hardened_clay_yellow", "uv": [ 8, 4, 8.2, 4.7 ] },
                "east": { "texture": "#hardened_clay_yellow", "uv": [ 8, 4, 10, 6 ] },
                "south": { "texture": "#hardened_clay_yellow", "uv": [ 8, 4, 8.2, 4.7 ] },
                "west": { "texture": "#hardened_clay_yellow", "uv": [ 8, 4, 11, 6 ] },
                "up": { "texture": "#hardened_clay_yellow", "uv": [ 8, 4, 9.5, 6 ] },
                "down": { "texture": "#hardened_clay_yellow", "uv": [ 8, 4, 8.5, 7 ] }
            }
        },
        {
            "name": "Cube",
            "from": [ 12.4, 16.5, 9.1 ], 
            "to": [ 12.6, 17.2, 9.3 ], 
            "rotation": { "origin": [ 8.0, 1.0, 8.0 ], "axis": "y", "angle": 45.0 },
            "faces": {
                "north": { "texture": "#hardened_clay_yellow", "uv": [ 8, 4, 8.2, 4.7 ] },
                "east": { "texture": "#hardened_clay_yellow", "uv": [ 8, 4, 10, 6 ] },
                "south": { "texture": "#hardened_clay_yellow", "uv": [ 8, 4, 8.2, 4.7 ] },
                "west": { "texture": "#hardened_clay_yellow", "uv": [ 8, 4, 11, 6 ] },
                "up": { "texture": "#hardened_clay_yellow", "uv": [ 8, 4, 9.5, 6 ] },
                "down": { "texture": "#hardened_clay_yellow", "uv": [ 8, 4, 8.5, 7 ] }
            }
        },
        {
            "name": "Cube",
            "from": [ 7.9, 15.7, 12.4 ], 
            "to": [ 8.1, 18.7, 12.6 ], 
            "rotation": { "origin": [ 8.0, 18.200000000000003, 10.0 ], "axis": "z", "angle": 45.0 },
            "faces": {
                "north": { "texture": "#hardened_clay_yellow", "uv": [ 8, 4, 10, 6 ] },
                "east": { "texture": "#hardened_clay_yellow", "uv": [ 8, 4, 10, 6 ] },
                "south": { "texture": "#hardened_clay_yellow", "uv": [ 8, 4, 10, 6 ] },
                "west": { "texture": "#hardened_clay_yellow", "uv": [ 8, 4, 10, 6 ] },
                "up": { "texture": "#hardened_clay_yellow", "uv": [ 8, 4, 9.5, 6 ] },
                "down": { "texture": "#hardened_clay_yellow", "uv": [ 8, 4, 9.5, 6 ] }
            }
        }
    ]
}