{
	"credit": "Made with Blockbench",
	"textures": {
		"0": "blocks/p1reddragon",
		"5": "blocks/p1reddragonwingdown",
		"6": "blocks/p1reddragonwingup",
		"particle": "blocks/p1reddragon"
	},
	"elements": [
		{
			"from": [4.5, 8, -12.5],
			"to": [11.5, 9, -0.5],
			"rotation": {"angle": -22.5, "axis": "x", "origin": [8, 8.88889, -0.50556]},
			"faces": {
				"north": {"uv": [0, 1, 7, 2], "texture": "#0"},
				"east": {"uv": [0, 4, 8, 5], "texture": "#0"},
				"south": {"uv": [0, 0, 7, 1], "texture": "#0"},
				"west": {"uv": [0, 0, 8, 1], "texture": "#0"},
				"up": {"uv": [8, 0, 13, 6], "texture": "#0"},
				"down": {"uv": [0, 8, 7, 16], "texture": "#0"}
			}
		},
		{
			"from": [4.5, 8.75, -11.5],
			"to": [11.5, 10.75, -0.5],
			"rotation": {"angle": 22.5, "axis": "x", "origin": [8, 8.75278, 0.54444]},
			"faces": {
				"north": {"uv": [0, 1, 7, 3], "texture": "#0"},
				"east": {"uv": [0, 4, 8, 6], "texture": "#0"},
				"south": {"uv": [0, 2.5, 7, 4.5], "texture": "#0"},
				"west": {"uv": [0, 0, 8, 2], "texture": "#0"},
				"up": {"uv": [0, 0, 5, 6], "texture": "#0"},
				"down": {"uv": [8, 0, 12.5, 2.5], "texture": "#0"}
			}
		},
		{
			"from": [6.5, 10.75, -9.5],
			"to": [9.5, 11.75, -0.5],
			"rotation": {"angle": 22.5, "axis": "x", "origin": [8, 8.75278, 0.54444]},
			"faces": {
				"north": {"uv": [0, 1, 7, 3], "texture": "#0"},
				"east": {"uv": [0, 1, 6, 2], "texture": "#0"},
				"south": {"uv": [5, 5, 7, 6], "texture": "#0"},
				"west": {"uv": [0, 0, 6, 1], "texture": "#0"},
				"up": {"uv": [0, 0, 2, 5.5], "texture": "#0"},
				"down": {"uv": [0, 0, 4.5, 2.5], "texture": "#0"}
			}
		},
		{
			"from": [4.25, 8.85, -1.5],
			"to": [11.75, 12, 0.5],
			"rotation": {"angle": 22.5, "axis": "x", "origin": [8, 8.75278, 0.54444]},
			"faces": {
				"north": {"uv": [0, 1, 7, 3], "texture": "#0"},
				"east": {"uv": [6.5, 5, 8, 7], "texture": "#0"},
				"south": {"uv": [1, 4, 7, 6], "texture": "#0"},
				"west": {"uv": [0, 0, 1.5, 2], "texture": "#0"},
				"up": {"uv": [0, 0, 6, 2], "texture": "#0"},
				"down": {"uv": [0, 3.5, 6, 5.5], "texture": "#0"}
			}
		},
		{
			"from": [4.5, 9, -12.5],
			"to": [5.5, 10, -11.5],
			"rotation": {"angle": -22.5, "axis": "x", "origin": [8, 8.88889, -0.50556]},
			"faces": {
				"north": {"uv": [15, 0, 16, 1], "texture": "#0"},
				"east": {"uv": [15, 0, 16, 1], "texture": "#0"},
				"south": {"uv": [15, 0, 16, 1], "texture": "#0"},
				"west": {"uv": [15, 0, 16, 1], "texture": "#0"},
				"up": {"uv": [15, 0, 16, 1], "texture": "#0"},
				"down": {"uv": [15, 0, 16, 1], "texture": "#0"}
			}
		},
		{
			"from": [4.25, 9, -10.25],
			"to": [4.75, 10, -9.75],
			"rotation": {"angle": -22.5, "axis": "x", "origin": [8, 8.88889, -0.50556]},
			"faces": {
				"north": {"uv": [15, 0, 16, 1], "texture": "#0"},
				"east": {"uv": [15, 0, 16, 1], "texture": "#0"},
				"south": {"uv": [15, 0, 16, 1], "texture": "#0"},
				"west": {"uv": [15, 0, 16, 1], "texture": "#0"},
				"up": {"uv": [15, 0, 16, 1], "texture": "#0"},
				"down": {"uv": [15, 0, 16, 1], "texture": "#0"}
			}
		},
		{
			"from": [11.25, 9, -10.25],
			"to": [11.75, 10, -9.75],
			"rotation": {"angle": -22.5, "axis": "x", "origin": [8, 8.88889, -0.50556]},
			"faces": {
				"north": {"uv": [15, 0, 16, 1], "texture": "#0"},
				"east": {"uv": [15, 0, 16, 1], "texture": "#0"},
				"south": {"uv": [15, 0, 16, 1], "texture": "#0"},
				"west": {"uv": [15, 0, 16, 1], "texture": "#0"},
				"up": {"uv": [15, 0, 16, 1], "texture": "#0"},
				"down": {"uv": [15, 0, 16, 1], "texture": "#0"}
			}
		},
		{
			"from": [4.25, 9, -7.25],
			"to": [4.75, 10, -6.75],
			"rotation": {"angle": -22.5, "axis": "x", "origin": [8, 8.88889, -0.50556]},
			"faces": {
				"north": {"uv": [15, 0, 16, 1], "texture": "#0"},
				"east": {"uv": [15, 0, 16, 1], "texture": "#0"},
				"south": {"uv": [15, 0, 16, 1], "texture": "#0"},
				"west": {"uv": [15, 0, 16, 1], "texture": "#0"},
				"up": {"uv": [15, 0, 16, 1], "texture": "#0"},
				"down": {"uv": [15, 0, 16, 1], "texture": "#0"}
			}
		},
		{
			"from": [11.25, 9, -7.25],
			"to": [11.75, 10, -6.75],
			"rotation": {"angle": -22.5, "axis": "x", "origin": [8, 8.88889, -0.50556]},
			"faces": {
				"north": {"uv": [15, 0, 16, 1], "texture": "#0"},
				"east": {"uv": [15, 0, 16, 1], "texture": "#0"},
				"south": {"uv": [15, 0, 16, 1], "texture": "#0"},
				"west": {"uv": [15, 0, 16, 1], "texture": "#0"},
				"up": {"uv": [15, 0, 16, 1], "texture": "#0"},
				"down": {"uv": [15, 0, 16, 1], "texture": "#0"}
			}
		},
		{
			"from": [4.25, 9, -4.25],
			"to": [4.75, 10, -3.75],
			"rotation": {"angle": -22.5, "axis": "x", "origin": [8, 8.88889, -0.50556]},
			"faces": {
				"north": {"uv": [15, 0, 16, 1], "texture": "#0"},
				"east": {"uv": [15, 0, 16, 1], "texture": "#0"},
				"south": {"uv": [15, 0, 16, 1], "texture": "#0"},
				"west": {"uv": [15, 0, 16, 1], "texture": "#0"},
				"up": {"uv": [15, 0, 16, 1], "texture": "#0"},
				"down": {"uv": [15, 0, 16, 1], "texture": "#0"}
			}
		},
		{
			"from": [11.25, 9, -4.25],
			"to": [11.75, 10, -3.75],
			"rotation": {"angle": -22.5, "axis": "x", "origin": [8, 8.88889, -0.50556]},
			"faces": {
				"north": {"uv": [15, 0, 16, 1], "texture": "#0"},
				"east": {"uv": [15, 0, 16, 1], "texture": "#0"},
				"south": {"uv": [15, 0, 16, 1], "texture": "#0"},
				"west": {"uv": [15, 0, 16, 1], "texture": "#0"},
				"up": {"uv": [15, 0, 16, 1], "texture": "#0"},
				"down": {"uv": [15, 0, 16, 1], "texture": "#0"}
			}
		},
		{
			"from": [10.5, 9, -12.5],
			"to": [11.5, 10, -11.5],
			"rotation": {"angle": -22.5, "axis": "x", "origin": [8, 8.88889, -0.50556]},
			"faces": {
				"north": {"uv": [15, 0, 16, 1], "texture": "#0"},
				"east": {"uv": [15, 0, 16, 1], "texture": "#0"},
				"south": {"uv": [15, 0, 16, 1], "texture": "#0"},
				"west": {"uv": [15, 0, 16, 1], "texture": "#0"},
				"up": {"uv": [15, 0, 16, 1], "texture": "#0"},
				"down": {"uv": [15, 0, 16, 1], "texture": "#0"}
			}
		},
		{
			"from": [11, 10.25, -2.5],
			"to": [13, 12.25, -0.5],
			"rotation": {"angle": 22.5, "axis": "x", "origin": [8, 8.75278, 0.54444]},
			"faces": {
				"north": {"uv": [15, 0, 16, 1], "texture": "#0"},
				"east": {"uv": [15, 0, 16, 1], "texture": "#0"},
				"south": {"uv": [15, 0, 16, 1], "texture": "#0"},
				"west": {"uv": [15, 0, 16, 1], "texture": "#0"},
				"up": {"uv": [15, 0, 16, 1], "texture": "#0"},
				"down": {"uv": [15, 0, 16, 1], "texture": "#0"}
			}
		},
		{
			"from": [3, 10.25, -2.5],
			"to": [5, 12.25, -0.5],
			"rotation": {"angle": 22.5, "axis": "x", "origin": [8, 8.75278, 0.54444]},
			"faces": {
				"north": {"uv": [15, 0, 16, 1], "texture": "#0"},
				"east": {"uv": [15, 0, 16, 1], "texture": "#0"},
				"south": {"uv": [15, 0, 16, 1], "texture": "#0"},
				"west": {"uv": [15, 0, 16, 1], "texture": "#0"},
				"up": {"uv": [15, 0, 16, 1], "texture": "#0"},
				"down": {"uv": [15, 0, 16, 1], "texture": "#0"}
			}
		},
		{
			"from": [3.25, 11.25, -2.75],
			"to": [4, 12, -2.5],
			"rotation": {"angle": 22.5, "axis": "x", "origin": [8, 8.75278, 0.54444]},
			"faces": {
				"north": {"uv": [15, 3, 16, 4], "texture": "#0"},
				"east": {"uv": [15, 3, 16, 4], "texture": "#0"},
				"south": {"uv": [15, 3, 16, 4], "texture": "#0"},
				"west": {"uv": [15, 3, 16, 4], "texture": "#0"},
				"up": {"uv": [15, 3, 16, 4], "texture": "#0"},
				"down": {"uv": [15, 3, 16, 4], "texture": "#0"}
			}
		},
		{
			"from": [12, 11.25, -2.75],
			"to": [12.75, 12, -2.5],
			"rotation": {"angle": 22.5, "axis": "x", "origin": [8, 8.75278, 0.54444]},
			"faces": {
				"north": {"uv": [15, 3, 16, 4], "texture": "#0"},
				"east": {"uv": [15, 3, 16, 4], "texture": "#0"},
				"south": {"uv": [15, 3, 16, 4], "texture": "#0"},
				"west": {"uv": [15, 3, 16, 4], "texture": "#0"},
				"up": {"uv": [15, 3, 16, 4], "texture": "#0"},
				"down": {"uv": [15, 3, 16, 4], "texture": "#0"}
			}
		},
		{
			"from": [6.5, 9, -11.55],
			"to": [7.75, 9.75, -11.5],
			"rotation": {"angle": 22.5, "axis": "x", "origin": [8, 8.75278, 0.54444]},
			"faces": {
				"north": {"uv": [11, 0.5, 12, 1.5], "texture": "#0"},
				"east": {"uv": [11, 0.5, 12, 1.5], "texture": "#0"},
				"south": {"uv": [10.5, 0.5, 11.5, 1.5], "texture": "#0"},
				"west": {"uv": [10.5, 0.5, 11.5, 1.5], "texture": "#0"},
				"up": {"uv": [10.5, 1, 11.5, 2], "texture": "#0"},
				"down": {"uv": [11.5, 0.5, 12.5, 1.5], "texture": "#0"}
			}
		},
		{
			"from": [8.25, 9, -11.55],
			"to": [9.5, 9.75, -11.5],
			"rotation": {"angle": 22.5, "axis": "x", "origin": [8, 8.75278, 0.54444]},
			"faces": {
				"north": {"uv": [8.5, 0, 9.5, 1], "texture": "#0"},
				"east": {"uv": [11, 0.5, 12, 1.5], "texture": "#0"},
				"south": {"uv": [10, 0.5, 11, 1.5], "texture": "#0"},
				"west": {"uv": [11, 0.5, 12, 1.5], "texture": "#0"},
				"up": {"uv": [11, 0.5, 12, 1.5], "texture": "#0"},
				"down": {"uv": [10.5, 0.5, 11.5, 1.5], "texture": "#0"}
			}
		},
		{
			"from": [5.25, 7, 3],
			"to": [10.75, 11.25, 13],
			"rotation": {"angle": 45, "axis": "x", "origin": [8.5, 10, 2]},
			"faces": {
				"north": {"uv": [0, 1, 3, 3], "texture": "#0"},
				"east": {"uv": [3, 5, 8, 7], "texture": "#0"},
				"south": {"uv": [1, 4, 4, 6], "texture": "#0"},
				"west": {"uv": [0, 0, 5, 2], "texture": "#0"},
				"up": {"uv": [4, 1, 7, 6], "texture": "#0"},
				"down": {"uv": [0, 8, 5.5, 13], "texture": "#0"}
			}
		},
		{
			"from": [6.25, 7, 0.25],
			"to": [9.75, 10.25, 3],
			"rotation": {"angle": 22.5, "axis": "x", "origin": [8.5, 10, 2]},
			"faces": {
				"north": {"uv": [0, 1, 3, 3], "texture": "#0"},
				"east": {"uv": [6, 5, 8, 7], "texture": "#0"},
				"south": {"uv": [1, 4, 4, 6], "texture": "#0"},
				"west": {"uv": [0, 0, 2, 2], "texture": "#0"},
				"up": {"uv": [4, 4, 6.5, 6], "texture": "#0"},
				"down": {"uv": [2.5, 8, 6, 13], "texture": "#0"}
			}
		},
		{
			"from": [7.5, 7.5, 4],
			"to": [8.5, 9.75, 6.25],
			"rotation": {"angle": 0, "axis": "x", "origin": [8.5, 10, 2]},
			"faces": {
				"north": {"uv": [8.5, 0.5, 9.5, 1.5], "texture": "#0"},
				"east": {"uv": [10.5, 0.5, 12, 2], "texture": "#0"},
				"south": {"uv": [9.5, 0.5, 11.5, 2], "texture": "#0"},
				"west": {"uv": [10, 0.5, 11.5, 2], "texture": "#0"},
				"up": {"uv": [10, 0.5, 12, 2], "texture": "#0"},
				"down": {"uv": [11, 0.5, 12.5, 2], "texture": "#0"}
			}
		},
		{
			"from": [7.5, 5, 5.5],
			"to": [8.5, 7.25, 7.75],
			"rotation": {"angle": 0, "axis": "x", "origin": [8.5, 10, 2]},
			"faces": {
				"north": {"uv": [8.5, 0.5, 9.5, 1.5], "texture": "#0"},
				"east": {"uv": [10.5, 0.5, 12, 2], "texture": "#0"},
				"south": {"uv": [9.5, 0.5, 11.5, 2], "texture": "#0"},
				"west": {"uv": [10, 0.5, 11.5, 2], "texture": "#0"},
				"up": {"uv": [10, 0.5, 12, 2], "texture": "#0"},
				"down": {"uv": [11, 0.5, 12.5, 2], "texture": "#0"}
			}
		},
		{
			"from": [7.5, 3.5, 8],
			"to": [8.5, 5.75, 10.25],
			"rotation": {"angle": 0, "axis": "x", "origin": [8.5, 10, 2]},
			"faces": {
				"north": {"uv": [8.5, 0.5, 9.5, 1.5], "texture": "#0"},
				"east": {"uv": [10.5, 0.5, 12, 2], "texture": "#0"},
				"south": {"uv": [9.5, 0.5, 11.5, 2], "texture": "#0"},
				"west": {"uv": [10, 0.5, 11.5, 2], "texture": "#0"},
				"up": {"uv": [10, 0.5, 12, 2], "texture": "#0"},
				"down": {"uv": [11, 0.5, 12.5, 2], "texture": "#0"}
			}
		},
		{
			"from": [4.5, 5.49848, 0.375],
			"to": [5.25, 6.24848, 3.625],
			"rotation": {"angle": -22.5, "axis": "x", "origin": [4.875, 4.87348, 2]},
			"faces": {
				"north": {"uv": [3, 8, 4, 9], "rotation": 180, "texture": "#0"},
				"east": {"uv": [3, 8, 4, 11], "rotation": 270, "texture": "#0"},
				"south": {"uv": [4.5, 8, 5.5, 9], "texture": "#0"},
				"west": {"uv": [0, 8, 1, 11], "rotation": 90, "texture": "#0"},
				"up": {"uv": [1.5, 8, 2.5, 11], "rotation": 180, "texture": "#0"},
				"down": {"uv": [4.5, 11, 5.5, 14], "texture": "#0"}
			}
		},
		{
			"from": [10.75, 5.49848, 0.375],
			"to": [11.5, 6.24848, 3.625],
			"rotation": {"angle": -22.5, "axis": "x", "origin": [11.125, 4.87348, 2]},
			"faces": {
				"north": {"uv": [3, 8, 4, 9], "rotation": 180, "texture": "#0"},
				"east": {"uv": [3, 8, 4, 11], "rotation": 270, "texture": "#0"},
				"south": {"uv": [4.5, 8, 5.5, 9], "texture": "#0"},
				"west": {"uv": [0, 8, 1, 11], "rotation": 90, "texture": "#0"},
				"up": {"uv": [1.5, 8, 2.5, 11], "rotation": 180, "texture": "#0"},
				"down": {"uv": [4.5, 11, 5.5, 14], "texture": "#0"}
			}
		},
		{
			"from": [4.6, 4.94848, -1.375],
			"to": [5.15, 5.49848, 0.375],
			"rotation": {"angle": 0, "axis": "x", "origin": [4.875, 4.87348, 2]},
			"faces": {
				"north": {"uv": [3, 8, 4, 9], "rotation": 180, "texture": "#0"},
				"east": {"uv": [3, 8, 4, 11], "rotation": 270, "texture": "#0"},
				"south": {"uv": [4.5, 8, 5.5, 9], "texture": "#0"},
				"west": {"uv": [0, 8, 1, 11], "rotation": 90, "texture": "#0"},
				"up": {"uv": [1.5, 8, 2.5, 11], "rotation": 180, "texture": "#0"},
				"down": {"uv": [4.5, 11, 5.5, 14], "texture": "#0"}
			}
		},
		{
			"from": [10.85, 4.94848, -1.375],
			"to": [11.4, 5.49848, 0.375],
			"rotation": {"angle": 0, "axis": "x", "origin": [11.125, 4.87348, 2]},
			"faces": {
				"north": {"uv": [3, 8, 4, 9], "rotation": 180, "texture": "#0"},
				"east": {"uv": [3, 8, 4, 11], "rotation": 270, "texture": "#0"},
				"south": {"uv": [4.5, 8, 5.5, 9], "texture": "#0"},
				"west": {"uv": [0, 8, 1, 11], "rotation": 90, "texture": "#0"},
				"up": {"uv": [1.5, 8, 2.5, 11], "rotation": 180, "texture": "#0"},
				"down": {"uv": [4.5, 11, 5.5, 14], "texture": "#0"}
			}
		},
		{
			"from": [4.35, 4.54848, -2.025],
			"to": [5.4, 5.09848, -1.275],
			"rotation": {"angle": -22.5, "axis": "x", "origin": [4.875, 5.22348, -2.25]},
			"faces": {
				"north": {"uv": [3, 8, 3.5, 8.5], "rotation": 180, "texture": "#0"},
				"east": {"uv": [1.5, 9.5, 2.5, 11], "rotation": 270, "texture": "#0"},
				"south": {"uv": [4.5, 8, 5.5, 9], "texture": "#0"},
				"west": {"uv": [0, 8, 1, 9.5], "rotation": 90, "texture": "#0"},
				"up": {"uv": [1.5, 10, 2, 10.5], "rotation": 180, "texture": "#0"},
				"down": {"uv": [4.5, 13, 5, 13.5], "texture": "#0"}
			}
		},
		{
			"from": [10.6, 4.54848, -2.025],
			"to": [11.65, 5.09848, -1.275],
			"rotation": {"angle": -22.5, "axis": "x", "origin": [11.125, 5.22348, -2.25]},
			"faces": {
				"north": {"uv": [3, 8, 3.5, 8.5], "rotation": 180, "texture": "#0"},
				"east": {"uv": [1.5, 9.5, 2.5, 11], "rotation": 270, "texture": "#0"},
				"south": {"uv": [4.5, 8, 5.5, 9], "texture": "#0"},
				"west": {"uv": [0, 8, 1, 9.5], "rotation": 90, "texture": "#0"},
				"up": {"uv": [1.5, 10, 2, 10.5], "rotation": 180, "texture": "#0"},
				"down": {"uv": [4.5, 13, 5, 13.5], "texture": "#0"}
			}
		},
		{
			"from": [5.25, 5, -2.05],
			"to": [5.5, 5.25, -1.8],
			"rotation": {"angle": -22.5, "axis": "x", "origin": [5.125, 5.125, -1.925]},
			"faces": {
				"north": {"uv": [8.5, 0.5, 9.5, 1.5], "texture": "#0"},
				"east": {"uv": [10.5, 0.5, 12, 2], "texture": "#0"},
				"south": {"uv": [9.5, 0.5, 11.5, 2], "texture": "#0"},
				"west": {"uv": [10, 0.5, 11.5, 2], "texture": "#0"},
				"up": {"uv": [10, 0.5, 12, 2], "texture": "#0"},
				"down": {"uv": [11, 0.5, 12.5, 2], "texture": "#0"}
			}
		},
		{
			"from": [11.5, 5, -2.05],
			"to": [11.75, 5.25, -1.8],
			"rotation": {"angle": -22.5, "axis": "x", "origin": [11.375, 5.125, -1.925]},
			"faces": {
				"north": {"uv": [8.5, 0.5, 9.5, 1.5], "texture": "#0"},
				"east": {"uv": [10.5, 0.5, 12, 2], "texture": "#0"},
				"south": {"uv": [9.5, 0.5, 11.5, 2], "texture": "#0"},
				"west": {"uv": [10, 0.5, 11.5, 2], "texture": "#0"},
				"up": {"uv": [10, 0.5, 12, 2], "texture": "#0"},
				"down": {"uv": [11, 0.5, 12.5, 2], "texture": "#0"}
			}
		},
		{
			"from": [4.75, 5, -2.05],
			"to": [5, 5.25, -1.8],
			"rotation": {"angle": -22.5, "axis": "x", "origin": [5.125, 5.125, -1.925]},
			"faces": {
				"north": {"uv": [8.5, 0.5, 9.5, 1.5], "texture": "#0"},
				"east": {"uv": [10.5, 0.5, 12, 2], "texture": "#0"},
				"south": {"uv": [9.5, 0.5, 11.5, 2], "texture": "#0"},
				"west": {"uv": [10, 0.5, 11.5, 2], "texture": "#0"},
				"up": {"uv": [10, 0.5, 12, 2], "texture": "#0"},
				"down": {"uv": [11, 0.5, 12.5, 2], "texture": "#0"}
			}
		},
		{
			"from": [11, 5, -2.05],
			"to": [11.25, 5.25, -1.8],
			"rotation": {"angle": -22.5, "axis": "x", "origin": [11.375, 5.125, -1.925]},
			"faces": {
				"north": {"uv": [8.5, 0.5, 9.5, 1.5], "texture": "#0"},
				"east": {"uv": [10.5, 0.5, 12, 2], "texture": "#0"},
				"south": {"uv": [9.5, 0.5, 11.5, 2], "texture": "#0"},
				"west": {"uv": [10, 0.5, 11.5, 2], "texture": "#0"},
				"up": {"uv": [10, 0.5, 12, 2], "texture": "#0"},
				"down": {"uv": [11, 0.5, 12.5, 2], "texture": "#0"}
			}
		},
		{
			"from": [4.25, 5, -2.05],
			"to": [4.5, 5.25, -1.8],
			"rotation": {"angle": -22.5, "axis": "x", "origin": [5.125, 5.125, -1.925]},
			"faces": {
				"north": {"uv": [8.5, 0.5, 9.5, 1.5], "texture": "#0"},
				"east": {"uv": [10.5, 0.5, 12, 2], "texture": "#0"},
				"south": {"uv": [9.5, 0.5, 11.5, 2], "texture": "#0"},
				"west": {"uv": [10, 0.5, 11.5, 2], "texture": "#0"},
				"up": {"uv": [10, 0.5, 12, 2], "texture": "#0"},
				"down": {"uv": [11, 0.5, 12.5, 2], "texture": "#0"}
			}
		},
		{
			"from": [10.5, 5, -2.05],
			"to": [10.75, 5.25, -1.8],
			"rotation": {"angle": -22.5, "axis": "x", "origin": [11.375, 5.125, -1.925]},
			"faces": {
				"north": {"uv": [8.5, 0.5, 9.5, 1.5], "texture": "#0"},
				"east": {"uv": [10.5, 0.5, 12, 2], "texture": "#0"},
				"south": {"uv": [9.5, 0.5, 11.5, 2], "texture": "#0"},
				"west": {"uv": [10, 0.5, 11.5, 2], "texture": "#0"},
				"up": {"uv": [10, 0.5, 12, 2], "texture": "#0"},
				"down": {"uv": [11, 0.5, 12.5, 2], "texture": "#0"}
			}
		},
		{
			"from": [5.25, 5, -1.55],
			"to": [5.5, 5.25, -1.3],
			"rotation": {"angle": -22.5, "axis": "x", "origin": [5.125, 5.125, -1.925]},
			"faces": {
				"north": {"uv": [8.5, 0.5, 9.5, 1.5], "texture": "#0"},
				"east": {"uv": [10.5, 0.5, 12, 2], "texture": "#0"},
				"south": {"uv": [9.5, 0.5, 11.5, 2], "texture": "#0"},
				"west": {"uv": [10, 0.5, 11.5, 2], "texture": "#0"},
				"up": {"uv": [10, 0.5, 12, 2], "texture": "#0"},
				"down": {"uv": [11, 0.5, 12.5, 2], "texture": "#0"}
			}
		},
		{
			"from": [10.5, 5, -1.55],
			"to": [10.75, 5.25, -1.3],
			"rotation": {"angle": -22.5, "axis": "x", "origin": [11.375, 5.125, -1.925]},
			"faces": {
				"north": {"uv": [8.5, 0.5, 9.5, 1.5], "texture": "#0"},
				"east": {"uv": [10.5, 0.5, 12, 2], "texture": "#0"},
				"south": {"uv": [9.5, 0.5, 11.5, 2], "texture": "#0"},
				"west": {"uv": [10, 0.5, 11.5, 2], "texture": "#0"},
				"up": {"uv": [10, 0.5, 12, 2], "texture": "#0"},
				"down": {"uv": [11, 0.5, 12.5, 2], "texture": "#0"}
			}
		},
		{
			"from": [4.25, -1, 6.5],
			"to": [7, 3, 9],
			"rotation": {"angle": 0, "axis": "x", "origin": [8.5, 10, 2]},
			"faces": {
				"north": {"uv": [0, 0, 2, 3], "rotation": 180, "texture": "#0"},
				"east": {"uv": [5, 5, 8, 7], "rotation": 270, "texture": "#0"},
				"south": {"uv": [5, 3, 7, 6], "texture": "#0"},
				"west": {"uv": [0, 0, 3, 2], "rotation": 90, "texture": "#0"},
				"up": {"uv": [1, 1.5, 3, 3], "rotation": 180, "texture": "#0"},
				"down": {"uv": [2, 4.5, 4, 6], "texture": "#0"}
			}
		},
		{
			"from": [9, -1, 6.5],
			"to": [11.75, 3, 9],
			"rotation": {"angle": 0, "axis": "x", "origin": [8.5, 10, 2]},
			"faces": {
				"north": {"uv": [0, 0, 2, 3], "rotation": 180, "texture": "#0"},
				"east": {"uv": [5, 5, 8, 7], "rotation": 270, "texture": "#0"},
				"south": {"uv": [5, 3, 7, 6], "texture": "#0"},
				"west": {"uv": [0, 0, 3, 2], "rotation": 90, "texture": "#0"},
				"up": {"uv": [1, 1.5, 3, 3], "rotation": 180, "texture": "#0"},
				"down": {"uv": [2, 4.5, 4, 6], "texture": "#0"}
			}
		},
		{
			"from": [9.375, -5, 6.825],
			"to": [11.375, -1, 8.675],
			"rotation": {"angle": 0, "axis": "y", "origin": [10.375, -3, 7.75]},
			"faces": {
				"north": {"uv": [4.5, 5, 8, 7], "rotation": 270, "texture": "#0"},
				"east": {"uv": [5, 2.5, 7, 6], "texture": "#0"},
				"south": {"uv": [0, 0, 3.5, 2], "rotation": 90, "texture": "#0"},
				"west": {"uv": [0, 0, 2, 3.5], "rotation": 180, "texture": "#0"},
				"up": {"uv": [1, 1.5, 3, 3], "rotation": 90, "texture": "#0"},
				"down": {"uv": [2, 4.5, 4, 6], "rotation": 90, "texture": "#0"}
			}
		},
		{
			"from": [4.625, -5, 6.825],
			"to": [6.625, -1, 8.675],
			"rotation": {"angle": 0, "axis": "y", "origin": [10.375, -3, 7.75]},
			"faces": {
				"north": {"uv": [4.5, 5, 8, 7], "rotation": 270, "texture": "#0"},
				"east": {"uv": [5, 2.5, 7, 6], "texture": "#0"},
				"south": {"uv": [0, 0, 3.5, 2], "rotation": 90, "texture": "#0"},
				"west": {"uv": [0, 0, 2, 3.5], "rotation": 180, "texture": "#0"},
				"up": {"uv": [1, 1.5, 3, 3], "rotation": 90, "texture": "#0"},
				"down": {"uv": [2, 4.5, 4, 6], "rotation": 90, "texture": "#0"}
			}
		},
		{
			"from": [4.25, -6, 5.5],
			"to": [7, -5, 9],
			"rotation": {"angle": 0, "axis": "x", "origin": [8.5, 10, 2]},
			"faces": {
				"north": {"uv": [0, 0, 2.5, 1], "rotation": 180, "texture": "#0"},
				"east": {"uv": [7, 3, 8, 7], "rotation": 270, "texture": "#0"},
				"south": {"uv": [4.5, 5, 7, 6], "texture": "#0"},
				"west": {"uv": [0, 0, 1, 4], "rotation": 90, "texture": "#0"},
				"up": {"uv": [1, 1.5, 3, 3], "rotation": 180, "texture": "#0"},
				"down": {"uv": [1.5, 8, 2.5, 9], "texture": "#0"}
			}
		},
		{
			"from": [9, -6, 5.5],
			"to": [11.75, -5, 9],
			"rotation": {"angle": 0, "axis": "x", "origin": [13.25, 10, 2]},
			"faces": {
				"north": {"uv": [0, 0, 2.5, 1], "rotation": 180, "texture": "#0"},
				"east": {"uv": [7, 3, 8, 7], "rotation": 270, "texture": "#0"},
				"south": {"uv": [4.5, 5, 7, 6], "texture": "#0"},
				"west": {"uv": [0, 0, 1, 4], "rotation": 90, "texture": "#0"},
				"up": {"uv": [1, 1.5, 3, 3], "rotation": 180, "texture": "#0"},
				"down": {"uv": [3, 8, 4, 9], "texture": "#0"}
			}
		},
		{
			"from": [4.3, -6, 5.2],
			"to": [4.75, -5.65, 5.55],
			"rotation": {"angle": 0, "axis": "x", "origin": [5.125, 5.125, -1.925]},
			"faces": {
				"north": {"uv": [8.5, 0.5, 9.5, 1.5], "texture": "#0"},
				"east": {"uv": [10.5, 0.5, 12, 2], "texture": "#0"},
				"south": {"uv": [9.5, 0.5, 11.5, 2], "texture": "#0"},
				"west": {"uv": [10, 0.5, 11.5, 2], "texture": "#0"},
				"up": {"uv": [10, 0.5, 12, 2], "texture": "#0"},
				"down": {"uv": [11, 0.5, 12.5, 2], "texture": "#0"}
			}
		},
		{
			"from": [9.05, -6, 5.2],
			"to": [9.5, -5.65, 5.55],
			"rotation": {"angle": 0, "axis": "x", "origin": [9.875, 5.125, -1.925]},
			"faces": {
				"north": {"uv": [8.5, 0.5, 9.5, 1.5], "texture": "#0"},
				"east": {"uv": [10.5, 0.5, 12, 2], "texture": "#0"},
				"south": {"uv": [9.5, 0.5, 11.5, 2], "texture": "#0"},
				"west": {"uv": [10, 0.5, 11.5, 2], "texture": "#0"},
				"up": {"uv": [10, 0.5, 12, 2], "texture": "#0"},
				"down": {"uv": [11, 0.5, 12.5, 2], "texture": "#0"}
			}
		},
		{
			"from": [5.4, -6, 5.2],
			"to": [5.85, -5.65, 5.55],
			"rotation": {"angle": 0, "axis": "x", "origin": [5.125, 5.125, -1.925]},
			"faces": {
				"north": {"uv": [8.5, 0.5, 9.5, 1.5], "texture": "#0"},
				"east": {"uv": [10.5, 0.5, 12, 2], "texture": "#0"},
				"south": {"uv": [9.5, 0.5, 11.5, 2], "texture": "#0"},
				"west": {"uv": [10, 0.5, 11.5, 2], "texture": "#0"},
				"up": {"uv": [10, 0.5, 12, 2], "texture": "#0"},
				"down": {"uv": [11, 0.5, 12.5, 2], "texture": "#0"}
			}
		},
		{
			"from": [10.15, -6, 5.2],
			"to": [10.6, -5.65, 5.55],
			"rotation": {"angle": 0, "axis": "x", "origin": [9.875, 5.125, -1.925]},
			"faces": {
				"north": {"uv": [8.5, 0.5, 9.5, 1.5], "texture": "#0"},
				"east": {"uv": [10.5, 0.5, 12, 2], "texture": "#0"},
				"south": {"uv": [9.5, 0.5, 11.5, 2], "texture": "#0"},
				"west": {"uv": [10, 0.5, 11.5, 2], "texture": "#0"},
				"up": {"uv": [10, 0.5, 12, 2], "texture": "#0"},
				"down": {"uv": [11, 0.5, 12.5, 2], "texture": "#0"}
			}
		},
		{
			"from": [6.5, -6, 5.2],
			"to": [6.95, -5.65, 5.55],
			"rotation": {"angle": 0, "axis": "x", "origin": [5.125, 5.125, -1.925]},
			"faces": {
				"north": {"uv": [8.5, 0.5, 9.5, 1.5], "texture": "#0"},
				"east": {"uv": [10.5, 0.5, 12, 2], "texture": "#0"},
				"south": {"uv": [9.5, 0.5, 11.5, 2], "texture": "#0"},
				"west": {"uv": [10, 0.5, 11.5, 2], "texture": "#0"},
				"up": {"uv": [10, 0.5, 12, 2], "texture": "#0"},
				"down": {"uv": [11, 0.5, 12.5, 2], "texture": "#0"}
			}
		},
		{
			"from": [11.25, -6, 5.2],
			"to": [11.7, -5.65, 5.55],
			"rotation": {"angle": 0, "axis": "x", "origin": [9.875, 5.125, -1.925]},
			"faces": {
				"north": {"uv": [8.5, 0.5, 9.5, 1.5], "texture": "#0"},
				"east": {"uv": [10.5, 0.5, 12, 2], "texture": "#0"},
				"south": {"uv": [9.5, 0.5, 11.5, 2], "texture": "#0"},
				"west": {"uv": [10, 0.5, 11.5, 2], "texture": "#0"},
				"up": {"uv": [10, 0.5, 12, 2], "texture": "#0"},
				"down": {"uv": [11, 0.5, 12.5, 2], "texture": "#0"}
			}
		},
		{
			"from": [7, -6, 8.2],
			"to": [7.45, -5.65, 8.8],
			"rotation": {"angle": 0, "axis": "x", "origin": [5.125, 5.125, -1.925]},
			"faces": {
				"north": {"uv": [8.5, 0.5, 9.5, 1.5], "texture": "#0"},
				"east": {"uv": [10.5, 0.5, 12, 2], "texture": "#0"},
				"south": {"uv": [9.5, 0.5, 11.5, 2], "texture": "#0"},
				"west": {"uv": [10, 0.5, 11.5, 2], "texture": "#0"},
				"up": {"uv": [10, 0.5, 12, 2], "texture": "#0"},
				"down": {"uv": [11, 0.5, 12.5, 2], "texture": "#0"}
			}
		},
		{
			"from": [8.6, -6, 8.2],
			"to": [9.05, -5.65, 8.8],
			"rotation": {"angle": 0, "axis": "x", "origin": [9.875, 5.125, -1.925]},
			"faces": {
				"north": {"uv": [8.5, 0.5, 9.5, 1.5], "texture": "#0"},
				"east": {"uv": [10.5, 0.5, 12, 2], "texture": "#0"},
				"south": {"uv": [9.5, 0.5, 11.5, 2], "texture": "#0"},
				"west": {"uv": [10, 0.5, 11.5, 2], "texture": "#0"},
				"up": {"uv": [10, 0.5, 12, 2], "texture": "#0"},
				"down": {"uv": [11, 0.5, 12.5, 2], "texture": "#0"}
			}
		},
		{
			"from": [7.25, 9.75, 13],
			"to": [8.75, 11.25, 17],
			"rotation": {"angle": 45, "axis": "x", "origin": [8.5, 10, 2]},
			"faces": {
				"north": {"uv": [0, 1, 1, 2], "texture": "#0"},
				"east": {"uv": [5.5, 6, 8, 7], "texture": "#0"},
				"south": {"uv": [3, 5, 4, 6], "texture": "#0"},
				"west": {"uv": [0, 0, 2.5, 1], "texture": "#0"},
				"up": {"uv": [5.5, 3.5, 7, 6], "texture": "#0"},
				"down": {"uv": [3.5, 8, 5, 13], "texture": "#0"}
			}
		},
		{
			"from": [7.45, -1.46726, 12.12437],
			"to": [8.55, -0.36726, 16.12437],
			"rotation": {"angle": 22.5, "axis": "x", "origin": [8, -1.66726, 14.37437]},
			"faces": {
				"north": {"uv": [0, 1, 1, 2], "texture": "#0"},
				"east": {"uv": [5, 6, 8, 7], "texture": "#0"},
				"south": {"uv": [3, 5, 4, 6], "texture": "#0"},
				"west": {"uv": [0, 0, 3, 1], "texture": "#0"},
				"up": {"uv": [6, 3, 7, 6], "texture": "#0"},
				"down": {"uv": [3.5, 9, 5, 13], "texture": "#0"}
			}
		},
		{
			"from": [7.65, -1.26726, 16.12437],
			"to": [8.35, -0.56726, 18.12437],
			"rotation": {"angle": 22.5, "axis": "x", "origin": [8, -1.66726, 14.37437]},
			"faces": {
				"north": {"uv": [0, 1, 1, 2], "texture": "#0"},
				"east": {"uv": [5.5, 6, 8, 7], "texture": "#0"},
				"south": {"uv": [3, 5, 4, 6], "texture": "#0"},
				"west": {"uv": [0, 0, 2.5, 1], "texture": "#0"},
				"up": {"uv": [6, 3.5, 7, 6], "texture": "#0"},
				"down": {"uv": [3.5, 9.5, 5, 13], "texture": "#0"}
			}
		},
		{
			"name": "joint",
			"from": [4.0152, 7.60582, 2.89364],
			"to": [5.322, 8.91262, 3.76484],
			"rotation": {"angle": 0, "axis": "y", "origin": [5.41375, 8.28009, 3.34013]},
			"faces": {
				"north": {"uv": [1, 8, 1.5, 8.5], "rotation": 270, "texture": "#0"},
				"east": {"uv": [1, 8, 1.5, 8.5], "rotation": 270, "texture": "#0"},
				"south": {"uv": [1, 8, 1.5, 8.5], "rotation": 270, "texture": "#0"},
				"west": {"uv": [1, 8, 1.5, 8.5], "rotation": 90, "texture": "#0"},
				"up": {"uv": [1, 8, 1.5, 8.5], "rotation": 180, "texture": "#0"},
				"down": {"uv": [1, 8, 1.5, 8.5], "texture": "#0"}
			}
		},
		{
			"name": "bone",
			"from": [0.25948, 7.43362, 3.00254],
			"to": [4.61548, 8.08702, 3.65594],
			"rotation": {"angle": -45, "axis": "z", "origin": [5.41375, 8.28009, 3.34013]},
			"faces": {
				"north": {"uv": [1, 8, 1.5, 8.5], "rotation": 270, "texture": "#0"},
				"east": {"uv": [1, 8, 1.5, 8.5], "rotation": 270, "texture": "#0"},
				"south": {"uv": [1, 8, 1.5, 8.5], "rotation": 270, "texture": "#0"},
				"west": {"uv": [1, 8, 1.5, 8.5], "rotation": 90, "texture": "#0"},
				"up": {"uv": [1, 8, 1.5, 8.5], "rotation": 180, "texture": "#0"},
				"down": {"uv": [1, 8, 1.5, 8.5], "texture": "#0"}
			}
		},
		{
			"name": "bone",
			"from": [0.31293, 12.3161, 3.02432],
			"to": [3.25323, 12.9695, 3.65594],
			"rotation": {"angle": 22.5, "axis": "z", "origin": [5.41235, 8.30513, 3.35102]},
			"faces": {
				"north": {"uv": [1, 8, 1.5, 8.5], "rotation": 180, "texture": "#0"},
				"east": {"uv": [1, 8, 1.5, 8.5], "rotation": 270, "texture": "#0"},
				"south": {"uv": [1, 8, 1.5, 8.5], "texture": "#0"},
				"west": {"uv": [1, 8, 1.5, 8.5], "rotation": 90, "texture": "#0"},
				"up": {"uv": [1, 8, 1.5, 8.5], "rotation": 180, "texture": "#0"},
				"down": {"uv": [1, 8, 1.5, 8.5], "texture": "#0"}
			}
		},
		{
			"name": "bone",
			"from": [-0.88379, -0.84202, 3.0461],
			"to": [-0.23039, 5.3435, 3.65594],
			"rotation": {"angle": -45, "axis": "z", "origin": [5.43736, 8.24476, 3.36191]},
			"faces": {
				"north": {"uv": [1, 8, 1.5, 8.5], "rotation": 270, "texture": "#0"},
				"east": {"uv": [1, 8, 1.5, 8.5], "rotation": 270, "texture": "#0"},
				"south": {"uv": [1, 8, 1.5, 8.5], "rotation": 270, "texture": "#0"},
				"west": {"uv": [1, 8, 1.5, 8.5], "rotation": 90, "texture": "#0"},
				"up": {"uv": [1, 8, 1.5, 8.5], "rotation": 180, "texture": "#0"},
				"down": {"uv": [1, 8, 1.5, 8.5], "texture": "#0"}
			}
		},
		{
			"name": "bone",
			"from": [-3.87999, -1.65174, 3.08966],
			"to": [-3.22659, 2.26866, 3.65594],
			"rotation": {"angle": -22.5, "axis": "z", "origin": [5.43735, 8.24476, 3.38369]},
			"faces": {
				"north": {"uv": [1, 8, 1.5, 8.5], "rotation": 270, "texture": "#0"},
				"east": {"uv": [1, 8, 1.5, 8.5], "rotation": 270, "texture": "#0"},
				"south": {"uv": [1, 8, 1.5, 8.5], "rotation": 270, "texture": "#0"},
				"west": {"uv": [1, 8, 1.5, 8.5], "rotation": 90, "texture": "#0"},
				"up": {"uv": [1, 8, 1.5, 8.5], "rotation": 180, "texture": "#0"},
				"down": {"uv": [1, 8, 1.5, 8.5], "texture": "#0"}
			}
		},
		{
			"name": "flap",
			"from": [-6.657, 2.59642, 3.35102],
			"to": [4.0152, 11.09062, 3.38402],
			"rotation": {"angle": 0, "axis": "y", "origin": [5.41375, 8.28009, 3.34013]},
			"faces": {
				"north": {"uv": [0, 0, 16, 16], "rotation": 270, "texture": "#5"},
				"east": {"uv": [1.412, 1.883, 2.824, 3.294], "rotation": 270, "texture": "#5"},
				"south": {"uv": [0, 0, 16, 16], "rotation": 270, "texture": "#6"},
				"west": {"uv": [1.883, 1.412, 3.294, 2.824], "rotation": 90, "texture": "#5"},
				"up": {"uv": [1.883, 1.412, 3.294, 2.824], "rotation": 180, "texture": "#5"},
				"down": {"uv": [0.941, 0.941, 2.353, 2.353], "texture": "#5"}
			}
		},
		{
			"name": "tendon",
			"from": [0.63697, 7.2394, 3.18767],
			"to": [1.07257, 9.59164, 3.42725],
			"rotation": {"angle": -22.5, "axis": "z", "origin": [5.41375, 8.28009, 3.34013]},
			"faces": {
				"north": {"uv": [1, 8, 1.5, 8.5], "rotation": 270, "texture": "#0"},
				"east": {"uv": [1, 8, 1.5, 8.5], "rotation": 270, "texture": "#0"},
				"south": {"uv": [1, 8, 1.5, 8.5], "rotation": 270, "texture": "#0"},
				"west": {"uv": [1, 8, 1.5, 8.5], "rotation": 90, "texture": "#0"},
				"up": {"uv": [1, 8, 1.5, 8.5], "rotation": 180, "texture": "#0"},
				"down": {"uv": [1, 8, 1.5, 8.5], "texture": "#0"}
			}
		},
		{
			"name": "tendon",
			"from": [1.30017, 7.91626, 3.19856],
			"to": [1.73577, 10.92191, 3.41636],
			"rotation": {"angle": 22.5, "axis": "z", "origin": [5.41375, 8.28009, 3.34013]},
			"faces": {
				"north": {"uv": [1, 8, 1.5, 8.5], "rotation": 270, "texture": "#0"},
				"east": {"uv": [1, 8, 1.5, 8.5], "rotation": 270, "texture": "#0"},
				"south": {"uv": [1, 8, 1.5, 8.5], "rotation": 270, "texture": "#0"},
				"west": {"uv": [1, 8, 1.5, 8.5], "rotation": 90, "texture": "#0"},
				"up": {"uv": [1, 8, 1.5, 8.5], "rotation": 180, "texture": "#0"},
				"down": {"uv": [1, 8, 1.5, 8.5], "texture": "#0"}
			}
		},
		{
			"name": "tendon",
			"from": [-1.10543, 4.8436, 3.18767],
			"to": [-0.66983, 8.28484, 3.42725],
			"rotation": {"angle": -22.5, "axis": "z", "origin": [5.41375, 8.28009, 3.34013]},
			"faces": {
				"north": {"uv": [1, 8, 1.5, 8.5], "rotation": 270, "texture": "#0"},
				"east": {"uv": [1, 8, 1.5, 8.5], "rotation": 270, "texture": "#0"},
				"south": {"uv": [1, 8, 1.5, 8.5], "rotation": 270, "texture": "#0"},
				"west": {"uv": [1, 8, 1.5, 8.5], "rotation": 90, "texture": "#0"},
				"up": {"uv": [1, 8, 1.5, 8.5], "rotation": 180, "texture": "#0"},
				"down": {"uv": [1, 8, 1.5, 8.5], "texture": "#0"}
			}
		},
		{
			"name": "tendon",
			"from": [-4.1602, 11.31129, 3.19856],
			"to": [-3.7246, 12.87945, 3.41636],
			"rotation": {"angle": 45, "axis": "z", "origin": [5.41375, 8.28009, 3.34013]},
			"faces": {
				"north": {"uv": [1, 8, 1.5, 8.5], "rotation": 270, "texture": "#0"},
				"east": {"uv": [1, 8, 1.5, 8.5], "rotation": 270, "texture": "#0"},
				"south": {"uv": [1, 8, 1.5, 8.5], "rotation": 270, "texture": "#0"},
				"west": {"uv": [1, 8, 1.5, 8.5], "rotation": 90, "texture": "#0"},
				"up": {"uv": [1, 8, 1.5, 8.5], "rotation": 180, "texture": "#0"},
				"down": {"uv": [1, 8, 1.5, 8.5], "texture": "#0"}
			}
		},
		{
			"name": "tendon",
			"from": [-5.19655, 8.86016, 3.18767],
			"to": [-4.76095, 10.46099, 3.42725],
			"rotation": {"angle": 22.5, "axis": "z", "origin": [5.41375, 8.28009, 3.34013]},
			"faces": {
				"north": {"uv": [1, 8, 1.5, 8.5], "rotation": 270, "texture": "#0"},
				"east": {"uv": [1, 8, 1.5, 8.5], "rotation": 270, "texture": "#0"},
				"south": {"uv": [1, 8, 1.5, 8.5], "rotation": 270, "texture": "#0"},
				"west": {"uv": [1, 8, 1.5, 8.5], "rotation": 90, "texture": "#0"},
				"up": {"uv": [1, 8, 1.5, 8.5], "rotation": 180, "texture": "#0"},
				"down": {"uv": [1, 8, 1.5, 8.5], "texture": "#0"}
			}
		},
		{
			"name": "tendon",
			"from": [-1.62598, 7.80273, 3.19856],
			"to": [-1.19038, 10.45989, 3.41636],
			"rotation": {"angle": 22.5, "axis": "z", "origin": [5.41375, 8.28009, 3.34013]},
			"faces": {
				"north": {"uv": [1, 8, 1.5, 8.5], "rotation": 270, "texture": "#0"},
				"east": {"uv": [1, 8, 1.5, 8.5], "rotation": 270, "texture": "#0"},
				"south": {"uv": [1, 8, 1.5, 8.5], "rotation": 270, "texture": "#0"},
				"west": {"uv": [1, 8, 1.5, 8.5], "rotation": 90, "texture": "#0"},
				"up": {"uv": [1, 8, 1.5, 8.5], "rotation": 180, "texture": "#0"},
				"down": {"uv": [1, 8, 1.5, 8.5], "texture": "#0"}
			}
		},
		{
			"name": "joint",
			"from": [10.678, 7.60582, 2.89364],
			"to": [11.9848, 8.91262, 3.76484],
			"rotation": {"angle": 0, "axis": "y", "origin": [10.58625, 8.28009, 3.34013]},
			"faces": {
				"north": {"uv": [1, 8, 1.5, 8.5], "rotation": 270, "texture": "#0"},
				"east": {"uv": [1, 8, 1.5, 8.5], "rotation": 270, "texture": "#0"},
				"south": {"uv": [1, 8, 1.5, 8.5], "rotation": 270, "texture": "#0"},
				"west": {"uv": [1, 8, 1.5, 8.5], "rotation": 90, "texture": "#0"},
				"up": {"uv": [1, 8, 1.5, 8.5], "rotation": 180, "texture": "#0"},
				"down": {"uv": [1, 8, 1.5, 8.5], "texture": "#0"}
			}
		},
		{
			"name": "bone",
			"from": [11.38452, 7.43362, 3.00254],
			"to": [15.74052, 8.08702, 3.65594],
			"rotation": {"angle": 45, "axis": "z", "origin": [10.58625, 8.28009, 3.34013]},
			"faces": {
				"north": {"uv": [1, 8, 1.5, 8.5], "rotation": 270, "texture": "#0"},
				"east": {"uv": [1, 8, 1.5, 8.5], "rotation": 270, "texture": "#0"},
				"south": {"uv": [1, 8, 1.5, 8.5], "rotation": 270, "texture": "#0"},
				"west": {"uv": [1, 8, 1.5, 8.5], "rotation": 90, "texture": "#0"},
				"up": {"uv": [1, 8, 1.5, 8.5], "rotation": 180, "texture": "#0"},
				"down": {"uv": [1, 8, 1.5, 8.5], "texture": "#0"}
			}
		},
		{
			"name": "bone",
			"from": [12.74677, 12.3161, 3.02432],
			"to": [15.68707, 12.9695, 3.65594],
			"rotation": {"angle": -22.5, "axis": "z", "origin": [10.58765, 8.30513, 3.35102]},
			"faces": {
				"north": {"uv": [1, 8, 1.5, 8.5], "rotation": 180, "texture": "#0"},
				"east": {"uv": [1, 8, 1.5, 8.5], "rotation": 270, "texture": "#0"},
				"south": {"uv": [1, 8, 1.5, 8.5], "texture": "#0"},
				"west": {"uv": [1, 8, 1.5, 8.5], "rotation": 90, "texture": "#0"},
				"up": {"uv": [1, 8, 1.5, 8.5], "rotation": 180, "texture": "#0"},
				"down": {"uv": [1, 8, 1.5, 8.5], "texture": "#0"}
			}
		},
		{
			"name": "bone",
			"from": [13.46391, 13.91251, 3.0461],
			"to": [19.64943, 14.56591, 3.65594],
			"rotation": {"angle": -45, "axis": "z", "origin": [10.56264, 8.24476, 3.36191]},
			"faces": {
				"north": {"uv": [1, 8, 1.5, 8.5], "rotation": 180, "texture": "#0"},
				"east": {"uv": [1, 8, 1.5, 8.5], "rotation": 270, "texture": "#0"},
				"south": {"uv": [1, 8, 1.5, 8.5], "texture": "#0"},
				"west": {"uv": [1, 8, 1.5, 8.5], "rotation": 90, "texture": "#0"},
				"up": {"uv": [1, 8, 1.5, 8.5], "rotation": 180, "texture": "#0"},
				"down": {"uv": [1, 8, 1.5, 8.5], "texture": "#0"}
			}
		},
		{
			"name": "bone",
			"from": [19.22659, -1.65174, 3.08966],
			"to": [19.87999, 2.26866, 3.65594],
			"rotation": {"angle": 22.5, "axis": "z", "origin": [10.56265, 8.24476, 3.38369]},
			"faces": {
				"north": {"uv": [1, 8, 1.5, 8.5], "rotation": 270, "texture": "#0"},
				"east": {"uv": [1, 8, 1.5, 8.5], "rotation": 270, "texture": "#0"},
				"south": {"uv": [1, 8, 1.5, 8.5], "rotation": 270, "texture": "#0"},
				"west": {"uv": [1, 8, 1.5, 8.5], "rotation": 90, "texture": "#0"},
				"up": {"uv": [1, 8, 1.5, 8.5], "rotation": 180, "texture": "#0"},
				"down": {"uv": [1, 8, 1.5, 8.5], "texture": "#0"}
			}
		},
		{
			"name": "flap",
			"from": [11.9848, 2.59642, 3.35102],
			"to": [22.657, 11.09062, 3.38402],
			"rotation": {"angle": 0, "axis": "y", "origin": [10.58625, 8.28009, 3.34013]},
			"faces": {
				"north": {"uv": [0, 16, 16, 0], "rotation": 270, "texture": "#5"},
				"east": {"uv": [2.353, 1.412, 3.764, 2.824], "rotation": 270, "texture": "#5"},
				"south": {"uv": [0, 16, 16, 0], "rotation": 270, "texture": "#6"},
				"west": {"uv": [2.353, 1.412, 3.764, 2.824], "rotation": 90, "texture": "#5"},
				"up": {"uv": [1.883, 1.412, 3.294, 2.824], "rotation": 180, "texture": "#5"},
				"down": {"uv": [1.883, 1.412, 3.294, 2.824], "texture": "#5"}
			}
		},
		{
			"name": "tendon",
			"from": [14.92743, 7.2394, 3.18767],
			"to": [15.36303, 9.59164, 3.42725],
			"rotation": {"angle": 22.5, "axis": "z", "origin": [10.58625, 8.28009, 3.34013]},
			"faces": {
				"north": {"uv": [1, 8, 1.5, 8.5], "rotation": 270, "texture": "#0"},
				"east": {"uv": [1, 8, 1.5, 8.5], "rotation": 270, "texture": "#0"},
				"south": {"uv": [1, 8, 1.5, 8.5], "rotation": 270, "texture": "#0"},
				"west": {"uv": [1, 8, 1.5, 8.5], "rotation": 90, "texture": "#0"},
				"up": {"uv": [1, 8, 1.5, 8.5], "rotation": 180, "texture": "#0"},
				"down": {"uv": [1, 8, 1.5, 8.5], "texture": "#0"}
			}
		},
		{
			"name": "tendon",
			"from": [14.26423, 7.91626, 3.19856],
			"to": [14.69983, 10.92191, 3.41636],
			"rotation": {"angle": -22.5, "axis": "z", "origin": [10.58625, 8.28009, 3.34013]},
			"faces": {
				"north": {"uv": [1, 8, 1.5, 8.5], "rotation": 270, "texture": "#0"},
				"east": {"uv": [1, 8, 1.5, 8.5], "rotation": 270, "texture": "#0"},
				"south": {"uv": [1, 8, 1.5, 8.5], "rotation": 270, "texture": "#0"},
				"west": {"uv": [1, 8, 1.5, 8.5], "rotation": 90, "texture": "#0"},
				"up": {"uv": [1, 8, 1.5, 8.5], "rotation": 180, "texture": "#0"},
				"down": {"uv": [1, 8, 1.5, 8.5], "texture": "#0"}
			}
		},
		{
			"name": "tendon",
			"from": [16.66983, 4.8436, 3.18767],
			"to": [17.10543, 8.28484, 3.42725],
			"rotation": {"angle": 22.5, "axis": "z", "origin": [10.58625, 8.28009, 3.34013]},
			"faces": {
				"north": {"uv": [1, 8, 1.5, 8.5], "rotation": 270, "texture": "#0"},
				"east": {"uv": [1, 8, 1.5, 8.5], "rotation": 270, "texture": "#0"},
				"south": {"uv": [1, 8, 1.5, 8.5], "rotation": 270, "texture": "#0"},
				"west": {"uv": [1, 8, 1.5, 8.5], "rotation": 90, "texture": "#0"},
				"up": {"uv": [1, 8, 1.5, 8.5], "rotation": 180, "texture": "#0"},
				"down": {"uv": [1, 8, 1.5, 8.5], "texture": "#0"}
			}
		},
		{
			"name": "tendon",
			"from": [19.7246, 11.31129, 3.19856],
			"to": [20.1602, 12.87945, 3.41636],
			"rotation": {"angle": -45, "axis": "z", "origin": [10.58625, 8.28009, 3.34013]},
			"faces": {
				"north": {"uv": [1, 8, 1.5, 8.5], "rotation": 270, "texture": "#0"},
				"east": {"uv": [1, 8, 1.5, 8.5], "rotation": 270, "texture": "#0"},
				"south": {"uv": [1, 8, 1.5, 8.5], "rotation": 270, "texture": "#0"},
				"west": {"uv": [1, 8, 1.5, 8.5], "rotation": 90, "texture": "#0"},
				"up": {"uv": [1, 8, 1.5, 8.5], "rotation": 180, "texture": "#0"},
				"down": {"uv": [1, 8, 1.5, 8.5], "texture": "#0"}
			}
		},
		{
			"name": "tendon",
			"from": [20.76095, 8.86016, 3.18767],
			"to": [21.19655, 10.46099, 3.42725],
			"rotation": {"angle": -22.5, "axis": "z", "origin": [10.58625, 8.28009, 3.34013]},
			"faces": {
				"north": {"uv": [1, 8, 1.5, 8.5], "rotation": 270, "texture": "#0"},
				"east": {"uv": [1, 8, 1.5, 8.5], "rotation": 270, "texture": "#0"},
				"south": {"uv": [1, 8, 1.5, 8.5], "rotation": 270, "texture": "#0"},
				"west": {"uv": [1, 8, 1.5, 8.5], "rotation": 90, "texture": "#0"},
				"up": {"uv": [1, 8, 1.5, 8.5], "rotation": 180, "texture": "#0"},
				"down": {"uv": [1, 8, 1.5, 8.5], "texture": "#0"}
			}
		},
		{
			"name": "tendon",
			"from": [17.19038, 7.80273, 3.19856],
			"to": [17.62598, 10.45989, 3.41636],
			"rotation": {"angle": -22.5, "axis": "z", "origin": [10.58625, 8.28009, 3.34013]},
			"faces": {
				"north": {"uv": [1, 8, 1.5, 8.5], "rotation": 270, "texture": "#0"},
				"east": {"uv": [1, 8, 1.5, 8.5], "rotation": 270, "texture": "#0"},
				"south": {"uv": [1, 8, 1.5, 8.5], "rotation": 270, "texture": "#0"},
				"west": {"uv": [1, 8, 1.5, 8.5], "rotation": 90, "texture": "#0"},
				"up": {"uv": [1, 8, 1.5, 8.5], "rotation": 180, "texture": "#0"},
				"down": {"uv": [1, 8, 1.5, 8.5], "texture": "#0"}
			}
		}
	],
	"display": {
		"head": {
			"translation": [0, -5.75, 0],
			"scale": [2.67, 2.67, 2.67]
		}
	},
	"groups": [
		{
			"name": "Head",
			"origin": [8, 8, 8],
			"children": [0, 1, 2, 3, 4, 5, 6, 7, 8, 9, 10, 11, 12, 13, 14, 15, 16, 17]
		},
		{
			"name": "Body",
			"origin": [10.875, 5.125, -1.925],
			"children": [18, 19, 20, 21, 22, 23, 24, 25, 26, 27, 28, 29, 30, 31, 32, 33, 34, 35, 36]
		},
		{
			"name": "Legs",
			"origin": [9.375, 5.125, -1.925],
			"children": [37, 38, 39, 40, 41, 42, 43, 44, 45, 46, 47, 48, 49, 50]
		},
		{
			"name": "Tail",
			"origin": [7.5, -1.66726, 14.37437],
			"children": [51, 52, 53]
		},
		{
			"name": "dragwingleft",
			"origin": [8, 8, 8],
			"children": [
				{
					"name": "dragonwingleft",
					"origin": [8, 8, 8],
					"children": [54, 55, 56, 57, 58, 59, 60, 61, 62, 63, 64, 65]
				}
			]
		},
		{
			"name": "dragwingright",
			"origin": [8, 8, 8],
			"children": [
				{
					"name": "dragonwingright",
					"origin": [8, 8, 8],
					"children": [66, 67, 68, 69, 70, 71, 72, 73, 74, 75, 76, 77]
				}
			]
		}
	]
}