{
	"credit": "Made with Blockbench",
	"textures": {
		"0": "blocks/p1reddragon",
		"5": "blocks/p1reddragonwingdown",
		"6": "blocks/p1reddragonwingup",
		"particle": "blocks/p1reddragon"
	},
	"elements": [
		{
			"from": [4.5, 5.75, -9.25],
			"to": [11.5, 6.75, 2.75],
			"rotation": {"angle": 0, "axis": "y", "origin": [8.5, 13.75, 4.75]},
			"faces": {
				"north": {"uv": [0, 1, 7, 2], "texture": "#0"},
				"east": {"uv": [0, 4, 8, 5], "texture": "#0"},
				"south": {"uv": [0, 0, 7, 1], "texture": "#0"},
				"west": {"uv": [0, 0, 8, 1], "texture": "#0"},
				"up": {"uv": [8, 0, 13, 6], "texture": "#0"},
				"down": {"uv": [0, 8, 7, 16], "texture": "#0"}
			}
		},
		{
			"from": [4.5, 6.75, -8.25],
			"to": [11.5, 8.75, 2.75],
			"rotation": {"angle": 0, "axis": "y", "origin": [8.5, 13.75, 4.75]},
			"faces": {
				"north": {"uv": [0, 1, 7, 3], "texture": "#0"},
				"east": {"uv": [0, 4, 8, 6], "texture": "#0"},
				"south": {"uv": [0, 2.5, 7, 4.5], "texture": "#0"},
				"west": {"uv": [0, 0, 8, 2], "texture": "#0"},
				"up": {"uv": [0, 0, 5, 6], "texture": "#0"},
				"down": {"uv": [8, 0, 12.5, 2.5], "texture": "#0"}
			}
		},
		{
			"from": [6.5, 8.75, -6.25],
			"to": [9.5, 9.75, 2.75],
			"rotation": {"angle": 0, "axis": "y", "origin": [8.5, 13.75, 4.75]},
			"faces": {
				"north": {"uv": [0, 1, 7, 3], "texture": "#0"},
				"east": {"uv": [0, 1, 6, 2], "texture": "#0"},
				"south": {"uv": [5, 5, 7, 6], "texture": "#0"},
				"west": {"uv": [0, 0, 6, 1], "texture": "#0"},
				"up": {"uv": [0, 0, 2, 5.5], "texture": "#0"},
				"down": {"uv": [0, 0, 4.5, 2.5], "texture": "#0"}
			}
		},
		{
			"from": [4.25, 6.75, 1.75],
			"to": [11.75, 10, 3.75],
			"rotation": {"angle": 0, "axis": "y", "origin": [8.5, 13.75, 4.75]},
			"faces": {
				"north": {"uv": [0, 1, 7, 3], "texture": "#0"},
				"east": {"uv": [6.5, 5, 8, 7], "texture": "#0"},
				"south": {"uv": [1, 4, 7, 6], "texture": "#0"},
				"west": {"uv": [0, 0, 1.5, 2], "texture": "#0"},
				"up": {"uv": [0, 0, 6, 2], "texture": "#0"},
				"down": {"uv": [0, 3.5, 6, 5.5], "texture": "#0"}
			}
		},
		{
			"from": [4.5, 6.75, -9.25],
			"to": [5.5, 7.75, -8.25],
			"rotation": {"angle": 0, "axis": "y", "origin": [8.5, 13.75, 4.75]},
			"faces": {
				"north": {"uv": [15, 0, 16, 1], "texture": "#0"},
				"east": {"uv": [15, 0, 16, 1], "texture": "#0"},
				"south": {"uv": [15, 0, 16, 1], "texture": "#0"},
				"west": {"uv": [15, 0, 16, 1], "texture": "#0"},
				"up": {"uv": [15, 0, 16, 1], "texture": "#0"},
				"down": {"uv": [15, 0, 16, 1], "texture": "#0"}
			}
		},
		{
			"from": [4.25, 6.75, -7],
			"to": [4.75, 7.75, -6.5],
			"rotation": {"angle": 0, "axis": "y", "origin": [8.5, 13.75, 4.75]},
			"faces": {
				"north": {"uv": [15, 0, 16, 1], "texture": "#0"},
				"east": {"uv": [15, 0, 16, 1], "texture": "#0"},
				"south": {"uv": [15, 0, 16, 1], "texture": "#0"},
				"west": {"uv": [15, 0, 16, 1], "texture": "#0"},
				"up": {"uv": [15, 0, 16, 1], "texture": "#0"},
				"down": {"uv": [15, 0, 16, 1], "texture": "#0"}
			}
		},
		{
			"from": [11.25, 6.75, -7],
			"to": [11.75, 7.75, -6.5],
			"rotation": {"angle": 0, "axis": "y", "origin": [15.5, 13.75, 4.75]},
			"faces": {
				"north": {"uv": [15, 0, 16, 1], "texture": "#0"},
				"east": {"uv": [15, 0, 16, 1], "texture": "#0"},
				"south": {"uv": [15, 0, 16, 1], "texture": "#0"},
				"west": {"uv": [15, 0, 16, 1], "texture": "#0"},
				"up": {"uv": [15, 0, 16, 1], "texture": "#0"},
				"down": {"uv": [15, 0, 16, 1], "texture": "#0"}
			}
		},
		{
			"from": [4.25, 6.75, -4],
			"to": [4.75, 7.75, -3.5],
			"rotation": {"angle": 0, "axis": "y", "origin": [8.5, 13.75, 4.75]},
			"faces": {
				"north": {"uv": [15, 0, 16, 1], "texture": "#0"},
				"east": {"uv": [15, 0, 16, 1], "texture": "#0"},
				"south": {"uv": [15, 0, 16, 1], "texture": "#0"},
				"west": {"uv": [15, 0, 16, 1], "texture": "#0"},
				"up": {"uv": [15, 0, 16, 1], "texture": "#0"},
				"down": {"uv": [15, 0, 16, 1], "texture": "#0"}
			}
		},
		{
			"from": [11.25, 6.75, -4],
			"to": [11.75, 7.75, -3.5],
			"rotation": {"angle": 0, "axis": "y", "origin": [15.5, 13.75, 4.75]},
			"faces": {
				"north": {"uv": [15, 0, 16, 1], "texture": "#0"},
				"east": {"uv": [15, 0, 16, 1], "texture": "#0"},
				"south": {"uv": [15, 0, 16, 1], "texture": "#0"},
				"west": {"uv": [15, 0, 16, 1], "texture": "#0"},
				"up": {"uv": [15, 0, 16, 1], "texture": "#0"},
				"down": {"uv": [15, 0, 16, 1], "texture": "#0"}
			}
		},
		{
			"from": [4.25, 6.75, -1],
			"to": [4.75, 7.75, -0.5],
			"rotation": {"angle": 0, "axis": "y", "origin": [8.5, 13.75, 4.75]},
			"faces": {
				"north": {"uv": [15, 0, 16, 1], "texture": "#0"},
				"east": {"uv": [15, 0, 16, 1], "texture": "#0"},
				"south": {"uv": [15, 0, 16, 1], "texture": "#0"},
				"west": {"uv": [15, 0, 16, 1], "texture": "#0"},
				"up": {"uv": [15, 0, 16, 1], "texture": "#0"},
				"down": {"uv": [15, 0, 16, 1], "texture": "#0"}
			}
		},
		{
			"from": [11.25, 6.75, -1],
			"to": [11.75, 7.75, -0.5],
			"rotation": {"angle": 0, "axis": "y", "origin": [15.5, 13.75, 4.75]},
			"faces": {
				"north": {"uv": [15, 0, 16, 1], "texture": "#0"},
				"east": {"uv": [15, 0, 16, 1], "texture": "#0"},
				"south": {"uv": [15, 0, 16, 1], "texture": "#0"},
				"west": {"uv": [15, 0, 16, 1], "texture": "#0"},
				"up": {"uv": [15, 0, 16, 1], "texture": "#0"},
				"down": {"uv": [15, 0, 16, 1], "texture": "#0"}
			}
		},
		{
			"from": [10.5, 6.75, -9.25],
			"to": [11.5, 7.75, -8.25],
			"rotation": {"angle": 0, "axis": "y", "origin": [8.5, 13.75, 4.75]},
			"faces": {
				"north": {"uv": [15, 0, 16, 1], "texture": "#0"},
				"east": {"uv": [15, 0, 16, 1], "texture": "#0"},
				"south": {"uv": [15, 0, 16, 1], "texture": "#0"},
				"west": {"uv": [15, 0, 16, 1], "texture": "#0"},
				"up": {"uv": [15, 0, 16, 1], "texture": "#0"},
				"down": {"uv": [15, 0, 16, 1], "texture": "#0"}
			}
		},
		{
			"from": [11, 8.25, 0.75],
			"to": [13, 10.25, 2.75],
			"rotation": {"angle": 0, "axis": "y", "origin": [8.5, 13.75, 4.75]},
			"faces": {
				"north": {"uv": [15, 0, 16, 1], "texture": "#0"},
				"east": {"uv": [15, 0, 16, 1], "texture": "#0"},
				"south": {"uv": [15, 0, 16, 1], "texture": "#0"},
				"west": {"uv": [15, 0, 16, 1], "texture": "#0"},
				"up": {"uv": [15, 0, 16, 1], "texture": "#0"},
				"down": {"uv": [15, 0, 16, 1], "texture": "#0"}
			}
		},
		{
			"from": [3, 8.25, 0.75],
			"to": [5, 10.25, 2.75],
			"rotation": {"angle": 0, "axis": "y", "origin": [8.5, 13.75, 4.75]},
			"faces": {
				"north": {"uv": [15, 0, 16, 1], "texture": "#0"},
				"east": {"uv": [15, 0, 16, 1], "texture": "#0"},
				"south": {"uv": [15, 0, 16, 1], "texture": "#0"},
				"west": {"uv": [15, 0, 16, 1], "texture": "#0"},
				"up": {"uv": [15, 0, 16, 1], "texture": "#0"},
				"down": {"uv": [15, 0, 16, 1], "texture": "#0"}
			}
		},
		{
			"from": [3.25, 9.25, 0.5],
			"to": [4, 10, 0.75],
			"rotation": {"angle": 0, "axis": "y", "origin": [8.5, 13.75, 4.75]},
			"faces": {
				"north": {"uv": [15, 3, 16, 4], "texture": "#0"},
				"east": {"uv": [15, 3, 16, 4], "texture": "#0"},
				"south": {"uv": [15, 3, 16, 4], "texture": "#0"},
				"west": {"uv": [15, 3, 16, 4], "texture": "#0"},
				"up": {"uv": [15, 3, 16, 4], "texture": "#0"},
				"down": {"uv": [15, 3, 16, 4], "texture": "#0"}
			}
		},
		{
			"from": [12, 9.25, 0.5],
			"to": [12.75, 10, 0.75],
			"rotation": {"angle": 0, "axis": "y", "origin": [8.5, 13.75, 4.75]},
			"faces": {
				"north": {"uv": [15, 3, 16, 4], "texture": "#0"},
				"east": {"uv": [15, 3, 16, 4], "texture": "#0"},
				"south": {"uv": [15, 3, 16, 4], "texture": "#0"},
				"west": {"uv": [15, 3, 16, 4], "texture": "#0"},
				"up": {"uv": [15, 3, 16, 4], "texture": "#0"},
				"down": {"uv": [15, 3, 16, 4], "texture": "#0"}
			}
		},
		{
			"from": [6.5, 7, -8.3],
			"to": [7.75, 7.75, -8.25],
			"rotation": {"angle": 0, "axis": "y", "origin": [8.5, 13.75, 4.75]},
			"faces": {
				"north": {"uv": [11, 0.5, 12, 1.5], "texture": "#0"},
				"east": {"uv": [11, 0.5, 12, 1.5], "texture": "#0"},
				"south": {"uv": [10.5, 0.5, 11.5, 1.5], "texture": "#0"},
				"west": {"uv": [10.5, 0.5, 11.5, 1.5], "texture": "#0"},
				"up": {"uv": [10.5, 1, 11.5, 2], "texture": "#0"},
				"down": {"uv": [11.5, 0.5, 12.5, 1.5], "texture": "#0"}
			}
		},
		{
			"from": [8.25, 7, -8.3],
			"to": [9.5, 7.75, -8.25],
			"rotation": {"angle": 0, "axis": "y", "origin": [8.5, 13.75, 4.75]},
			"faces": {
				"north": {"uv": [8.5, 0, 9.5, 1], "texture": "#0"},
				"east": {"uv": [11, 0.5, 12, 1.5], "texture": "#0"},
				"south": {"uv": [10, 0.5, 11, 1.5], "texture": "#0"},
				"west": {"uv": [11, 0.5, 12, 1.5], "texture": "#0"},
				"up": {"uv": [11, 0.5, 12, 1.5], "texture": "#0"},
				"down": {"uv": [10.5, 0.5, 11.5, 1.5], "texture": "#0"}
			}
		},
		{
			"from": [6.185, 4.62, 4.7],
			"to": [9.815, 7.425, 11.3],
			"rotation": {"angle": 45, "axis": "x", "origin": [8.33, 6.6, 4.04]},
			"faces": {
				"north": {"uv": [0, 1, 3, 3], "texture": "#0"},
				"east": {"uv": [3, 5, 8, 7], "texture": "#0"},
				"south": {"uv": [1, 4, 4, 6], "texture": "#0"},
				"west": {"uv": [0, 0, 5, 2], "texture": "#0"},
				"up": {"uv": [4, 1, 7, 6], "texture": "#0"},
				"down": {"uv": [0, 8, 5.5, 13], "texture": "#0"}
			}
		},
		{
			"from": [6.845, 4.62, 2.885],
			"to": [9.155, 6.765, 4.7],
			"rotation": {"angle": 45, "axis": "x", "origin": [8.33, 6.6, 4.04]},
			"faces": {
				"north": {"uv": [0, 1, 3, 3], "texture": "#0"},
				"east": {"uv": [6, 5, 8, 7], "texture": "#0"},
				"south": {"uv": [1, 4, 4, 6], "texture": "#0"},
				"west": {"uv": [0, 0, 2, 2], "texture": "#0"},
				"up": {"uv": [4, 4, 6.5, 6], "texture": "#0"},
				"down": {"uv": [2.5, 8, 6, 13], "texture": "#0"}
			}
		},
		{
			"from": [7.67, 4.95, 5.36],
			"to": [8.33, 6.435, 6.845],
			"rotation": {"angle": 0, "axis": "x", "origin": [8.33, 6.6, 4.04]},
			"faces": {
				"north": {"uv": [8.5, 0.5, 9.5, 1.5], "texture": "#0"},
				"east": {"uv": [10.5, 0.5, 12, 2], "texture": "#0"},
				"south": {"uv": [9.5, 0.5, 11.5, 2], "texture": "#0"},
				"west": {"uv": [10, 0.5, 11.5, 2], "texture": "#0"},
				"up": {"uv": [10, 0.5, 12, 2], "texture": "#0"},
				"down": {"uv": [11, 0.5, 12.5, 2], "texture": "#0"}
			}
		},
		{
			"from": [7.67, 3.3, 6.35],
			"to": [8.33, 4.785, 7.835],
			"rotation": {"angle": 0, "axis": "x", "origin": [8.33, 6.6, 4.04]},
			"faces": {
				"north": {"uv": [8.5, 0.5, 9.5, 1.5], "texture": "#0"},
				"east": {"uv": [10.5, 0.5, 12, 2], "texture": "#0"},
				"south": {"uv": [9.5, 0.5, 11.5, 2], "texture": "#0"},
				"west": {"uv": [10, 0.5, 11.5, 2], "texture": "#0"},
				"up": {"uv": [10, 0.5, 12, 2], "texture": "#0"},
				"down": {"uv": [11, 0.5, 12.5, 2], "texture": "#0"}
			}
		},
		{
			"from": [7.67, 2.31, 8],
			"to": [8.33, 3.795, 9.485],
			"rotation": {"angle": 0, "axis": "x", "origin": [8.33, 6.6, 4.04]},
			"faces": {
				"north": {"uv": [8.5, 0.5, 9.5, 1.5], "texture": "#0"},
				"east": {"uv": [10.5, 0.5, 12, 2], "texture": "#0"},
				"south": {"uv": [9.5, 0.5, 11.5, 2], "texture": "#0"},
				"west": {"uv": [10, 0.5, 11.5, 2], "texture": "#0"},
				"up": {"uv": [10, 0.5, 12, 2], "texture": "#0"},
				"down": {"uv": [11, 0.5, 12.5, 2], "texture": "#0"}
			}
		},
		{
			"from": [5.69, 3.629, 2.9675],
			"to": [6.185, 4.124, 5.1125],
			"rotation": {"angle": -22.5, "axis": "x", "origin": [5.9375, 3.2165, 4.04]},
			"faces": {
				"north": {"uv": [3, 8, 4, 9], "rotation": 180, "texture": "#0"},
				"east": {"uv": [3, 8, 4, 11], "rotation": 270, "texture": "#0"},
				"south": {"uv": [4.5, 8, 5.5, 9], "texture": "#0"},
				"west": {"uv": [0, 8, 1, 11], "rotation": 90, "texture": "#0"},
				"up": {"uv": [1.5, 8, 2.5, 11], "rotation": 180, "texture": "#0"},
				"down": {"uv": [4.5, 11, 5.5, 14], "texture": "#0"}
			}
		},
		{
			"from": [9.815, 3.629, 2.9675],
			"to": [10.31, 4.124, 5.1125],
			"rotation": {"angle": -22.5, "axis": "x", "origin": [10.0625, 3.2165, 4.04]},
			"faces": {
				"north": {"uv": [3, 8, 4, 9], "rotation": 180, "texture": "#0"},
				"east": {"uv": [3, 8, 4, 11], "rotation": 270, "texture": "#0"},
				"south": {"uv": [4.5, 8, 5.5, 9], "texture": "#0"},
				"west": {"uv": [0, 8, 1, 11], "rotation": 90, "texture": "#0"},
				"up": {"uv": [1.5, 8, 2.5, 11], "rotation": 180, "texture": "#0"},
				"down": {"uv": [4.5, 11, 5.5, 14], "texture": "#0"}
			}
		},
		{
			"from": [5.756, 3.266, 1.8125],
			"to": [6.119, 3.629, 2.9675],
			"rotation": {"angle": 0, "axis": "x", "origin": [5.9375, 3.2165, 4.04]},
			"faces": {
				"north": {"uv": [3, 8, 4, 9], "rotation": 180, "texture": "#0"},
				"east": {"uv": [3, 8, 4, 11], "rotation": 270, "texture": "#0"},
				"south": {"uv": [4.5, 8, 5.5, 9], "texture": "#0"},
				"west": {"uv": [0, 8, 1, 11], "rotation": 90, "texture": "#0"},
				"up": {"uv": [1.5, 8, 2.5, 11], "rotation": 180, "texture": "#0"},
				"down": {"uv": [4.5, 11, 5.5, 14], "texture": "#0"}
			}
		},
		{
			"from": [9.881, 3.266, 1.8125],
			"to": [10.244, 3.629, 2.9675],
			"rotation": {"angle": 0, "axis": "x", "origin": [10.0625, 3.2165, 4.04]},
			"faces": {
				"north": {"uv": [3, 8, 4, 9], "rotation": 180, "texture": "#0"},
				"east": {"uv": [3, 8, 4, 11], "rotation": 270, "texture": "#0"},
				"south": {"uv": [4.5, 8, 5.5, 9], "texture": "#0"},
				"west": {"uv": [0, 8, 1, 11], "rotation": 90, "texture": "#0"},
				"up": {"uv": [1.5, 8, 2.5, 11], "rotation": 180, "texture": "#0"},
				"down": {"uv": [4.5, 11, 5.5, 14], "texture": "#0"}
			}
		},
		{
			"from": [5.591, 3.002, 1.3835],
			"to": [6.284, 3.365, 1.8785],
			"rotation": {"angle": -22.5, "axis": "x", "origin": [5.9375, 3.4475, 1.235]},
			"faces": {
				"north": {"uv": [3, 8, 3.5, 8.5], "rotation": 180, "texture": "#0"},
				"east": {"uv": [1.5, 9.5, 2.5, 11], "rotation": 270, "texture": "#0"},
				"south": {"uv": [4.5, 8, 5.5, 9], "texture": "#0"},
				"west": {"uv": [0, 8, 1, 9.5], "rotation": 90, "texture": "#0"},
				"up": {"uv": [1.5, 10, 2, 10.5], "rotation": 180, "texture": "#0"},
				"down": {"uv": [4.5, 13, 5, 13.5], "texture": "#0"}
			}
		},
		{
			"from": [9.716, 3.002, 1.3835],
			"to": [10.409, 3.365, 1.8785],
			"rotation": {"angle": -22.5, "axis": "x", "origin": [10.0625, 3.4475, 1.235]},
			"faces": {
				"north": {"uv": [3, 8, 3.5, 8.5], "rotation": 180, "texture": "#0"},
				"east": {"uv": [1.5, 9.5, 2.5, 11], "rotation": 270, "texture": "#0"},
				"south": {"uv": [4.5, 8, 5.5, 9], "texture": "#0"},
				"west": {"uv": [0, 8, 1, 9.5], "rotation": 90, "texture": "#0"},
				"up": {"uv": [1.5, 10, 2, 10.5], "rotation": 180, "texture": "#0"},
				"down": {"uv": [4.5, 13, 5, 13.5], "texture": "#0"}
			}
		},
		{
			"from": [6.185, 3.3, 1.367],
			"to": [6.35, 3.465, 1.532],
			"rotation": {"angle": -22.5, "axis": "x", "origin": [6.1025, 3.3825, 1.4495]},
			"faces": {
				"north": {"uv": [8.5, 0.5, 9.5, 1.5], "texture": "#0"},
				"east": {"uv": [10.5, 0.5, 12, 2], "texture": "#0"},
				"south": {"uv": [9.5, 0.5, 11.5, 2], "texture": "#0"},
				"west": {"uv": [10, 0.5, 11.5, 2], "texture": "#0"},
				"up": {"uv": [10, 0.5, 12, 2], "texture": "#0"},
				"down": {"uv": [11, 0.5, 12.5, 2], "texture": "#0"}
			}
		},
		{
			"from": [10.31, 3.3, 1.367],
			"to": [10.475, 3.465, 1.532],
			"rotation": {"angle": -22.5, "axis": "x", "origin": [10.2275, 3.3825, 1.4495]},
			"faces": {
				"north": {"uv": [8.5, 0.5, 9.5, 1.5], "texture": "#0"},
				"east": {"uv": [10.5, 0.5, 12, 2], "texture": "#0"},
				"south": {"uv": [9.5, 0.5, 11.5, 2], "texture": "#0"},
				"west": {"uv": [10, 0.5, 11.5, 2], "texture": "#0"},
				"up": {"uv": [10, 0.5, 12, 2], "texture": "#0"},
				"down": {"uv": [11, 0.5, 12.5, 2], "texture": "#0"}
			}
		},
		{
			"from": [5.855, 3.3, 1.367],
			"to": [6.02, 3.465, 1.532],
			"rotation": {"angle": -22.5, "axis": "x", "origin": [6.1025, 3.3825, 1.4495]},
			"faces": {
				"north": {"uv": [8.5, 0.5, 9.5, 1.5], "texture": "#0"},
				"east": {"uv": [10.5, 0.5, 12, 2], "texture": "#0"},
				"south": {"uv": [9.5, 0.5, 11.5, 2], "texture": "#0"},
				"west": {"uv": [10, 0.5, 11.5, 2], "texture": "#0"},
				"up": {"uv": [10, 0.5, 12, 2], "texture": "#0"},
				"down": {"uv": [11, 0.5, 12.5, 2], "texture": "#0"}
			}
		},
		{
			"from": [9.98, 3.3, 1.367],
			"to": [10.145, 3.465, 1.532],
			"rotation": {"angle": -22.5, "axis": "x", "origin": [10.2275, 3.3825, 1.4495]},
			"faces": {
				"north": {"uv": [8.5, 0.5, 9.5, 1.5], "texture": "#0"},
				"east": {"uv": [10.5, 0.5, 12, 2], "texture": "#0"},
				"south": {"uv": [9.5, 0.5, 11.5, 2], "texture": "#0"},
				"west": {"uv": [10, 0.5, 11.5, 2], "texture": "#0"},
				"up": {"uv": [10, 0.5, 12, 2], "texture": "#0"},
				"down": {"uv": [11, 0.5, 12.5, 2], "texture": "#0"}
			}
		},
		{
			"from": [5.525, 3.3, 1.367],
			"to": [5.69, 3.465, 1.532],
			"rotation": {"angle": -22.5, "axis": "x", "origin": [6.1025, 3.3825, 1.4495]},
			"faces": {
				"north": {"uv": [8.5, 0.5, 9.5, 1.5], "texture": "#0"},
				"east": {"uv": [10.5, 0.5, 12, 2], "texture": "#0"},
				"south": {"uv": [9.5, 0.5, 11.5, 2], "texture": "#0"},
				"west": {"uv": [10, 0.5, 11.5, 2], "texture": "#0"},
				"up": {"uv": [10, 0.5, 12, 2], "texture": "#0"},
				"down": {"uv": [11, 0.5, 12.5, 2], "texture": "#0"}
			}
		},
		{
			"from": [9.65, 3.3, 1.367],
			"to": [9.815, 3.465, 1.532],
			"rotation": {"angle": -22.5, "axis": "x", "origin": [10.2275, 3.3825, 1.4495]},
			"faces": {
				"north": {"uv": [8.5, 0.5, 9.5, 1.5], "texture": "#0"},
				"east": {"uv": [10.5, 0.5, 12, 2], "texture": "#0"},
				"south": {"uv": [9.5, 0.5, 11.5, 2], "texture": "#0"},
				"west": {"uv": [10, 0.5, 11.5, 2], "texture": "#0"},
				"up": {"uv": [10, 0.5, 12, 2], "texture": "#0"},
				"down": {"uv": [11, 0.5, 12.5, 2], "texture": "#0"}
			}
		},
		{
			"from": [6.185, 3.3, 1.697],
			"to": [6.35, 3.465, 1.862],
			"rotation": {"angle": -22.5, "axis": "x", "origin": [6.1025, 3.3825, 1.4495]},
			"faces": {
				"north": {"uv": [8.5, 0.5, 9.5, 1.5], "texture": "#0"},
				"east": {"uv": [10.5, 0.5, 12, 2], "texture": "#0"},
				"south": {"uv": [9.5, 0.5, 11.5, 2], "texture": "#0"},
				"west": {"uv": [10, 0.5, 11.5, 2], "texture": "#0"},
				"up": {"uv": [10, 0.5, 12, 2], "texture": "#0"},
				"down": {"uv": [11, 0.5, 12.5, 2], "texture": "#0"}
			}
		},
		{
			"from": [9.65, 3.3, 1.697],
			"to": [9.815, 3.465, 1.862],
			"rotation": {"angle": -22.5, "axis": "x", "origin": [10.2275, 3.3825, 1.4495]},
			"faces": {
				"north": {"uv": [8.5, 0.5, 9.5, 1.5], "texture": "#0"},
				"east": {"uv": [10.5, 0.5, 12, 2], "texture": "#0"},
				"south": {"uv": [9.5, 0.5, 11.5, 2], "texture": "#0"},
				"west": {"uv": [10, 0.5, 11.5, 2], "texture": "#0"},
				"up": {"uv": [10, 0.5, 12, 2], "texture": "#0"},
				"down": {"uv": [11, 0.5, 12.5, 2], "texture": "#0"}
			}
		},
		{
			"from": [5.525, -0.66, 7.01],
			"to": [7.34, 1.98, 8.66],
			"rotation": {"angle": 0, "axis": "x", "origin": [8.33, 6.6, 4.04]},
			"faces": {
				"north": {"uv": [0, 0, 2, 3], "rotation": 180, "texture": "#0"},
				"east": {"uv": [5, 5, 8, 7], "rotation": 270, "texture": "#0"},
				"south": {"uv": [5, 3, 7, 6], "texture": "#0"},
				"west": {"uv": [0, 0, 3, 2], "rotation": 90, "texture": "#0"},
				"up": {"uv": [1, 1.5, 3, 3], "rotation": 180, "texture": "#0"},
				"down": {"uv": [2, 4.5, 4, 6], "texture": "#0"}
			}
		},
		{
			"from": [8.66, -0.66, 7.01],
			"to": [10.475, 1.98, 8.66],
			"rotation": {"angle": 0, "axis": "x", "origin": [8.33, 6.6, 4.04]},
			"faces": {
				"north": {"uv": [0, 0, 2, 3], "rotation": 180, "texture": "#0"},
				"east": {"uv": [5, 5, 8, 7], "rotation": 270, "texture": "#0"},
				"south": {"uv": [5, 3, 7, 6], "texture": "#0"},
				"west": {"uv": [0, 0, 3, 2], "rotation": 90, "texture": "#0"},
				"up": {"uv": [1, 1.5, 3, 3], "rotation": 180, "texture": "#0"},
				"down": {"uv": [2, 4.5, 4, 6], "texture": "#0"}
			}
		},
		{
			"from": [8.9075, -3.3, 7.2245],
			"to": [10.2275, -0.66, 8.4455],
			"rotation": {"angle": 0, "axis": "y", "origin": [9.5675, -1.98, 7.835]},
			"faces": {
				"north": {"uv": [4.5, 5, 8, 7], "rotation": 270, "texture": "#0"},
				"east": {"uv": [5, 2.5, 7, 6], "texture": "#0"},
				"south": {"uv": [0, 0, 3.5, 2], "rotation": 90, "texture": "#0"},
				"west": {"uv": [0, 0, 2, 3.5], "rotation": 180, "texture": "#0"},
				"up": {"uv": [1, 1.5, 3, 3], "rotation": 90, "texture": "#0"},
				"down": {"uv": [2, 4.5, 4, 6], "rotation": 90, "texture": "#0"}
			}
		},
		{
			"from": [5.7725, -3.3, 7.2245],
			"to": [7.0925, -0.66, 8.4455],
			"rotation": {"angle": 0, "axis": "y", "origin": [9.5675, -1.98, 7.835]},
			"faces": {
				"north": {"uv": [4.5, 5, 8, 7], "rotation": 270, "texture": "#0"},
				"east": {"uv": [5, 2.5, 7, 6], "texture": "#0"},
				"south": {"uv": [0, 0, 3.5, 2], "rotation": 90, "texture": "#0"},
				"west": {"uv": [0, 0, 2, 3.5], "rotation": 180, "texture": "#0"},
				"up": {"uv": [1, 1.5, 3, 3], "rotation": 90, "texture": "#0"},
				"down": {"uv": [2, 4.5, 4, 6], "rotation": 90, "texture": "#0"}
			}
		},
		{
			"from": [5.525, -3.96, 6.35],
			"to": [7.34, -3.3, 8.66],
			"rotation": {"angle": 0, "axis": "x", "origin": [8.33, 6.6, 4.04]},
			"faces": {
				"north": {"uv": [0, 0, 2.5, 1], "rotation": 180, "texture": "#0"},
				"east": {"uv": [7, 3, 8, 7], "rotation": 270, "texture": "#0"},
				"south": {"uv": [4.5, 5, 7, 6], "texture": "#0"},
				"west": {"uv": [0, 0, 1, 4], "rotation": 90, "texture": "#0"},
				"up": {"uv": [1, 1.5, 3, 3], "rotation": 180, "texture": "#0"},
				"down": {"uv": [1.5, 8, 2.5, 9], "texture": "#0"}
			}
		},
		{
			"from": [8.66, -3.96, 6.35],
			"to": [10.475, -3.3, 8.66],
			"rotation": {"angle": 0, "axis": "x", "origin": [11.465, 6.6, 4.04]},
			"faces": {
				"north": {"uv": [0, 0, 2.5, 1], "rotation": 180, "texture": "#0"},
				"east": {"uv": [7, 3, 8, 7], "rotation": 270, "texture": "#0"},
				"south": {"uv": [4.5, 5, 7, 6], "texture": "#0"},
				"west": {"uv": [0, 0, 1, 4], "rotation": 90, "texture": "#0"},
				"up": {"uv": [1, 1.5, 3, 3], "rotation": 180, "texture": "#0"},
				"down": {"uv": [3, 8, 4, 9], "texture": "#0"}
			}
		},
		{
			"from": [5.558, -3.96, 6.152],
			"to": [5.855, -3.729, 6.383],
			"rotation": {"angle": 0, "axis": "x", "origin": [6.1025, 3.3825, 1.4495]},
			"faces": {
				"north": {"uv": [8.5, 0.5, 9.5, 1.5], "texture": "#0"},
				"east": {"uv": [10.5, 0.5, 12, 2], "texture": "#0"},
				"south": {"uv": [9.5, 0.5, 11.5, 2], "texture": "#0"},
				"west": {"uv": [10, 0.5, 11.5, 2], "texture": "#0"},
				"up": {"uv": [10, 0.5, 12, 2], "texture": "#0"},
				"down": {"uv": [11, 0.5, 12.5, 2], "texture": "#0"}
			}
		},
		{
			"from": [8.693, -3.96, 6.152],
			"to": [8.99, -3.729, 6.383],
			"rotation": {"angle": 0, "axis": "x", "origin": [9.2375, 3.3825, 1.4495]},
			"faces": {
				"north": {"uv": [8.5, 0.5, 9.5, 1.5], "texture": "#0"},
				"east": {"uv": [10.5, 0.5, 12, 2], "texture": "#0"},
				"south": {"uv": [9.5, 0.5, 11.5, 2], "texture": "#0"},
				"west": {"uv": [10, 0.5, 11.5, 2], "texture": "#0"},
				"up": {"uv": [10, 0.5, 12, 2], "texture": "#0"},
				"down": {"uv": [11, 0.5, 12.5, 2], "texture": "#0"}
			}
		},
		{
			"from": [6.284, -3.96, 6.152],
			"to": [6.581, -3.729, 6.383],
			"rotation": {"angle": 0, "axis": "x", "origin": [6.1025, 3.3825, 1.4495]},
			"faces": {
				"north": {"uv": [8.5, 0.5, 9.5, 1.5], "texture": "#0"},
				"east": {"uv": [10.5, 0.5, 12, 2], "texture": "#0"},
				"south": {"uv": [9.5, 0.5, 11.5, 2], "texture": "#0"},
				"west": {"uv": [10, 0.5, 11.5, 2], "texture": "#0"},
				"up": {"uv": [10, 0.5, 12, 2], "texture": "#0"},
				"down": {"uv": [11, 0.5, 12.5, 2], "texture": "#0"}
			}
		},
		{
			"from": [9.419, -3.96, 6.152],
			"to": [9.716, -3.729, 6.383],
			"rotation": {"angle": 0, "axis": "x", "origin": [9.2375, 3.3825, 1.4495]},
			"faces": {
				"north": {"uv": [8.5, 0.5, 9.5, 1.5], "texture": "#0"},
				"east": {"uv": [10.5, 0.5, 12, 2], "texture": "#0"},
				"south": {"uv": [9.5, 0.5, 11.5, 2], "texture": "#0"},
				"west": {"uv": [10, 0.5, 11.5, 2], "texture": "#0"},
				"up": {"uv": [10, 0.5, 12, 2], "texture": "#0"},
				"down": {"uv": [11, 0.5, 12.5, 2], "texture": "#0"}
			}
		},
		{
			"from": [7.01, -3.96, 6.152],
			"to": [7.307, -3.729, 6.383],
			"rotation": {"angle": 0, "axis": "x", "origin": [6.1025, 3.3825, 1.4495]},
			"faces": {
				"north": {"uv": [8.5, 0.5, 9.5, 1.5], "texture": "#0"},
				"east": {"uv": [10.5, 0.5, 12, 2], "texture": "#0"},
				"south": {"uv": [9.5, 0.5, 11.5, 2], "texture": "#0"},
				"west": {"uv": [10, 0.5, 11.5, 2], "texture": "#0"},
				"up": {"uv": [10, 0.5, 12, 2], "texture": "#0"},
				"down": {"uv": [11, 0.5, 12.5, 2], "texture": "#0"}
			}
		},
		{
			"from": [10.145, -3.96, 6.152],
			"to": [10.442, -3.729, 6.383],
			"rotation": {"angle": 0, "axis": "x", "origin": [9.2375, 3.3825, 1.4495]},
			"faces": {
				"north": {"uv": [8.5, 0.5, 9.5, 1.5], "texture": "#0"},
				"east": {"uv": [10.5, 0.5, 12, 2], "texture": "#0"},
				"south": {"uv": [9.5, 0.5, 11.5, 2], "texture": "#0"},
				"west": {"uv": [10, 0.5, 11.5, 2], "texture": "#0"},
				"up": {"uv": [10, 0.5, 12, 2], "texture": "#0"},
				"down": {"uv": [11, 0.5, 12.5, 2], "texture": "#0"}
			}
		},
		{
			"from": [7.34, -3.96, 8.132],
			"to": [7.637, -3.729, 8.528],
			"rotation": {"angle": 0, "axis": "x", "origin": [6.1025, 3.3825, 1.4495]},
			"faces": {
				"north": {"uv": [8.5, 0.5, 9.5, 1.5], "texture": "#0"},
				"east": {"uv": [10.5, 0.5, 12, 2], "texture": "#0"},
				"south": {"uv": [9.5, 0.5, 11.5, 2], "texture": "#0"},
				"west": {"uv": [10, 0.5, 11.5, 2], "texture": "#0"},
				"up": {"uv": [10, 0.5, 12, 2], "texture": "#0"},
				"down": {"uv": [11, 0.5, 12.5, 2], "texture": "#0"}
			}
		},
		{
			"from": [8.396, -3.96, 8.132],
			"to": [8.693, -3.729, 8.528],
			"rotation": {"angle": 0, "axis": "x", "origin": [9.2375, 3.3825, 1.4495]},
			"faces": {
				"north": {"uv": [8.5, 0.5, 9.5, 1.5], "texture": "#0"},
				"east": {"uv": [10.5, 0.5, 12, 2], "texture": "#0"},
				"south": {"uv": [9.5, 0.5, 11.5, 2], "texture": "#0"},
				"west": {"uv": [10, 0.5, 11.5, 2], "texture": "#0"},
				"up": {"uv": [10, 0.5, 12, 2], "texture": "#0"},
				"down": {"uv": [11, 0.5, 12.5, 2], "texture": "#0"}
			}
		},
		{
			"from": [7.505, 6.435, 11.3],
			"to": [8.495, 7.425, 13.94],
			"rotation": {"angle": 45, "axis": "x", "origin": [8.33, 6.6, 4.04]},
			"faces": {
				"north": {"uv": [0, 1, 1, 2], "texture": "#0"},
				"east": {"uv": [5.5, 6, 8, 7], "texture": "#0"},
				"south": {"uv": [3, 5, 4, 6], "texture": "#0"},
				"west": {"uv": [0, 0, 2.5, 1], "texture": "#0"},
				"up": {"uv": [5.5, 3.5, 7, 6], "texture": "#0"},
				"down": {"uv": [3.5, 8, 5, 13], "texture": "#0"}
			}
		},
		{
			"from": [7.637, -0.96839, 10.72208],
			"to": [8.363, -0.24239, 13.36208],
			"rotation": {"angle": 22.5, "axis": "x", "origin": [8, -1.10039, 12.20708]},
			"faces": {
				"north": {"uv": [0, 1, 1, 2], "texture": "#0"},
				"east": {"uv": [5, 6, 8, 7], "texture": "#0"},
				"south": {"uv": [3, 5, 4, 6], "texture": "#0"},
				"west": {"uv": [0, 0, 3, 1], "texture": "#0"},
				"up": {"uv": [6, 3, 7, 6], "texture": "#0"},
				"down": {"uv": [3.5, 9, 5, 13], "texture": "#0"}
			}
		},
		{
			"from": [7.769, -0.83639, 13.36208],
			"to": [8.231, -0.37439, 14.68208],
			"rotation": {"angle": 22.5, "axis": "x", "origin": [8, -1.10039, 12.20708]},
			"faces": {
				"north": {"uv": [0, 1, 1, 2], "texture": "#0"},
				"east": {"uv": [5.5, 6, 8, 7], "texture": "#0"},
				"south": {"uv": [3, 5, 4, 6], "texture": "#0"},
				"west": {"uv": [0, 0, 2.5, 1], "texture": "#0"},
				"up": {"uv": [6, 3.5, 7, 6], "texture": "#0"},
				"down": {"uv": [3.5, 9.5, 5, 13], "texture": "#0"}
			}
		},
		{
			"name": "joint",
			"from": [5.66839, 5.01984, 4.98504],
			"to": [6.24338, 5.88233, 5.84753],
			"rotation": {"angle": 0, "axis": "y", "origin": [5.96308, 5.46486, 4.92449]},
			"faces": {
				"north": {"uv": [1, 8, 1.5, 8.5], "rotation": 270, "texture": "#0"},
				"east": {"uv": [1, 8, 1.5, 8.5], "rotation": 270, "texture": "#0"},
				"south": {"uv": [1, 8, 1.5, 8.5], "rotation": 90, "texture": "#0"},
				"west": {"uv": [1, 8, 1.5, 8.5], "rotation": 270, "texture": "#0"},
				"up": {"uv": [1, 8, 1.5, 8.5], "rotation": 90, "texture": "#0"},
				"down": {"uv": [1, 8, 1.5, 8.5], "rotation": 90, "texture": "#0"}
			}
		},
		{
			"name": "bone",
			"from": [5.74027, 4.90619, 5.45134],
			"to": [6.17151, 5.33743, 8.3263],
			"rotation": {"angle": -45, "axis": "x", "origin": [5.96308, 5.46486, 4.92449]},
			"faces": {
				"north": {"uv": [1, 8, 1.5, 8.5], "rotation": 270, "texture": "#0"},
				"east": {"uv": [1, 8, 1.5, 8.5], "rotation": 270, "texture": "#0"},
				"south": {"uv": [1, 8, 1.5, 8.5], "rotation": 90, "texture": "#0"},
				"west": {"uv": [1, 8, 1.5, 8.5], "rotation": 270, "texture": "#0"},
				"up": {"uv": [1, 8, 1.5, 8.5], "rotation": 90, "texture": "#0"},
				"down": {"uv": [1, 8, 1.5, 8.5], "rotation": 90, "texture": "#0"}
			}
		},
		{
			"name": "bone",
			"from": [5.75464, 8.12863, 6.35043],
			"to": [6.17151, 8.55987, 8.29103],
			"rotation": {"angle": 22.5, "axis": "x", "origin": [5.97026, 5.48139, 4.92541]},
			"faces": {
				"north": {"uv": [1, 8, 1.5, 8.5], "rotation": 270, "texture": "#0"},
				"east": {"uv": [1, 8, 1.5, 8.5], "texture": "#0"},
				"south": {"uv": [1, 8, 1.5, 8.5], "rotation": 90, "texture": "#0"},
				"west": {"uv": [1, 8, 1.5, 8.5], "rotation": 180, "texture": "#0"},
				"up": {"uv": [1, 8, 1.5, 8.5], "rotation": 90, "texture": "#0"},
				"down": {"uv": [1, 8, 1.5, 8.5], "rotation": 90, "texture": "#0"}
			}
		},
		{
			"name": "bone",
			"from": [5.76902, -0.55573, 8.64962],
			"to": [6.17151, 3.52671, 9.08086],
			"rotation": {"angle": -45, "axis": "x", "origin": [5.97745, 5.44154, 4.9089]},
			"faces": {
				"north": {"uv": [1, 8, 1.5, 8.5], "rotation": 270, "texture": "#0"},
				"east": {"uv": [1, 8, 1.5, 8.5], "rotation": 270, "texture": "#0"},
				"south": {"uv": [1, 8, 1.5, 8.5], "rotation": 90, "texture": "#0"},
				"west": {"uv": [1, 8, 1.5, 8.5], "rotation": 270, "texture": "#0"},
				"up": {"uv": [1, 8, 1.5, 8.5], "rotation": 90, "texture": "#0"},
				"down": {"uv": [1, 8, 1.5, 8.5], "rotation": 90, "texture": "#0"}
			}
		},
		{
			"name": "bone",
			"from": [5.79776, -1.09015, 10.62711],
			"to": [6.17151, 1.49732, 11.05835],
			"rotation": {"angle": -22.5, "axis": "x", "origin": [5.99182, 5.44154, 4.90891]},
			"faces": {
				"north": {"uv": [1, 8, 1.5, 8.5], "rotation": 270, "texture": "#0"},
				"east": {"uv": [1, 8, 1.5, 8.5], "rotation": 270, "texture": "#0"},
				"south": {"uv": [1, 8, 1.5, 8.5], "rotation": 90, "texture": "#0"},
				"west": {"uv": [1, 8, 1.5, 8.5], "rotation": 270, "texture": "#0"},
				"up": {"uv": [1, 8, 1.5, 8.5], "rotation": 90, "texture": "#0"},
				"down": {"uv": [1, 8, 1.5, 8.5], "rotation": 90, "texture": "#0"}
			}
		},
		{
			"name": "flap",
			"from": [5.97026, 1.71364, 5.84753],
			"to": [5.99204, 7.31981, 12.89118],
			"rotation": {"angle": 0, "axis": "y", "origin": [5.96308, 5.46486, 4.92449]},
			"faces": {
				"north": {"uv": [0.941, 0.941, 1.88218, 1.88218], "rotation": 270, "texture": "#5"},
				"east": {"uv": [0, 0, 16, 16], "rotation": 270, "texture": "#6"},
				"south": {"uv": [1.883, 1.412, 3.294, 2.824], "rotation": 90, "texture": "#5"},
				"west": {"uv": [0, 0, 16, 16], "rotation": 270, "texture": "#5"},
				"up": {"uv": [1.883, 1.412, 3.294, 2.824], "rotation": 90, "texture": "#5"},
				"down": {"uv": [0.471, 0.941, 1.882, 2.353], "rotation": 90, "texture": "#5"}
			}
		},
		{
			"name": "tendon",
			"from": [5.86245, 4.778, 7.78966],
			"to": [6.02057, 6.33048, 8.07716],
			"rotation": {"angle": -22.5, "axis": "x", "origin": [5.96308, 5.46486, 4.92449]},
			"faces": {
				"north": {"uv": [1, 8, 1.5, 8.5], "rotation": 270, "texture": "#0"},
				"east": {"uv": [1, 8, 1.5, 8.5], "rotation": 270, "texture": "#0"},
				"south": {"uv": [1, 8, 1.5, 8.5], "rotation": 90, "texture": "#0"},
				"west": {"uv": [1, 8, 1.5, 8.5], "rotation": 270, "texture": "#0"},
				"up": {"uv": [1, 8, 1.5, 8.5], "rotation": 90, "texture": "#0"},
				"down": {"uv": [1, 8, 1.5, 8.5], "rotation": 90, "texture": "#0"}
			}
		},
		{
			"name": "tendon",
			"from": [5.86964, 5.22473, 7.35195],
			"to": [6.01339, 7.20846, 7.63945],
			"rotation": {"angle": 22.5, "axis": "x", "origin": [5.96308, 5.46486, 4.92449]},
			"faces": {
				"north": {"uv": [1, 8, 1.5, 8.5], "rotation": 270, "texture": "#0"},
				"east": {"uv": [1, 8, 1.5, 8.5], "rotation": 270, "texture": "#0"},
				"south": {"uv": [1, 8, 1.5, 8.5], "rotation": 90, "texture": "#0"},
				"west": {"uv": [1, 8, 1.5, 8.5], "rotation": 270, "texture": "#0"},
				"up": {"uv": [1, 8, 1.5, 8.5], "rotation": 90, "texture": "#0"},
				"down": {"uv": [1, 8, 1.5, 8.5], "rotation": 90, "texture": "#0"}
			}
		},
		{
			"name": "tendon",
			"from": [5.86245, 3.19678, 8.93965],
			"to": [6.02057, 5.46799, 9.22714],
			"rotation": {"angle": -22.5, "axis": "x", "origin": [5.96308, 5.46486, 4.92449]},
			"faces": {
				"north": {"uv": [1, 8, 1.5, 8.5], "rotation": 270, "texture": "#0"},
				"east": {"uv": [1, 8, 1.5, 8.5], "rotation": 270, "texture": "#0"},
				"south": {"uv": [1, 8, 1.5, 8.5], "rotation": 90, "texture": "#0"},
				"west": {"uv": [1, 8, 1.5, 8.5], "rotation": 270, "texture": "#0"},
				"up": {"uv": [1, 8, 1.5, 8.5], "rotation": 90, "texture": "#0"},
				"down": {"uv": [1, 8, 1.5, 8.5], "rotation": 90, "texture": "#0"}
			}
		},
		{
			"name": "tendon",
			"from": [5.86964, 7.46545, 10.9558],
			"to": [6.01339, 8.50044, 11.24329],
			"rotation": {"angle": 45, "axis": "x", "origin": [5.96308, 5.46486, 4.92449]},
			"faces": {
				"north": {"uv": [1, 8, 1.5, 8.5], "rotation": 270, "texture": "#0"},
				"east": {"uv": [1, 8, 1.5, 8.5], "rotation": 270, "texture": "#0"},
				"south": {"uv": [1, 8, 1.5, 8.5], "rotation": 90, "texture": "#0"},
				"west": {"uv": [1, 8, 1.5, 8.5], "rotation": 270, "texture": "#0"},
				"up": {"uv": [1, 8, 1.5, 8.5], "rotation": 90, "texture": "#0"},
				"down": {"uv": [1, 8, 1.5, 8.5], "rotation": 90, "texture": "#0"}
			}
		},
		{
			"name": "tendon",
			"from": [5.86245, 5.84771, 11.63979],
			"to": [6.02057, 6.90425, 11.92728],
			"rotation": {"angle": 22.5, "axis": "x", "origin": [5.96308, 5.46486, 4.92449]},
			"faces": {
				"north": {"uv": [1, 8, 1.5, 8.5], "rotation": 270, "texture": "#0"},
				"east": {"uv": [1, 8, 1.5, 8.5], "rotation": 270, "texture": "#0"},
				"south": {"uv": [1, 8, 1.5, 8.5], "rotation": 90, "texture": "#0"},
				"west": {"uv": [1, 8, 1.5, 8.5], "rotation": 270, "texture": "#0"},
				"up": {"uv": [1, 8, 1.5, 8.5], "rotation": 90, "texture": "#0"},
				"down": {"uv": [1, 8, 1.5, 8.5], "rotation": 90, "texture": "#0"}
			}
		},
		{
			"name": "tendon",
			"from": [5.86964, 5.1498, 9.28321],
			"to": [6.01339, 6.90353, 9.57071],
			"rotation": {"angle": 22.5, "axis": "x", "origin": [5.96308, 5.46486, 4.92449]},
			"faces": {
				"north": {"uv": [1, 8, 1.5, 8.5], "rotation": 270, "texture": "#0"},
				"east": {"uv": [1, 8, 1.5, 8.5], "rotation": 270, "texture": "#0"},
				"south": {"uv": [1, 8, 1.5, 8.5], "rotation": 90, "texture": "#0"},
				"west": {"uv": [1, 8, 1.5, 8.5], "rotation": 270, "texture": "#0"},
				"up": {"uv": [1, 8, 1.5, 8.5], "rotation": 90, "texture": "#0"},
				"down": {"uv": [1, 8, 1.5, 8.5], "rotation": 90, "texture": "#0"}
			}
		},
		{
			"name": "joint",
			"from": [9.75662, 5.01984, 4.98504],
			"to": [10.33161, 5.88233, 5.84753],
			"rotation": {"angle": 0, "axis": "y", "origin": [10.03693, 5.46486, 4.92449]},
			"faces": {
				"north": {"uv": [1, 8, 1.5, 8.5], "rotation": 90, "texture": "#0"},
				"east": {"uv": [1, 8, 1.5, 8.5], "rotation": 270, "texture": "#0"},
				"south": {"uv": [1, 8, 1.5, 8.5], "rotation": 270, "texture": "#0"},
				"west": {"uv": [1, 8, 1.5, 8.5], "rotation": 270, "texture": "#0"},
				"up": {"uv": [1, 8, 1.5, 8.5], "rotation": 270, "texture": "#0"},
				"down": {"uv": [1, 8, 1.5, 8.5], "rotation": 270, "texture": "#0"}
			}
		},
		{
			"name": "bone",
			"from": [9.82849, 4.90619, 5.45134],
			"to": [10.25973, 5.33743, 8.3263],
			"rotation": {"angle": -45, "axis": "x", "origin": [10.03693, 5.46486, 4.92449]},
			"faces": {
				"north": {"uv": [1, 8, 1.5, 8.5], "rotation": 90, "texture": "#0"},
				"east": {"uv": [1, 8, 1.5, 8.5], "rotation": 270, "texture": "#0"},
				"south": {"uv": [1, 8, 1.5, 8.5], "rotation": 270, "texture": "#0"},
				"west": {"uv": [1, 8, 1.5, 8.5], "rotation": 270, "texture": "#0"},
				"up": {"uv": [1, 8, 1.5, 8.5], "rotation": 270, "texture": "#0"},
				"down": {"uv": [1, 8, 1.5, 8.5], "rotation": 270, "texture": "#0"}
			}
		},
		{
			"name": "bone",
			"from": [9.82849, 8.12863, 6.35043],
			"to": [10.24536, 8.55987, 8.29103],
			"rotation": {"angle": 22.5, "axis": "x", "origin": [10.02974, 5.48139, 4.92541]},
			"faces": {
				"north": {"uv": [1, 8, 1.5, 8.5], "rotation": 90, "texture": "#0"},
				"east": {"uv": [1, 8, 1.5, 8.5], "rotation": 180, "texture": "#0"},
				"south": {"uv": [1, 8, 1.5, 8.5], "rotation": 270, "texture": "#0"},
				"west": {"uv": [1, 8, 1.5, 8.5], "texture": "#0"},
				"up": {"uv": [1, 8, 1.5, 8.5], "rotation": 270, "texture": "#0"},
				"down": {"uv": [1, 8, 1.5, 8.5], "rotation": 270, "texture": "#0"}
			}
		},
		{
			"name": "bone",
			"from": [9.82849, 9.18226, 6.82374],
			"to": [10.23098, 9.6135, 10.90618],
			"rotation": {"angle": 45, "axis": "x", "origin": [10.02255, 5.44154, 4.9089]},
			"faces": {
				"north": {"uv": [1, 8, 1.5, 8.5], "rotation": 90, "texture": "#0"},
				"east": {"uv": [1, 8, 1.5, 8.5], "rotation": 180, "texture": "#0"},
				"south": {"uv": [1, 8, 1.5, 8.5], "rotation": 270, "texture": "#0"},
				"west": {"uv": [1, 8, 1.5, 8.5], "texture": "#0"},
				"up": {"uv": [1, 8, 1.5, 8.5], "rotation": 270, "texture": "#0"},
				"down": {"uv": [1, 8, 1.5, 8.5], "rotation": 270, "texture": "#0"}
			}
		},
		{
			"name": "bone",
			"from": [9.82849, -1.09015, 10.62711],
			"to": [10.20224, 1.49732, 11.05835],
			"rotation": {"angle": -22.5, "axis": "x", "origin": [10.00818, 5.44154, 4.90891]},
			"faces": {
				"north": {"uv": [1, 8, 1.5, 8.5], "rotation": 90, "texture": "#0"},
				"east": {"uv": [1, 8, 1.5, 8.5], "rotation": 270, "texture": "#0"},
				"south": {"uv": [1, 8, 1.5, 8.5], "rotation": 270, "texture": "#0"},
				"west": {"uv": [1, 8, 1.5, 8.5], "rotation": 270, "texture": "#0"},
				"up": {"uv": [1, 8, 1.5, 8.5], "rotation": 270, "texture": "#0"},
				"down": {"uv": [1, 8, 1.5, 8.5], "rotation": 270, "texture": "#0"}
			}
		},
		{
			"name": "flap",
			"from": [10.00796, 1.71364, 5.84753],
			"to": [10.02974, 7.31981, 12.89118],
			"rotation": {"angle": 0, "axis": "y", "origin": [10.03693, 5.46486, 4.92449]},
			"faces": {
				"north": {"uv": [1.883, 0.941, 3.294, 2.353], "rotation": 90, "texture": "#5"},
				"east": {"uv": [0, 16, 16, 0], "rotation": 270, "texture": "#5"},
				"south": {"uv": [0.941, 1.412, 2.353, 2.824], "rotation": 270, "texture": "#5"},
				"west": {"uv": [0, 16, 16, 0], "rotation": 270, "texture": "#6"},
				"up": {"uv": [1.412, 1.412, 2.824, 2.824], "rotation": 270, "texture": "#5"},
				"down": {"uv": [1.883, 1.412, 3.294, 2.824], "rotation": 270, "texture": "#5"}
			}
		},
		{
			"name": "tendon",
			"from": [9.97943, 4.778, 7.78966],
			"to": [10.13755, 6.33048, 8.07716],
			"rotation": {"angle": -22.5, "axis": "x", "origin": [10.03693, 5.46486, 4.92449]},
			"faces": {
				"north": {"uv": [1, 8, 1.5, 8.5], "rotation": 90, "texture": "#0"},
				"east": {"uv": [1, 8, 1.5, 8.5], "rotation": 270, "texture": "#0"},
				"south": {"uv": [1, 8, 1.5, 8.5], "rotation": 270, "texture": "#0"},
				"west": {"uv": [1, 8, 1.5, 8.5], "rotation": 270, "texture": "#0"},
				"up": {"uv": [1, 8, 1.5, 8.5], "rotation": 270, "texture": "#0"},
				"down": {"uv": [1, 8, 1.5, 8.5], "rotation": 270, "texture": "#0"}
			}
		},
		{
			"name": "tendon",
			"from": [9.98661, 5.22473, 7.35195],
			"to": [10.13036, 7.20846, 7.63945],
			"rotation": {"angle": 22.5, "axis": "x", "origin": [10.03693, 5.46486, 4.92449]},
			"faces": {
				"north": {"uv": [1, 8, 1.5, 8.5], "rotation": 90, "texture": "#0"},
				"east": {"uv": [1, 8, 1.5, 8.5], "rotation": 270, "texture": "#0"},
				"south": {"uv": [1, 8, 1.5, 8.5], "rotation": 270, "texture": "#0"},
				"west": {"uv": [1, 8, 1.5, 8.5], "rotation": 270, "texture": "#0"},
				"up": {"uv": [1, 8, 1.5, 8.5], "rotation": 270, "texture": "#0"},
				"down": {"uv": [1, 8, 1.5, 8.5], "rotation": 270, "texture": "#0"}
			}
		},
		{
			"name": "tendon",
			"from": [9.97943, 3.19678, 8.93965],
			"to": [10.13755, 5.46799, 9.22714],
			"rotation": {"angle": -22.5, "axis": "x", "origin": [10.03693, 5.46486, 4.92449]},
			"faces": {
				"north": {"uv": [1, 8, 1.5, 8.5], "rotation": 90, "texture": "#0"},
				"east": {"uv": [1, 8, 1.5, 8.5], "rotation": 270, "texture": "#0"},
				"south": {"uv": [1, 8, 1.5, 8.5], "rotation": 270, "texture": "#0"},
				"west": {"uv": [1, 8, 1.5, 8.5], "rotation": 270, "texture": "#0"},
				"up": {"uv": [1, 8, 1.5, 8.5], "rotation": 270, "texture": "#0"},
				"down": {"uv": [1, 8, 1.5, 8.5], "rotation": 270, "texture": "#0"}
			}
		},
		{
			"name": "tendon",
			"from": [9.98661, 7.46545, 10.9558],
			"to": [10.13036, 8.50044, 11.24329],
			"rotation": {"angle": 45, "axis": "x", "origin": [10.03693, 5.46486, 4.92449]},
			"faces": {
				"north": {"uv": [1, 8, 1.5, 8.5], "rotation": 90, "texture": "#0"},
				"east": {"uv": [1, 8, 1.5, 8.5], "rotation": 270, "texture": "#0"},
				"south": {"uv": [1, 8, 1.5, 8.5], "rotation": 270, "texture": "#0"},
				"west": {"uv": [1, 8, 1.5, 8.5], "rotation": 270, "texture": "#0"},
				"up": {"uv": [1, 8, 1.5, 8.5], "rotation": 270, "texture": "#0"},
				"down": {"uv": [1, 8, 1.5, 8.5], "rotation": 270, "texture": "#0"}
			}
		},
		{
			"name": "tendon",
			"from": [9.97943, 5.84771, 11.63979],
			"to": [10.13755, 6.90425, 11.92728],
			"rotation": {"angle": 22.5, "axis": "x", "origin": [10.03693, 5.46486, 4.92449]},
			"faces": {
				"north": {"uv": [1, 8, 1.5, 8.5], "rotation": 90, "texture": "#0"},
				"east": {"uv": [1, 8, 1.5, 8.5], "rotation": 270, "texture": "#0"},
				"south": {"uv": [1, 8, 1.5, 8.5], "rotation": 270, "texture": "#0"},
				"west": {"uv": [1, 8, 1.5, 8.5], "rotation": 270, "texture": "#0"},
				"up": {"uv": [1, 8, 1.5, 8.5], "rotation": 270, "texture": "#0"},
				"down": {"uv": [1, 8, 1.5, 8.5], "rotation": 270, "texture": "#0"}
			}
		},
		{
			"name": "tendon",
			"from": [9.98661, 5.1498, 9.28321],
			"to": [10.13036, 6.90353, 9.57071],
			"rotation": {"angle": 22.5, "axis": "x", "origin": [10.03693, 5.46486, 4.92449]},
			"faces": {
				"north": {"uv": [1, 8, 1.5, 8.5], "rotation": 90, "texture": "#0"},
				"east": {"uv": [1, 8, 1.5, 8.5], "rotation": 270, "texture": "#0"},
				"south": {"uv": [1, 8, 1.5, 8.5], "rotation": 270, "texture": "#0"},
				"west": {"uv": [1, 8, 1.5, 8.5], "rotation": 270, "texture": "#0"},
				"up": {"uv": [1, 8, 1.5, 8.5], "rotation": 270, "texture": "#0"},
				"down": {"uv": [1, 8, 1.5, 8.5], "rotation": 270, "texture": "#0"}
			}
		}
	],
	"display": {
		"head": {
			"translation": [0, -19.3, 0],
			"scale": [2, 2, 2]
		}
	},
	"groups": [
		{
			"name": "Head",
			"origin": [8, 8, 8],
			"children": [0, 1, 2, 3, 4, 5, 6, 7, 8, 9, 10, 11, 12, 13, 14, 15, 16, 17]
		},
		{
			"name": "Body",
			"origin": [10.875, 5.125, -1.925],
			"children": [18, 19, 20, 21, 22, 23, 24, 25, 26, 27, 28, 29, 30, 31, 32, 33, 34, 35, 36]
		},
		{
			"name": "Legs",
			"origin": [9.375, 5.125, -1.925],
			"children": [37, 38, 39, 40, 41, 42, 43, 44, 45, 46, 47, 48, 49, 50]
		},
		{
			"name": "Tail",
			"origin": [7.5, -1.66726, 14.37437],
			"children": [51, 52, 53]
		},
		{
			"name": "dragwingleft",
			"origin": [8, 8, 8],
			"children": [
				{
					"name": "dragonwingleft",
					"origin": [8, 8, 8],
					"children": [54, 55, 56, 57, 58, 59, 60, 61, 62, 63, 64, 65]
				}
			]
		},
		{
			"name": "dragwingright",
			"origin": [8, 8, 8],
			"children": [
				{
					"name": "dragonwingright",
					"origin": [8, 8, 8],
					"children": [66, 67, 68, 69, 70, 71, 72, 73, 74, 75, 76, 77]
				}
			]
		}
	]
}