{
	"credit": "Made with Blockbench",
	"textures": {
		"0": "blocks/p1whitedragon",
		"5": "blocks/p1whitedragonwingdown",
		"6": "blocks/p1whitedragonwingup",
		"particle": "blocks/p1whitedragon"
	},
	"elements": [
		{
			"from": [4.5, 9, -12],
			"to": [11.5, 10, 0],
			"rotation": {"angle": 0, "axis": "y", "origin": [8.5, 17, 2]},
			"faces": {
				"north": {"uv": [0, 1, 7, 2], "texture": "#0"},
				"east": {"uv": [0, 4, 8, 5], "texture": "#0"},
				"south": {"uv": [0, 0, 7, 1], "texture": "#0"},
				"west": {"uv": [0, 0, 8, 1], "texture": "#0"},
				"up": {"uv": [8, 0, 13, 6], "texture": "#0"},
				"down": {"uv": [0, 8, 7, 16], "texture": "#0"}
			}
		},
		{
			"from": [4.5, 10, -11],
			"to": [11.5, 12, 0],
			"rotation": {"angle": 0, "axis": "y", "origin": [8.5, 17, 2]},
			"faces": {
				"north": {"uv": [0, 1, 7, 3], "texture": "#0"},
				"east": {"uv": [0, 4, 8, 6], "texture": "#0"},
				"south": {"uv": [0, 2.5, 7, 4.5], "texture": "#0"},
				"west": {"uv": [0, 0, 8, 2], "texture": "#0"},
				"up": {"uv": [0, 0, 5, 6], "texture": "#0"},
				"down": {"uv": [8, 0, 12.5, 2.5], "texture": "#0"}
			}
		},
		{
			"from": [6.5, 12, -9],
			"to": [9.5, 13, 0],
			"rotation": {"angle": 0, "axis": "y", "origin": [8.5, 17, 2]},
			"faces": {
				"north": {"uv": [0, 1, 7, 3], "texture": "#0"},
				"east": {"uv": [0, 1, 6, 2], "texture": "#0"},
				"south": {"uv": [5, 5, 7, 6], "texture": "#0"},
				"west": {"uv": [0, 0, 6, 1], "texture": "#0"},
				"up": {"uv": [0, 0, 2, 5.5], "texture": "#0"},
				"down": {"uv": [0, 0, 4.5, 2.5], "texture": "#0"}
			}
		},
		{
			"from": [4.25, 10, -1],
			"to": [11.75, 13.25, 1],
			"rotation": {"angle": 0, "axis": "y", "origin": [8.5, 17, 2]},
			"faces": {
				"north": {"uv": [0, 1, 7, 3], "texture": "#0"},
				"east": {"uv": [6.5, 5, 8, 7], "texture": "#0"},
				"south": {"uv": [1, 4, 7, 6], "texture": "#0"},
				"west": {"uv": [0, 0, 1.5, 2], "texture": "#0"},
				"up": {"uv": [0, 0, 6, 2], "texture": "#0"},
				"down": {"uv": [0, 3.5, 6, 5.5], "texture": "#0"}
			}
		},
		{
			"from": [4.5, 10, -12],
			"to": [5.5, 11, -11],
			"rotation": {"angle": 0, "axis": "y", "origin": [8.5, 17, 2]},
			"faces": {
				"north": {"uv": [15, 0, 16, 1], "texture": "#0"},
				"east": {"uv": [15, 0, 16, 1], "texture": "#0"},
				"south": {"uv": [15, 0, 16, 1], "texture": "#0"},
				"west": {"uv": [15, 0, 16, 1], "texture": "#0"},
				"up": {"uv": [15, 0, 16, 1], "texture": "#0"},
				"down": {"uv": [15, 0, 16, 1], "texture": "#0"}
			}
		},
		{
			"from": [4.25, 10, -9.75],
			"to": [4.75, 11, -9.25],
			"rotation": {"angle": 0, "axis": "y", "origin": [8.5, 17, 2]},
			"faces": {
				"north": {"uv": [15, 0, 16, 1], "texture": "#0"},
				"east": {"uv": [15, 0, 16, 1], "texture": "#0"},
				"south": {"uv": [15, 0, 16, 1], "texture": "#0"},
				"west": {"uv": [15, 0, 16, 1], "texture": "#0"},
				"up": {"uv": [15, 0, 16, 1], "texture": "#0"},
				"down": {"uv": [15, 0, 16, 1], "texture": "#0"}
			}
		},
		{
			"from": [11.25, 10, -9.75],
			"to": [11.75, 11, -9.25],
			"rotation": {"angle": 0, "axis": "y", "origin": [15.5, 17, 2]},
			"faces": {
				"north": {"uv": [15, 0, 16, 1], "texture": "#0"},
				"east": {"uv": [15, 0, 16, 1], "texture": "#0"},
				"south": {"uv": [15, 0, 16, 1], "texture": "#0"},
				"west": {"uv": [15, 0, 16, 1], "texture": "#0"},
				"up": {"uv": [15, 0, 16, 1], "texture": "#0"},
				"down": {"uv": [15, 0, 16, 1], "texture": "#0"}
			}
		},
		{
			"from": [4.25, 10, -6.75],
			"to": [4.75, 11, -6.25],
			"rotation": {"angle": 0, "axis": "y", "origin": [8.5, 17, 2]},
			"faces": {
				"north": {"uv": [15, 0, 16, 1], "texture": "#0"},
				"east": {"uv": [15, 0, 16, 1], "texture": "#0"},
				"south": {"uv": [15, 0, 16, 1], "texture": "#0"},
				"west": {"uv": [15, 0, 16, 1], "texture": "#0"},
				"up": {"uv": [15, 0, 16, 1], "texture": "#0"},
				"down": {"uv": [15, 0, 16, 1], "texture": "#0"}
			}
		},
		{
			"from": [11.25, 10, -6.75],
			"to": [11.75, 11, -6.25],
			"rotation": {"angle": 0, "axis": "y", "origin": [15.5, 17, 2]},
			"faces": {
				"north": {"uv": [15, 0, 16, 1], "texture": "#0"},
				"east": {"uv": [15, 0, 16, 1], "texture": "#0"},
				"south": {"uv": [15, 0, 16, 1], "texture": "#0"},
				"west": {"uv": [15, 0, 16, 1], "texture": "#0"},
				"up": {"uv": [15, 0, 16, 1], "texture": "#0"},
				"down": {"uv": [15, 0, 16, 1], "texture": "#0"}
			}
		},
		{
			"from": [4.25, 10, -3.75],
			"to": [4.75, 11, -3.25],
			"rotation": {"angle": 0, "axis": "y", "origin": [8.5, 17, 2]},
			"faces": {
				"north": {"uv": [15, 0, 16, 1], "texture": "#0"},
				"east": {"uv": [15, 0, 16, 1], "texture": "#0"},
				"south": {"uv": [15, 0, 16, 1], "texture": "#0"},
				"west": {"uv": [15, 0, 16, 1], "texture": "#0"},
				"up": {"uv": [15, 0, 16, 1], "texture": "#0"},
				"down": {"uv": [15, 0, 16, 1], "texture": "#0"}
			}
		},
		{
			"from": [11.25, 10, -3.75],
			"to": [11.75, 11, -3.25],
			"rotation": {"angle": 0, "axis": "y", "origin": [15.5, 17, 2]},
			"faces": {
				"north": {"uv": [15, 0, 16, 1], "texture": "#0"},
				"east": {"uv": [15, 0, 16, 1], "texture": "#0"},
				"south": {"uv": [15, 0, 16, 1], "texture": "#0"},
				"west": {"uv": [15, 0, 16, 1], "texture": "#0"},
				"up": {"uv": [15, 0, 16, 1], "texture": "#0"},
				"down": {"uv": [15, 0, 16, 1], "texture": "#0"}
			}
		},
		{
			"from": [10.5, 10, -12],
			"to": [11.5, 11, -11],
			"rotation": {"angle": 0, "axis": "y", "origin": [8.5, 17, 2]},
			"faces": {
				"north": {"uv": [15, 0, 16, 1], "texture": "#0"},
				"east": {"uv": [15, 0, 16, 1], "texture": "#0"},
				"south": {"uv": [15, 0, 16, 1], "texture": "#0"},
				"west": {"uv": [15, 0, 16, 1], "texture": "#0"},
				"up": {"uv": [15, 0, 16, 1], "texture": "#0"},
				"down": {"uv": [15, 0, 16, 1], "texture": "#0"}
			}
		},
		{
			"from": [11, 11.5, -2],
			"to": [13, 13.5, 0],
			"rotation": {"angle": 0, "axis": "y", "origin": [8.5, 17, 2]},
			"faces": {
				"north": {"uv": [15, 0, 16, 1], "texture": "#0"},
				"east": {"uv": [15, 0, 16, 1], "texture": "#0"},
				"south": {"uv": [15, 0, 16, 1], "texture": "#0"},
				"west": {"uv": [15, 0, 16, 1], "texture": "#0"},
				"up": {"uv": [15, 0, 16, 1], "texture": "#0"},
				"down": {"uv": [15, 0, 16, 1], "texture": "#0"}
			}
		},
		{
			"from": [3, 11.5, -2],
			"to": [5, 13.5, 0],
			"rotation": {"angle": 0, "axis": "y", "origin": [8.5, 17, 2]},
			"faces": {
				"north": {"uv": [15, 0, 16, 1], "texture": "#0"},
				"east": {"uv": [15, 0, 16, 1], "texture": "#0"},
				"south": {"uv": [15, 0, 16, 1], "texture": "#0"},
				"west": {"uv": [15, 0, 16, 1], "texture": "#0"},
				"up": {"uv": [15, 0, 16, 1], "texture": "#0"},
				"down": {"uv": [15, 0, 16, 1], "texture": "#0"}
			}
		},
		{
			"from": [3.25, 12.5, -2.25],
			"to": [4, 13.25, -2],
			"rotation": {"angle": 0, "axis": "y", "origin": [8.5, 17, 2]},
			"faces": {
				"north": {"uv": [15, 3, 16, 4], "texture": "#0"},
				"east": {"uv": [15, 3, 16, 4], "texture": "#0"},
				"south": {"uv": [15, 3, 16, 4], "texture": "#0"},
				"west": {"uv": [15, 3, 16, 4], "texture": "#0"},
				"up": {"uv": [15, 3, 16, 4], "texture": "#0"},
				"down": {"uv": [15, 3, 16, 4], "texture": "#0"}
			}
		},
		{
			"from": [12, 12.5, -2.25],
			"to": [12.75, 13.25, -2],
			"rotation": {"angle": 0, "axis": "y", "origin": [8.5, 17, 2]},
			"faces": {
				"north": {"uv": [15, 3, 16, 4], "texture": "#0"},
				"east": {"uv": [15, 3, 16, 4], "texture": "#0"},
				"south": {"uv": [15, 3, 16, 4], "texture": "#0"},
				"west": {"uv": [15, 3, 16, 4], "texture": "#0"},
				"up": {"uv": [15, 3, 16, 4], "texture": "#0"},
				"down": {"uv": [15, 3, 16, 4], "texture": "#0"}
			}
		},
		{
			"from": [6.5, 10.25, -11.05],
			"to": [7.75, 11, -11],
			"rotation": {"angle": 0, "axis": "y", "origin": [8.5, 17, 2]},
			"faces": {
				"north": {"uv": [11, 0.5, 12, 1.5], "texture": "#0"},
				"east": {"uv": [11, 0.5, 12, 1.5], "texture": "#0"},
				"south": {"uv": [10.5, 0.5, 11.5, 1.5], "texture": "#0"},
				"west": {"uv": [10.5, 0.5, 11.5, 1.5], "texture": "#0"},
				"up": {"uv": [10.5, 1, 11.5, 2], "texture": "#0"},
				"down": {"uv": [11.5, 0.5, 12.5, 1.5], "texture": "#0"}
			}
		},
		{
			"from": [8.25, 10.25, -11.05],
			"to": [9.5, 11, -11],
			"rotation": {"angle": 0, "axis": "y", "origin": [8.5, 17, 2]},
			"faces": {
				"north": {"uv": [8.5, 0, 9.5, 1], "texture": "#0"},
				"east": {"uv": [11, 0.5, 12, 1.5], "texture": "#0"},
				"south": {"uv": [10, 0.5, 11, 1.5], "texture": "#0"},
				"west": {"uv": [11, 0.5, 12, 1.5], "texture": "#0"},
				"up": {"uv": [11, 0.5, 12, 1.5], "texture": "#0"},
				"down": {"uv": [10.5, 0.5, 11.5, 1.5], "texture": "#0"}
			}
		},
		{
			"from": [5.25, 7, 3],
			"to": [10.75, 11.25, 13],
			"rotation": {"angle": 45, "axis": "x", "origin": [8.5, 10, 2]},
			"faces": {
				"north": {"uv": [0, 1, 3, 3], "texture": "#0"},
				"east": {"uv": [3, 5, 8, 7], "texture": "#0"},
				"south": {"uv": [1, 4, 4, 6], "texture": "#0"},
				"west": {"uv": [0, 0, 5, 2], "texture": "#0"},
				"up": {"uv": [4, 1, 7, 6], "texture": "#0"},
				"down": {"uv": [0, 8, 5.5, 13], "texture": "#0"}
			}
		},
		{
			"from": [6.25, 7, 0.25],
			"to": [9.75, 10.25, 3],
			"rotation": {"angle": 45, "axis": "x", "origin": [8.5, 10, 2]},
			"faces": {
				"north": {"uv": [0, 1, 3, 3], "texture": "#0"},
				"east": {"uv": [6, 5, 8, 7], "texture": "#0"},
				"south": {"uv": [1, 4, 4, 6], "texture": "#0"},
				"west": {"uv": [0, 0, 2, 2], "texture": "#0"},
				"up": {"uv": [4, 4, 6.5, 6], "texture": "#0"},
				"down": {"uv": [2.5, 8, 6, 13], "texture": "#0"}
			}
		},
		{
			"from": [7.5, 7.5, 4],
			"to": [8.5, 9.75, 6.25],
			"rotation": {"angle": 0, "axis": "x", "origin": [8.5, 10, 2]},
			"faces": {
				"north": {"uv": [8.5, 0.5, 9.5, 1.5], "texture": "#0"},
				"east": {"uv": [10.5, 0.5, 12, 2], "texture": "#0"},
				"south": {"uv": [9.5, 0.5, 11.5, 2], "texture": "#0"},
				"west": {"uv": [10, 0.5, 11.5, 2], "texture": "#0"},
				"up": {"uv": [10, 0.5, 12, 2], "texture": "#0"},
				"down": {"uv": [11, 0.5, 12.5, 2], "texture": "#0"}
			}
		},
		{
			"from": [7.5, 5, 5.5],
			"to": [8.5, 7.25, 7.75],
			"rotation": {"angle": 0, "axis": "x", "origin": [8.5, 10, 2]},
			"faces": {
				"north": {"uv": [8.5, 0.5, 9.5, 1.5], "texture": "#0"},
				"east": {"uv": [10.5, 0.5, 12, 2], "texture": "#0"},
				"south": {"uv": [9.5, 0.5, 11.5, 2], "texture": "#0"},
				"west": {"uv": [10, 0.5, 11.5, 2], "texture": "#0"},
				"up": {"uv": [10, 0.5, 12, 2], "texture": "#0"},
				"down": {"uv": [11, 0.5, 12.5, 2], "texture": "#0"}
			}
		},
		{
			"from": [7.5, 3.5, 8],
			"to": [8.5, 5.75, 10.25],
			"rotation": {"angle": 0, "axis": "x", "origin": [8.5, 10, 2]},
			"faces": {
				"north": {"uv": [8.5, 0.5, 9.5, 1.5], "texture": "#0"},
				"east": {"uv": [10.5, 0.5, 12, 2], "texture": "#0"},
				"south": {"uv": [9.5, 0.5, 11.5, 2], "texture": "#0"},
				"west": {"uv": [10, 0.5, 11.5, 2], "texture": "#0"},
				"up": {"uv": [10, 0.5, 12, 2], "texture": "#0"},
				"down": {"uv": [11, 0.5, 12.5, 2], "texture": "#0"}
			}
		},
		{
			"from": [4.5, 5.49848, 0.375],
			"to": [5.25, 6.24848, 3.625],
			"rotation": {"angle": -22.5, "axis": "x", "origin": [4.875, 4.87348, 2]},
			"faces": {
				"north": {"uv": [3, 8, 4, 9], "rotation": 180, "texture": "#0"},
				"east": {"uv": [3, 8, 4, 11], "rotation": 270, "texture": "#0"},
				"south": {"uv": [4.5, 8, 5.5, 9], "texture": "#0"},
				"west": {"uv": [0, 8, 1, 11], "rotation": 90, "texture": "#0"},
				"up": {"uv": [1.5, 8, 2.5, 11], "rotation": 180, "texture": "#0"},
				"down": {"uv": [4.5, 11, 5.5, 14], "texture": "#0"}
			}
		},
		{
			"from": [10.75, 5.49848, 0.375],
			"to": [11.5, 6.24848, 3.625],
			"rotation": {"angle": -22.5, "axis": "x", "origin": [11.125, 4.87348, 2]},
			"faces": {
				"north": {"uv": [3, 8, 4, 9], "rotation": 180, "texture": "#0"},
				"east": {"uv": [3, 8, 4, 11], "rotation": 270, "texture": "#0"},
				"south": {"uv": [4.5, 8, 5.5, 9], "texture": "#0"},
				"west": {"uv": [0, 8, 1, 11], "rotation": 90, "texture": "#0"},
				"up": {"uv": [1.5, 8, 2.5, 11], "rotation": 180, "texture": "#0"},
				"down": {"uv": [4.5, 11, 5.5, 14], "texture": "#0"}
			}
		},
		{
			"from": [4.6, 4.94848, -1.375],
			"to": [5.15, 5.49848, 0.375],
			"rotation": {"angle": 0, "axis": "x", "origin": [4.875, 4.87348, 2]},
			"faces": {
				"north": {"uv": [3, 8, 4, 9], "rotation": 180, "texture": "#0"},
				"east": {"uv": [3, 8, 4, 11], "rotation": 270, "texture": "#0"},
				"south": {"uv": [4.5, 8, 5.5, 9], "texture": "#0"},
				"west": {"uv": [0, 8, 1, 11], "rotation": 90, "texture": "#0"},
				"up": {"uv": [1.5, 8, 2.5, 11], "rotation": 180, "texture": "#0"},
				"down": {"uv": [4.5, 11, 5.5, 14], "texture": "#0"}
			}
		},
		{
			"from": [10.85, 4.94848, -1.375],
			"to": [11.4, 5.49848, 0.375],
			"rotation": {"angle": 0, "axis": "x", "origin": [11.125, 4.87348, 2]},
			"faces": {
				"north": {"uv": [3, 8, 4, 9], "rotation": 180, "texture": "#0"},
				"east": {"uv": [3, 8, 4, 11], "rotation": 270, "texture": "#0"},
				"south": {"uv": [4.5, 8, 5.5, 9], "texture": "#0"},
				"west": {"uv": [0, 8, 1, 11], "rotation": 90, "texture": "#0"},
				"up": {"uv": [1.5, 8, 2.5, 11], "rotation": 180, "texture": "#0"},
				"down": {"uv": [4.5, 11, 5.5, 14], "texture": "#0"}
			}
		},
		{
			"from": [4.35, 4.54848, -2.025],
			"to": [5.4, 5.09848, -1.275],
			"rotation": {"angle": -22.5, "axis": "x", "origin": [4.875, 5.22348, -2.25]},
			"faces": {
				"north": {"uv": [3, 8, 3.5, 8.5], "rotation": 180, "texture": "#0"},
				"east": {"uv": [1.5, 9.5, 2.5, 11], "rotation": 270, "texture": "#0"},
				"south": {"uv": [4.5, 8, 5.5, 9], "texture": "#0"},
				"west": {"uv": [0, 8, 1, 9.5], "rotation": 90, "texture": "#0"},
				"up": {"uv": [1.5, 10, 2, 10.5], "rotation": 180, "texture": "#0"},
				"down": {"uv": [4.5, 13, 5, 13.5], "texture": "#0"}
			}
		},
		{
			"from": [10.6, 4.54848, -2.025],
			"to": [11.65, 5.09848, -1.275],
			"rotation": {"angle": -22.5, "axis": "x", "origin": [11.125, 5.22348, -2.25]},
			"faces": {
				"north": {"uv": [3, 8, 3.5, 8.5], "rotation": 180, "texture": "#0"},
				"east": {"uv": [1.5, 9.5, 2.5, 11], "rotation": 270, "texture": "#0"},
				"south": {"uv": [4.5, 8, 5.5, 9], "texture": "#0"},
				"west": {"uv": [0, 8, 1, 9.5], "rotation": 90, "texture": "#0"},
				"up": {"uv": [1.5, 10, 2, 10.5], "rotation": 180, "texture": "#0"},
				"down": {"uv": [4.5, 13, 5, 13.5], "texture": "#0"}
			}
		},
		{
			"from": [5.25, 5, -2.05],
			"to": [5.5, 5.25, -1.8],
			"rotation": {"angle": -22.5, "axis": "x", "origin": [5.125, 5.125, -1.925]},
			"faces": {
				"north": {"uv": [8.5, 0.5, 9.5, 1.5], "texture": "#0"},
				"east": {"uv": [10.5, 0.5, 12, 2], "texture": "#0"},
				"south": {"uv": [9.5, 0.5, 11.5, 2], "texture": "#0"},
				"west": {"uv": [10, 0.5, 11.5, 2], "texture": "#0"},
				"up": {"uv": [10, 0.5, 12, 2], "texture": "#0"},
				"down": {"uv": [11, 0.5, 12.5, 2], "texture": "#0"}
			}
		},
		{
			"from": [11.5, 5, -2.05],
			"to": [11.75, 5.25, -1.8],
			"rotation": {"angle": -22.5, "axis": "x", "origin": [11.375, 5.125, -1.925]},
			"faces": {
				"north": {"uv": [8.5, 0.5, 9.5, 1.5], "texture": "#0"},
				"east": {"uv": [10.5, 0.5, 12, 2], "texture": "#0"},
				"south": {"uv": [9.5, 0.5, 11.5, 2], "texture": "#0"},
				"west": {"uv": [10, 0.5, 11.5, 2], "texture": "#0"},
				"up": {"uv": [10, 0.5, 12, 2], "texture": "#0"},
				"down": {"uv": [11, 0.5, 12.5, 2], "texture": "#0"}
			}
		},
		{
			"from": [4.75, 5, -2.05],
			"to": [5, 5.25, -1.8],
			"rotation": {"angle": -22.5, "axis": "x", "origin": [5.125, 5.125, -1.925]},
			"faces": {
				"north": {"uv": [8.5, 0.5, 9.5, 1.5], "texture": "#0"},
				"east": {"uv": [10.5, 0.5, 12, 2], "texture": "#0"},
				"south": {"uv": [9.5, 0.5, 11.5, 2], "texture": "#0"},
				"west": {"uv": [10, 0.5, 11.5, 2], "texture": "#0"},
				"up": {"uv": [10, 0.5, 12, 2], "texture": "#0"},
				"down": {"uv": [11, 0.5, 12.5, 2], "texture": "#0"}
			}
		},
		{
			"from": [11, 5, -2.05],
			"to": [11.25, 5.25, -1.8],
			"rotation": {"angle": -22.5, "axis": "x", "origin": [11.375, 5.125, -1.925]},
			"faces": {
				"north": {"uv": [8.5, 0.5, 9.5, 1.5], "texture": "#0"},
				"east": {"uv": [10.5, 0.5, 12, 2], "texture": "#0"},
				"south": {"uv": [9.5, 0.5, 11.5, 2], "texture": "#0"},
				"west": {"uv": [10, 0.5, 11.5, 2], "texture": "#0"},
				"up": {"uv": [10, 0.5, 12, 2], "texture": "#0"},
				"down": {"uv": [11, 0.5, 12.5, 2], "texture": "#0"}
			}
		},
		{
			"from": [4.25, 5, -2.05],
			"to": [4.5, 5.25, -1.8],
			"rotation": {"angle": -22.5, "axis": "x", "origin": [5.125, 5.125, -1.925]},
			"faces": {
				"north": {"uv": [8.5, 0.5, 9.5, 1.5], "texture": "#0"},
				"east": {"uv": [10.5, 0.5, 12, 2], "texture": "#0"},
				"south": {"uv": [9.5, 0.5, 11.5, 2], "texture": "#0"},
				"west": {"uv": [10, 0.5, 11.5, 2], "texture": "#0"},
				"up": {"uv": [10, 0.5, 12, 2], "texture": "#0"},
				"down": {"uv": [11, 0.5, 12.5, 2], "texture": "#0"}
			}
		},
		{
			"from": [10.5, 5, -2.05],
			"to": [10.75, 5.25, -1.8],
			"rotation": {"angle": -22.5, "axis": "x", "origin": [11.375, 5.125, -1.925]},
			"faces": {
				"north": {"uv": [8.5, 0.5, 9.5, 1.5], "texture": "#0"},
				"east": {"uv": [10.5, 0.5, 12, 2], "texture": "#0"},
				"south": {"uv": [9.5, 0.5, 11.5, 2], "texture": "#0"},
				"west": {"uv": [10, 0.5, 11.5, 2], "texture": "#0"},
				"up": {"uv": [10, 0.5, 12, 2], "texture": "#0"},
				"down": {"uv": [11, 0.5, 12.5, 2], "texture": "#0"}
			}
		},
		{
			"from": [5.25, 5, -1.55],
			"to": [5.5, 5.25, -1.3],
			"rotation": {"angle": -22.5, "axis": "x", "origin": [5.125, 5.125, -1.925]},
			"faces": {
				"north": {"uv": [8.5, 0.5, 9.5, 1.5], "texture": "#0"},
				"east": {"uv": [10.5, 0.5, 12, 2], "texture": "#0"},
				"south": {"uv": [9.5, 0.5, 11.5, 2], "texture": "#0"},
				"west": {"uv": [10, 0.5, 11.5, 2], "texture": "#0"},
				"up": {"uv": [10, 0.5, 12, 2], "texture": "#0"},
				"down": {"uv": [11, 0.5, 12.5, 2], "texture": "#0"}
			}
		},
		{
			"from": [10.5, 5, -1.55],
			"to": [10.75, 5.25, -1.3],
			"rotation": {"angle": -22.5, "axis": "x", "origin": [11.375, 5.125, -1.925]},
			"faces": {
				"north": {"uv": [8.5, 0.5, 9.5, 1.5], "texture": "#0"},
				"east": {"uv": [10.5, 0.5, 12, 2], "texture": "#0"},
				"south": {"uv": [9.5, 0.5, 11.5, 2], "texture": "#0"},
				"west": {"uv": [10, 0.5, 11.5, 2], "texture": "#0"},
				"up": {"uv": [10, 0.5, 12, 2], "texture": "#0"},
				"down": {"uv": [11, 0.5, 12.5, 2], "texture": "#0"}
			}
		},
		{
			"from": [4.25, -1, 6.5],
			"to": [7, 3, 9],
			"rotation": {"angle": 0, "axis": "x", "origin": [8.5, 10, 2]},
			"faces": {
				"north": {"uv": [0, 0, 2, 3], "rotation": 180, "texture": "#0"},
				"east": {"uv": [5, 5, 8, 7], "rotation": 270, "texture": "#0"},
				"south": {"uv": [5, 3, 7, 6], "texture": "#0"},
				"west": {"uv": [0, 0, 3, 2], "rotation": 90, "texture": "#0"},
				"up": {"uv": [1, 1.5, 3, 3], "rotation": 180, "texture": "#0"},
				"down": {"uv": [2, 4.5, 4, 6], "texture": "#0"}
			}
		},
		{
			"from": [9, -1, 6.5],
			"to": [11.75, 3, 9],
			"rotation": {"angle": 0, "axis": "x", "origin": [8.5, 10, 2]},
			"faces": {
				"north": {"uv": [0, 0, 2, 3], "rotation": 180, "texture": "#0"},
				"east": {"uv": [5, 5, 8, 7], "rotation": 270, "texture": "#0"},
				"south": {"uv": [5, 3, 7, 6], "texture": "#0"},
				"west": {"uv": [0, 0, 3, 2], "rotation": 90, "texture": "#0"},
				"up": {"uv": [1, 1.5, 3, 3], "rotation": 180, "texture": "#0"},
				"down": {"uv": [2, 4.5, 4, 6], "texture": "#0"}
			}
		},
		{
			"from": [9.375, -5, 6.825],
			"to": [11.375, -1, 8.675],
			"rotation": {"angle": 0, "axis": "y", "origin": [10.375, -3, 7.75]},
			"faces": {
				"north": {"uv": [4.5, 5, 8, 7], "rotation": 270, "texture": "#0"},
				"east": {"uv": [5, 2.5, 7, 6], "texture": "#0"},
				"south": {"uv": [0, 0, 3.5, 2], "rotation": 90, "texture": "#0"},
				"west": {"uv": [0, 0, 2, 3.5], "rotation": 180, "texture": "#0"},
				"up": {"uv": [1, 1.5, 3, 3], "rotation": 90, "texture": "#0"},
				"down": {"uv": [2, 4.5, 4, 6], "rotation": 90, "texture": "#0"}
			}
		},
		{
			"from": [4.625, -5, 6.825],
			"to": [6.625, -1, 8.675],
			"rotation": {"angle": 0, "axis": "y", "origin": [10.375, -3, 7.75]},
			"faces": {
				"north": {"uv": [4.5, 5, 8, 7], "rotation": 270, "texture": "#0"},
				"east": {"uv": [5, 2.5, 7, 6], "texture": "#0"},
				"south": {"uv": [0, 0, 3.5, 2], "rotation": 90, "texture": "#0"},
				"west": {"uv": [0, 0, 2, 3.5], "rotation": 180, "texture": "#0"},
				"up": {"uv": [1, 1.5, 3, 3], "rotation": 90, "texture": "#0"},
				"down": {"uv": [2, 4.5, 4, 6], "rotation": 90, "texture": "#0"}
			}
		},
		{
			"from": [4.25, -6, 5.5],
			"to": [7, -5, 9],
			"rotation": {"angle": 0, "axis": "x", "origin": [8.5, 10, 2]},
			"faces": {
				"north": {"uv": [0, 0, 2.5, 1], "rotation": 180, "texture": "#0"},
				"east": {"uv": [7, 3, 8, 7], "rotation": 270, "texture": "#0"},
				"south": {"uv": [4.5, 5, 7, 6], "texture": "#0"},
				"west": {"uv": [0, 0, 1, 4], "rotation": 90, "texture": "#0"},
				"up": {"uv": [1, 1.5, 3, 3], "rotation": 180, "texture": "#0"},
				"down": {"uv": [1.5, 8, 2.5, 9], "texture": "#0"}
			}
		},
		{
			"from": [9, -6, 5.5],
			"to": [11.75, -5, 9],
			"rotation": {"angle": 0, "axis": "x", "origin": [13.25, 10, 2]},
			"faces": {
				"north": {"uv": [0, 0, 2.5, 1], "rotation": 180, "texture": "#0"},
				"east": {"uv": [7, 3, 8, 7], "rotation": 270, "texture": "#0"},
				"south": {"uv": [4.5, 5, 7, 6], "texture": "#0"},
				"west": {"uv": [0, 0, 1, 4], "rotation": 90, "texture": "#0"},
				"up": {"uv": [1, 1.5, 3, 3], "rotation": 180, "texture": "#0"},
				"down": {"uv": [3, 8, 4, 9], "texture": "#0"}
			}
		},
		{
			"from": [4.3, -6, 5.2],
			"to": [4.75, -5.65, 5.55],
			"rotation": {"angle": 0, "axis": "x", "origin": [5.125, 5.125, -1.925]},
			"faces": {
				"north": {"uv": [8.5, 0.5, 9.5, 1.5], "texture": "#0"},
				"east": {"uv": [10.5, 0.5, 12, 2], "texture": "#0"},
				"south": {"uv": [9.5, 0.5, 11.5, 2], "texture": "#0"},
				"west": {"uv": [10, 0.5, 11.5, 2], "texture": "#0"},
				"up": {"uv": [10, 0.5, 12, 2], "texture": "#0"},
				"down": {"uv": [11, 0.5, 12.5, 2], "texture": "#0"}
			}
		},
		{
			"from": [9.05, -6, 5.2],
			"to": [9.5, -5.65, 5.55],
			"rotation": {"angle": 0, "axis": "x", "origin": [9.875, 5.125, -1.925]},
			"faces": {
				"north": {"uv": [8.5, 0.5, 9.5, 1.5], "texture": "#0"},
				"east": {"uv": [10.5, 0.5, 12, 2], "texture": "#0"},
				"south": {"uv": [9.5, 0.5, 11.5, 2], "texture": "#0"},
				"west": {"uv": [10, 0.5, 11.5, 2], "texture": "#0"},
				"up": {"uv": [10, 0.5, 12, 2], "texture": "#0"},
				"down": {"uv": [11, 0.5, 12.5, 2], "texture": "#0"}
			}
		},
		{
			"from": [5.4, -6, 5.2],
			"to": [5.85, -5.65, 5.55],
			"rotation": {"angle": 0, "axis": "x", "origin": [5.125, 5.125, -1.925]},
			"faces": {
				"north": {"uv": [8.5, 0.5, 9.5, 1.5], "texture": "#0"},
				"east": {"uv": [10.5, 0.5, 12, 2], "texture": "#0"},
				"south": {"uv": [9.5, 0.5, 11.5, 2], "texture": "#0"},
				"west": {"uv": [10, 0.5, 11.5, 2], "texture": "#0"},
				"up": {"uv": [10, 0.5, 12, 2], "texture": "#0"},
				"down": {"uv": [11, 0.5, 12.5, 2], "texture": "#0"}
			}
		},
		{
			"from": [10.15, -6, 5.2],
			"to": [10.6, -5.65, 5.55],
			"rotation": {"angle": 0, "axis": "x", "origin": [9.875, 5.125, -1.925]},
			"faces": {
				"north": {"uv": [8.5, 0.5, 9.5, 1.5], "texture": "#0"},
				"east": {"uv": [10.5, 0.5, 12, 2], "texture": "#0"},
				"south": {"uv": [9.5, 0.5, 11.5, 2], "texture": "#0"},
				"west": {"uv": [10, 0.5, 11.5, 2], "texture": "#0"},
				"up": {"uv": [10, 0.5, 12, 2], "texture": "#0"},
				"down": {"uv": [11, 0.5, 12.5, 2], "texture": "#0"}
			}
		},
		{
			"from": [6.5, -6, 5.2],
			"to": [6.95, -5.65, 5.55],
			"rotation": {"angle": 0, "axis": "x", "origin": [5.125, 5.125, -1.925]},
			"faces": {
				"north": {"uv": [8.5, 0.5, 9.5, 1.5], "texture": "#0"},
				"east": {"uv": [10.5, 0.5, 12, 2], "texture": "#0"},
				"south": {"uv": [9.5, 0.5, 11.5, 2], "texture": "#0"},
				"west": {"uv": [10, 0.5, 11.5, 2], "texture": "#0"},
				"up": {"uv": [10, 0.5, 12, 2], "texture": "#0"},
				"down": {"uv": [11, 0.5, 12.5, 2], "texture": "#0"}
			}
		},
		{
			"from": [11.25, -6, 5.2],
			"to": [11.7, -5.65, 5.55],
			"rotation": {"angle": 0, "axis": "x", "origin": [9.875, 5.125, -1.925]},
			"faces": {
				"north": {"uv": [8.5, 0.5, 9.5, 1.5], "texture": "#0"},
				"east": {"uv": [10.5, 0.5, 12, 2], "texture": "#0"},
				"south": {"uv": [9.5, 0.5, 11.5, 2], "texture": "#0"},
				"west": {"uv": [10, 0.5, 11.5, 2], "texture": "#0"},
				"up": {"uv": [10, 0.5, 12, 2], "texture": "#0"},
				"down": {"uv": [11, 0.5, 12.5, 2], "texture": "#0"}
			}
		},
		{
			"from": [7, -6, 8.2],
			"to": [7.45, -5.65, 8.8],
			"rotation": {"angle": 0, "axis": "x", "origin": [5.125, 5.125, -1.925]},
			"faces": {
				"north": {"uv": [8.5, 0.5, 9.5, 1.5], "texture": "#0"},
				"east": {"uv": [10.5, 0.5, 12, 2], "texture": "#0"},
				"south": {"uv": [9.5, 0.5, 11.5, 2], "texture": "#0"},
				"west": {"uv": [10, 0.5, 11.5, 2], "texture": "#0"},
				"up": {"uv": [10, 0.5, 12, 2], "texture": "#0"},
				"down": {"uv": [11, 0.5, 12.5, 2], "texture": "#0"}
			}
		},
		{
			"from": [8.6, -6, 8.2],
			"to": [9.05, -5.65, 8.8],
			"rotation": {"angle": 0, "axis": "x", "origin": [9.875, 5.125, -1.925]},
			"faces": {
				"north": {"uv": [8.5, 0.5, 9.5, 1.5], "texture": "#0"},
				"east": {"uv": [10.5, 0.5, 12, 2], "texture": "#0"},
				"south": {"uv": [9.5, 0.5, 11.5, 2], "texture": "#0"},
				"west": {"uv": [10, 0.5, 11.5, 2], "texture": "#0"},
				"up": {"uv": [10, 0.5, 12, 2], "texture": "#0"},
				"down": {"uv": [11, 0.5, 12.5, 2], "texture": "#0"}
			}
		},
		{
			"from": [7.25, 9.75, 13],
			"to": [8.75, 11.25, 17],
			"rotation": {"angle": 45, "axis": "x", "origin": [8.5, 10, 2]},
			"faces": {
				"north": {"uv": [0, 1, 1, 2], "texture": "#0"},
				"east": {"uv": [5.5, 6, 8, 7], "texture": "#0"},
				"south": {"uv": [3, 5, 4, 6], "texture": "#0"},
				"west": {"uv": [0, 0, 2.5, 1], "texture": "#0"},
				"up": {"uv": [5.5, 3.5, 7, 6], "texture": "#0"},
				"down": {"uv": [3.5, 8, 5, 13], "texture": "#0"}
			}
		},
		{
			"from": [7.45, -1.46726, 12.12437],
			"to": [8.55, -0.36726, 16.12437],
			"rotation": {"angle": 22.5, "axis": "x", "origin": [8, -1.66726, 14.37437]},
			"faces": {
				"north": {"uv": [0, 1, 1, 2], "texture": "#0"},
				"east": {"uv": [5, 6, 8, 7], "texture": "#0"},
				"south": {"uv": [3, 5, 4, 6], "texture": "#0"},
				"west": {"uv": [0, 0, 3, 1], "texture": "#0"},
				"up": {"uv": [6, 3, 7, 6], "texture": "#0"},
				"down": {"uv": [3.5, 9, 5, 13], "texture": "#0"}
			}
		},
		{
			"from": [7.65, -1.26726, 16.12437],
			"to": [8.35, -0.56726, 18.12437],
			"rotation": {"angle": 22.5, "axis": "x", "origin": [8, -1.66726, 14.37437]},
			"faces": {
				"north": {"uv": [0, 1, 1, 2], "texture": "#0"},
				"east": {"uv": [5.5, 6, 8, 7], "texture": "#0"},
				"south": {"uv": [3, 5, 4, 6], "texture": "#0"},
				"west": {"uv": [0, 0, 2.5, 1], "texture": "#0"},
				"up": {"uv": [6, 3.5, 7, 6], "texture": "#0"},
				"down": {"uv": [3.5, 9.5, 5, 13], "texture": "#0"}
			}
		},
		{
			"name": "joint",
			"from": [4.46726, 7.60582, 3.43188],
			"to": [5.33846, 8.91262, 4.73868],
			"rotation": {"angle": 0, "axis": "y", "origin": [4.91375, 8.28009, 3.34013]},
			"faces": {
				"north": {"uv": [1, 8, 1.5, 8.5], "rotation": 270, "texture": "#0"},
				"east": {"uv": [1, 8, 1.5, 8.5], "rotation": 270, "texture": "#0"},
				"south": {"uv": [1, 8, 1.5, 8.5], "rotation": 90, "texture": "#0"},
				"west": {"uv": [1, 8, 1.5, 8.5], "rotation": 270, "texture": "#0"},
				"up": {"uv": [1, 8, 1.5, 8.5], "rotation": 90, "texture": "#0"},
				"down": {"uv": [1, 8, 1.5, 8.5], "rotation": 90, "texture": "#0"}
			}
		},
		{
			"name": "bone",
			"from": [4.57616, 7.43362, 4.1384],
			"to": [5.22956, 8.08702, 8.4944],
			"rotation": {"angle": -45, "axis": "x", "origin": [4.91375, 8.28009, 3.34013]},
			"faces": {
				"north": {"uv": [1, 8, 1.5, 8.5], "rotation": 270, "texture": "#0"},
				"east": {"uv": [1, 8, 1.5, 8.5], "rotation": 270, "texture": "#0"},
				"south": {"uv": [1, 8, 1.5, 8.5], "rotation": 90, "texture": "#0"},
				"west": {"uv": [1, 8, 1.5, 8.5], "rotation": 270, "texture": "#0"},
				"up": {"uv": [1, 8, 1.5, 8.5], "rotation": 90, "texture": "#0"},
				"down": {"uv": [1, 8, 1.5, 8.5], "rotation": 90, "texture": "#0"}
			}
		},
		{
			"name": "bone",
			"from": [4.59794, 12.3161, 5.50065],
			"to": [5.22956, 12.9695, 8.44095],
			"rotation": {"angle": 22.5, "axis": "x", "origin": [4.92464, 8.30513, 3.34153]},
			"faces": {
				"north": {"uv": [1, 8, 1.5, 8.5], "rotation": 270, "texture": "#0"},
				"east": {"uv": [1, 8, 1.5, 8.5], "texture": "#0"},
				"south": {"uv": [1, 8, 1.5, 8.5], "rotation": 90, "texture": "#0"},
				"west": {"uv": [1, 8, 1.5, 8.5], "rotation": 180, "texture": "#0"},
				"up": {"uv": [1, 8, 1.5, 8.5], "rotation": 90, "texture": "#0"},
				"down": {"uv": [1, 8, 1.5, 8.5], "rotation": 90, "texture": "#0"}
			}
		},
		{
			"name": "bone",
			"from": [4.61972, -0.84202, 8.98427],
			"to": [5.22956, 5.3435, 9.63767],
			"rotation": {"angle": -45, "axis": "x", "origin": [4.93553, 8.24476, 3.31652]},
			"faces": {
				"north": {"uv": [1, 8, 1.5, 8.5], "rotation": 270, "texture": "#0"},
				"east": {"uv": [1, 8, 1.5, 8.5], "rotation": 270, "texture": "#0"},
				"south": {"uv": [1, 8, 1.5, 8.5], "rotation": 90, "texture": "#0"},
				"west": {"uv": [1, 8, 1.5, 8.5], "rotation": 270, "texture": "#0"},
				"up": {"uv": [1, 8, 1.5, 8.5], "rotation": 90, "texture": "#0"},
				"down": {"uv": [1, 8, 1.5, 8.5], "rotation": 90, "texture": "#0"}
			}
		},
		{
			"name": "bone",
			"from": [4.66328, -1.65174, 11.98047],
			"to": [5.22956, 2.26866, 12.63387],
			"rotation": {"angle": -22.5, "axis": "x", "origin": [4.95731, 8.24476, 3.31653]},
			"faces": {
				"north": {"uv": [1, 8, 1.5, 8.5], "rotation": 270, "texture": "#0"},
				"east": {"uv": [1, 8, 1.5, 8.5], "rotation": 270, "texture": "#0"},
				"south": {"uv": [1, 8, 1.5, 8.5], "rotation": 90, "texture": "#0"},
				"west": {"uv": [1, 8, 1.5, 8.5], "rotation": 270, "texture": "#0"},
				"up": {"uv": [1, 8, 1.5, 8.5], "rotation": 90, "texture": "#0"},
				"down": {"uv": [1, 8, 1.5, 8.5], "rotation": 90, "texture": "#0"}
			}
		},
		{
			"name": "flap",
			"from": [4.92464, 2.59642, 4.73868],
			"to": [4.95764, 11.09062, 15.41088],
			"rotation": {"angle": 0, "axis": "y", "origin": [4.91375, 8.28009, 3.34013]},
			"faces": {
				"north": {"uv": [0.941, 0.941, 1.88218, 1.88218], "rotation": 270, "texture": "#5"},
				"east": {"uv": [0, 0, 16, 16], "rotation": 270, "texture": "#6"},
				"south": {"uv": [1.883, 1.412, 3.294, 2.824], "rotation": 90, "texture": "#5"},
				"west": {"uv": [0, 0, 16, 16], "rotation": 270, "texture": "#5"},
				"up": {"uv": [1.883, 1.412, 3.294, 2.824], "rotation": 90, "texture": "#5"},
				"down": {"uv": [0.471, 0.941, 1.882, 2.353], "rotation": 90, "texture": "#5"}
			}
		},
		{
			"name": "tendon",
			"from": [4.76129, 7.2394, 7.68131],
			"to": [5.00087, 9.59164, 8.11691],
			"rotation": {"angle": -22.5, "axis": "x", "origin": [4.91375, 8.28009, 3.34013]},
			"faces": {
				"north": {"uv": [1, 8, 1.5, 8.5], "rotation": 270, "texture": "#0"},
				"east": {"uv": [1, 8, 1.5, 8.5], "rotation": 270, "texture": "#0"},
				"south": {"uv": [1, 8, 1.5, 8.5], "rotation": 90, "texture": "#0"},
				"west": {"uv": [1, 8, 1.5, 8.5], "rotation": 270, "texture": "#0"},
				"up": {"uv": [1, 8, 1.5, 8.5], "rotation": 90, "texture": "#0"},
				"down": {"uv": [1, 8, 1.5, 8.5], "rotation": 90, "texture": "#0"}
			}
		},
		{
			"name": "tendon",
			"from": [4.77218, 7.91626, 7.01811],
			"to": [4.98998, 10.92191, 7.45371],
			"rotation": {"angle": 22.5, "axis": "x", "origin": [4.91375, 8.28009, 3.34013]},
			"faces": {
				"north": {"uv": [1, 8, 1.5, 8.5], "rotation": 270, "texture": "#0"},
				"east": {"uv": [1, 8, 1.5, 8.5], "rotation": 270, "texture": "#0"},
				"south": {"uv": [1, 8, 1.5, 8.5], "rotation": 90, "texture": "#0"},
				"west": {"uv": [1, 8, 1.5, 8.5], "rotation": 270, "texture": "#0"},
				"up": {"uv": [1, 8, 1.5, 8.5], "rotation": 90, "texture": "#0"},
				"down": {"uv": [1, 8, 1.5, 8.5], "rotation": 90, "texture": "#0"}
			}
		},
		{
			"name": "tendon",
			"from": [4.76129, 4.8436, 9.42371],
			"to": [5.00087, 8.28484, 9.85931],
			"rotation": {"angle": -22.5, "axis": "x", "origin": [4.91375, 8.28009, 3.34013]},
			"faces": {
				"north": {"uv": [1, 8, 1.5, 8.5], "rotation": 270, "texture": "#0"},
				"east": {"uv": [1, 8, 1.5, 8.5], "rotation": 270, "texture": "#0"},
				"south": {"uv": [1, 8, 1.5, 8.5], "rotation": 90, "texture": "#0"},
				"west": {"uv": [1, 8, 1.5, 8.5], "rotation": 270, "texture": "#0"},
				"up": {"uv": [1, 8, 1.5, 8.5], "rotation": 90, "texture": "#0"},
				"down": {"uv": [1, 8, 1.5, 8.5], "rotation": 90, "texture": "#0"}
			}
		},
		{
			"name": "tendon",
			"from": [4.77218, 11.31129, 12.47848],
			"to": [4.98998, 12.87945, 12.91408],
			"rotation": {"angle": 45, "axis": "x", "origin": [4.91375, 8.28009, 3.34013]},
			"faces": {
				"north": {"uv": [1, 8, 1.5, 8.5], "rotation": 270, "texture": "#0"},
				"east": {"uv": [1, 8, 1.5, 8.5], "rotation": 270, "texture": "#0"},
				"south": {"uv": [1, 8, 1.5, 8.5], "rotation": 90, "texture": "#0"},
				"west": {"uv": [1, 8, 1.5, 8.5], "rotation": 270, "texture": "#0"},
				"up": {"uv": [1, 8, 1.5, 8.5], "rotation": 90, "texture": "#0"},
				"down": {"uv": [1, 8, 1.5, 8.5], "rotation": 90, "texture": "#0"}
			}
		},
		{
			"name": "tendon",
			"from": [4.76129, 8.86016, 13.51483],
			"to": [5.00087, 10.46099, 13.95043],
			"rotation": {"angle": 22.5, "axis": "x", "origin": [4.91375, 8.28009, 3.34013]},
			"faces": {
				"north": {"uv": [1, 8, 1.5, 8.5], "rotation": 270, "texture": "#0"},
				"east": {"uv": [1, 8, 1.5, 8.5], "rotation": 270, "texture": "#0"},
				"south": {"uv": [1, 8, 1.5, 8.5], "rotation": 90, "texture": "#0"},
				"west": {"uv": [1, 8, 1.5, 8.5], "rotation": 270, "texture": "#0"},
				"up": {"uv": [1, 8, 1.5, 8.5], "rotation": 90, "texture": "#0"},
				"down": {"uv": [1, 8, 1.5, 8.5], "rotation": 90, "texture": "#0"}
			}
		},
		{
			"name": "tendon",
			"from": [4.77218, 7.80273, 9.94426],
			"to": [4.98998, 10.45989, 10.37986],
			"rotation": {"angle": 22.5, "axis": "x", "origin": [4.91375, 8.28009, 3.34013]},
			"faces": {
				"north": {"uv": [1, 8, 1.5, 8.5], "rotation": 270, "texture": "#0"},
				"east": {"uv": [1, 8, 1.5, 8.5], "rotation": 270, "texture": "#0"},
				"south": {"uv": [1, 8, 1.5, 8.5], "rotation": 90, "texture": "#0"},
				"west": {"uv": [1, 8, 1.5, 8.5], "rotation": 270, "texture": "#0"},
				"up": {"uv": [1, 8, 1.5, 8.5], "rotation": 90, "texture": "#0"},
				"down": {"uv": [1, 8, 1.5, 8.5], "rotation": 90, "texture": "#0"}
			}
		},
		{
			"name": "joint",
			"from": [10.66154, 7.60582, 3.43188],
			"to": [11.53274, 8.91262, 4.73868],
			"rotation": {"angle": 0, "axis": "y", "origin": [11.08625, 8.28009, 3.34013]},
			"faces": {
				"north": {"uv": [1, 8, 1.5, 8.5], "rotation": 90, "texture": "#0"},
				"east": {"uv": [1, 8, 1.5, 8.5], "rotation": 270, "texture": "#0"},
				"south": {"uv": [1, 8, 1.5, 8.5], "rotation": 270, "texture": "#0"},
				"west": {"uv": [1, 8, 1.5, 8.5], "rotation": 270, "texture": "#0"},
				"up": {"uv": [1, 8, 1.5, 8.5], "rotation": 270, "texture": "#0"},
				"down": {"uv": [1, 8, 1.5, 8.5], "rotation": 270, "texture": "#0"}
			}
		},
		{
			"name": "bone",
			"from": [10.77044, 7.43362, 4.1384],
			"to": [11.42384, 8.08702, 8.4944],
			"rotation": {"angle": -45, "axis": "x", "origin": [11.08625, 8.28009, 3.34013]},
			"faces": {
				"north": {"uv": [1, 8, 1.5, 8.5], "rotation": 90, "texture": "#0"},
				"east": {"uv": [1, 8, 1.5, 8.5], "rotation": 270, "texture": "#0"},
				"south": {"uv": [1, 8, 1.5, 8.5], "rotation": 270, "texture": "#0"},
				"west": {"uv": [1, 8, 1.5, 8.5], "rotation": 270, "texture": "#0"},
				"up": {"uv": [1, 8, 1.5, 8.5], "rotation": 270, "texture": "#0"},
				"down": {"uv": [1, 8, 1.5, 8.5], "rotation": 270, "texture": "#0"}
			}
		},
		{
			"name": "bone",
			"from": [10.77044, 12.3161, 5.50065],
			"to": [11.40206, 12.9695, 8.44095],
			"rotation": {"angle": 22.5, "axis": "x", "origin": [11.07536, 8.30513, 3.34153]},
			"faces": {
				"north": {"uv": [1, 8, 1.5, 8.5], "rotation": 90, "texture": "#0"},
				"east": {"uv": [1, 8, 1.5, 8.5], "rotation": 180, "texture": "#0"},
				"south": {"uv": [1, 8, 1.5, 8.5], "rotation": 270, "texture": "#0"},
				"west": {"uv": [1, 8, 1.5, 8.5], "texture": "#0"},
				"up": {"uv": [1, 8, 1.5, 8.5], "rotation": 270, "texture": "#0"},
				"down": {"uv": [1, 8, 1.5, 8.5], "rotation": 270, "texture": "#0"}
			}
		},
		{
			"name": "bone",
			"from": [10.77044, 13.91251, 6.21779],
			"to": [11.38028, 14.56591, 12.40331],
			"rotation": {"angle": 45, "axis": "x", "origin": [11.06447, 8.24476, 3.31652]},
			"faces": {
				"north": {"uv": [1, 8, 1.5, 8.5], "rotation": 90, "texture": "#0"},
				"east": {"uv": [1, 8, 1.5, 8.5], "rotation": 180, "texture": "#0"},
				"south": {"uv": [1, 8, 1.5, 8.5], "rotation": 270, "texture": "#0"},
				"west": {"uv": [1, 8, 1.5, 8.5], "texture": "#0"},
				"up": {"uv": [1, 8, 1.5, 8.5], "rotation": 270, "texture": "#0"},
				"down": {"uv": [1, 8, 1.5, 8.5], "rotation": 270, "texture": "#0"}
			}
		},
		{
			"name": "bone",
			"from": [10.77044, -1.65174, 11.98047],
			"to": [11.33672, 2.26866, 12.63387],
			"rotation": {"angle": -22.5, "axis": "x", "origin": [11.04269, 8.24476, 3.31653]},
			"faces": {
				"north": {"uv": [1, 8, 1.5, 8.5], "rotation": 90, "texture": "#0"},
				"east": {"uv": [1, 8, 1.5, 8.5], "rotation": 270, "texture": "#0"},
				"south": {"uv": [1, 8, 1.5, 8.5], "rotation": 270, "texture": "#0"},
				"west": {"uv": [1, 8, 1.5, 8.5], "rotation": 270, "texture": "#0"},
				"up": {"uv": [1, 8, 1.5, 8.5], "rotation": 270, "texture": "#0"},
				"down": {"uv": [1, 8, 1.5, 8.5], "rotation": 270, "texture": "#0"}
			}
		},
		{
			"name": "flap",
			"from": [11.04236, 2.59642, 4.73868],
			"to": [11.07536, 11.09062, 15.41088],
			"rotation": {"angle": 0, "axis": "y", "origin": [11.08625, 8.28009, 3.34013]},
			"faces": {
				"north": {"uv": [1.883, 0.941, 3.294, 2.353], "rotation": 90, "texture": "#5"},
				"east": {"uv": [0, 16, 16, 0], "rotation": 270, "texture": "#5"},
				"south": {"uv": [0.941, 1.412, 2.353, 2.824], "rotation": 270, "texture": "#5"},
				"west": {"uv": [0, 16, 16, 0], "rotation": 270, "texture": "#6"},
				"up": {"uv": [1.412, 1.412, 2.824, 2.824], "rotation": 270, "texture": "#5"},
				"down": {"uv": [1.883, 1.412, 3.294, 2.824], "rotation": 270, "texture": "#5"}
			}
		},
		{
			"name": "tendon",
			"from": [10.99913, 7.2394, 7.68131],
			"to": [11.23871, 9.59164, 8.11691],
			"rotation": {"angle": -22.5, "axis": "x", "origin": [11.08625, 8.28009, 3.34013]},
			"faces": {
				"north": {"uv": [1, 8, 1.5, 8.5], "rotation": 90, "texture": "#0"},
				"east": {"uv": [1, 8, 1.5, 8.5], "rotation": 270, "texture": "#0"},
				"south": {"uv": [1, 8, 1.5, 8.5], "rotation": 270, "texture": "#0"},
				"west": {"uv": [1, 8, 1.5, 8.5], "rotation": 270, "texture": "#0"},
				"up": {"uv": [1, 8, 1.5, 8.5], "rotation": 270, "texture": "#0"},
				"down": {"uv": [1, 8, 1.5, 8.5], "rotation": 270, "texture": "#0"}
			}
		},
		{
			"name": "tendon",
			"from": [11.01002, 7.91626, 7.01811],
			"to": [11.22782, 10.92191, 7.45371],
			"rotation": {"angle": 22.5, "axis": "x", "origin": [11.08625, 8.28009, 3.34013]},
			"faces": {
				"north": {"uv": [1, 8, 1.5, 8.5], "rotation": 90, "texture": "#0"},
				"east": {"uv": [1, 8, 1.5, 8.5], "rotation": 270, "texture": "#0"},
				"south": {"uv": [1, 8, 1.5, 8.5], "rotation": 270, "texture": "#0"},
				"west": {"uv": [1, 8, 1.5, 8.5], "rotation": 270, "texture": "#0"},
				"up": {"uv": [1, 8, 1.5, 8.5], "rotation": 270, "texture": "#0"},
				"down": {"uv": [1, 8, 1.5, 8.5], "rotation": 270, "texture": "#0"}
			}
		},
		{
			"name": "tendon",
			"from": [10.99913, 4.8436, 9.42371],
			"to": [11.23871, 8.28484, 9.85931],
			"rotation": {"angle": -22.5, "axis": "x", "origin": [11.08625, 8.28009, 3.34013]},
			"faces": {
				"north": {"uv": [1, 8, 1.5, 8.5], "rotation": 90, "texture": "#0"},
				"east": {"uv": [1, 8, 1.5, 8.5], "rotation": 270, "texture": "#0"},
				"south": {"uv": [1, 8, 1.5, 8.5], "rotation": 270, "texture": "#0"},
				"west": {"uv": [1, 8, 1.5, 8.5], "rotation": 270, "texture": "#0"},
				"up": {"uv": [1, 8, 1.5, 8.5], "rotation": 270, "texture": "#0"},
				"down": {"uv": [1, 8, 1.5, 8.5], "rotation": 270, "texture": "#0"}
			}
		},
		{
			"name": "tendon",
			"from": [11.01002, 11.31129, 12.47848],
			"to": [11.22782, 12.87945, 12.91408],
			"rotation": {"angle": 45, "axis": "x", "origin": [11.08625, 8.28009, 3.34013]},
			"faces": {
				"north": {"uv": [1, 8, 1.5, 8.5], "rotation": 90, "texture": "#0"},
				"east": {"uv": [1, 8, 1.5, 8.5], "rotation": 270, "texture": "#0"},
				"south": {"uv": [1, 8, 1.5, 8.5], "rotation": 270, "texture": "#0"},
				"west": {"uv": [1, 8, 1.5, 8.5], "rotation": 270, "texture": "#0"},
				"up": {"uv": [1, 8, 1.5, 8.5], "rotation": 270, "texture": "#0"},
				"down": {"uv": [1, 8, 1.5, 8.5], "rotation": 270, "texture": "#0"}
			}
		},
		{
			"name": "tendon",
			"from": [10.99913, 8.86016, 13.51483],
			"to": [11.23871, 10.46099, 13.95043],
			"rotation": {"angle": 22.5, "axis": "x", "origin": [11.08625, 8.28009, 3.34013]},
			"faces": {
				"north": {"uv": [1, 8, 1.5, 8.5], "rotation": 90, "texture": "#0"},
				"east": {"uv": [1, 8, 1.5, 8.5], "rotation": 270, "texture": "#0"},
				"south": {"uv": [1, 8, 1.5, 8.5], "rotation": 270, "texture": "#0"},
				"west": {"uv": [1, 8, 1.5, 8.5], "rotation": 270, "texture": "#0"},
				"up": {"uv": [1, 8, 1.5, 8.5], "rotation": 270, "texture": "#0"},
				"down": {"uv": [1, 8, 1.5, 8.5], "rotation": 270, "texture": "#0"}
			}
		},
		{
			"name": "tendon",
			"from": [11.01002, 7.80273, 9.94426],
			"to": [11.22782, 10.45989, 10.37986],
			"rotation": {"angle": 22.5, "axis": "x", "origin": [11.08625, 8.28009, 3.34013]},
			"faces": {
				"north": {"uv": [1, 8, 1.5, 8.5], "rotation": 90, "texture": "#0"},
				"east": {"uv": [1, 8, 1.5, 8.5], "rotation": 270, "texture": "#0"},
				"south": {"uv": [1, 8, 1.5, 8.5], "rotation": 270, "texture": "#0"},
				"west": {"uv": [1, 8, 1.5, 8.5], "rotation": 270, "texture": "#0"},
				"up": {"uv": [1, 8, 1.5, 8.5], "rotation": 270, "texture": "#0"},
				"down": {"uv": [1, 8, 1.5, 8.5], "rotation": 270, "texture": "#0"}
			}
		}
	],
	"display": {
		"head": {
			"translation": [0, -5.75, 0],
			"scale": [2.67, 2.67, 2.67]
		}
	},
	"groups": [
		{
			"name": "Head",
			"origin": [8, 8, 8],
			"children": [0, 1, 2, 3, 4, 5, 6, 7, 8, 9, 10, 11, 12, 13, 14, 15, 16, 17]
		},
		{
			"name": "Body",
			"origin": [10.875, 5.125, -1.925],
			"children": [18, 19, 20, 21, 22, 23, 24, 25, 26, 27, 28, 29, 30, 31, 32, 33, 34, 35, 36]
		},
		{
			"name": "Legs",
			"origin": [9.375, 5.125, -1.925],
			"children": [37, 38, 39, 40, 41, 42, 43, 44, 45, 46, 47, 48, 49, 50]
		},
		{
			"name": "Tail",
			"origin": [7.5, -1.66726, 14.37437],
			"children": [51, 52, 53]
		},
		{
			"name": "dragwingleft",
			"origin": [8, 8, 8],
			"children": [
				{
					"name": "dragonwingleft",
					"origin": [8, 8, 8],
					"children": [54, 55, 56, 57, 58, 59, 60, 61, 62, 63, 64, 65]
				}
			]
		},
		{
			"name": "dragwingright",
			"origin": [8, 8, 8],
			"children": [
				{
					"name": "dragonwingright",
					"origin": [8, 8, 8],
					"children": [66, 67, 68, 69, 70, 71, 72, 73, 74, 75, 76, 77]
				}
			]
		}
	]
}