{
	"credit": "Made with Blockbench",
	"textures": {
		"0": "blocks/p2blackdragon",
		"1": "blocks/p2blackdragonwingdown",
		"2": "blocks/p2blackdragonwingup",
		"particle": "blocks/p2blackdragon"
	},
	"elements": [
		{
			"from": [4.8, -2, 4],
			"to": [11.2, 6.8, 9.6],
			"rotation": {"angle": -22.5, "axis": "x", "origin": [8, 4.4, 8]},
			"faces": {
				"north": {"uv": [0, 8, 8, 16], "texture": "#0"},
				"east": {"uv": [2.5, 0, 8, 8], "texture": "#0"},
				"south": {"uv": [0, 0, 8, 8], "texture": "#0"},
				"west": {"uv": [0, 0, 5.5, 8], "texture": "#0"},
				"up": {"uv": [0, 0, 8, 7], "texture": "#0"},
				"down": {"uv": [0, 0, 8, 7], "texture": "#0"}
			}
		},
		{
			"from": [5, -2.8, 3.6],
			"to": [11, 4.4, 9.2],
			"rotation": {"angle": 0, "axis": "x", "origin": [8, 4.4, 8]},
			"faces": {
				"north": {"uv": [0, 8.5, 8, 16], "texture": "#0"},
				"east": {"uv": [2.5, 0, 8, 8], "texture": "#0"},
				"south": {"uv": [0, 0, 8, 8], "texture": "#0"},
				"west": {"uv": [0, 0, 5.5, 8], "texture": "#0"},
				"up": {"uv": [0, 0, 8, 7], "texture": "#0"},
				"down": {"uv": [0, 0, 8, 7], "texture": "#0"}
			}
		},
		{
			"from": [3.8, -3.6, 6.2],
			"to": [7, -0.4, 9.4],
			"rotation": {"angle": 45, "axis": "x", "origin": [5.4, -2, 7.6]},
			"faces": {
				"north": {"uv": [0, 0, 4, 4], "texture": "#0"},
				"east": {"uv": [0, 0, 4, 4], "texture": "#0"},
				"south": {"uv": [0, 0, 4, 4], "texture": "#0"},
				"west": {"uv": [0, 0, 4, 4], "texture": "#0"},
				"up": {"uv": [0, 0, 4, 4], "texture": "#0"},
				"down": {"uv": [0, 0, 4, 4], "texture": "#0"}
			}
		},
		{
			"from": [9, -3.6, 6.2],
			"to": [12.2, -0.4, 9.4],
			"rotation": {"angle": 45, "axis": "x", "origin": [5.4, -2, 7.6]},
			"faces": {
				"north": {"uv": [0, 0, 4, 4], "texture": "#0"},
				"east": {"uv": [0, 0, 4, 4], "texture": "#0"},
				"south": {"uv": [0, 0, 4, 4], "texture": "#0"},
				"west": {"uv": [0, 0, 4, 4], "texture": "#0"},
				"up": {"uv": [0, 0, 4, 4], "texture": "#0"},
				"down": {"uv": [0, 0, 4, 4], "texture": "#0"}
			}
		},
		{
			"from": [4.2, -3.2, 9.4],
			"to": [6.6, -0.8, 13.4],
			"rotation": {"angle": 45, "axis": "x", "origin": [5.4, -2, 7.6]},
			"faces": {
				"north": {"uv": [0, 0, 4, 4], "texture": "#0"},
				"east": {"uv": [0, 0, 5.5, 3], "texture": "#0"},
				"south": {"uv": [0, 0, 4, 4], "texture": "#0"},
				"west": {"uv": [0, 0, 5.5, 3], "texture": "#0"},
				"up": {"uv": [0, 0, 3, 5.5], "texture": "#0"},
				"down": {"uv": [0, 0, 3, 5.5], "texture": "#0"}
			}
		},
		{
			"from": [4.6, -9.74975, 8.95563],
			"to": [6.2, -5.34975, 10.55563],
			"rotation": {"angle": 22.5, "axis": "x", "origin": [5.4, -6.94975, 9.15563]},
			"faces": {
				"north": {"uv": [0, 0, 2, 5.5], "texture": "#0"},
				"east": {"uv": [2.5, 2.5, 5, 8], "texture": "#0"},
				"south": {"uv": [2, 0, 4, 5.5], "texture": "#0"},
				"west": {"uv": [5.5, 0, 8, 5.5], "texture": "#0"},
				"up": {"uv": [0, 0, 2, 2], "texture": "#0"},
				"down": {"uv": [0, 0, 2, 2], "texture": "#0"}
			}
		},
		{
			"from": [3.8, -10.2, 6.4],
			"to": [5.4, -9.4, 9.6],
			"rotation": {"angle": 22.5, "axis": "y", "origin": [4.6, -9.8, 8]},
			"faces": {
				"north": {"uv": [0, 0, 1.5, 1], "rotation": 180, "texture": "#0"},
				"east": {"uv": [0, 0, 1, 2.5], "rotation": 270, "texture": "#0"},
				"south": {"uv": [0, 0, 1.5, 1], "texture": "#0"},
				"west": {"uv": [0, 0, 1, 2.5], "rotation": 90, "texture": "#0"},
				"up": {"uv": [0, 0, 1.5, 2.5], "rotation": 180, "texture": "#0"},
				"down": {"uv": [0, 0, 1.5, 2.5], "texture": "#0"}
			}
		},
		{
			"from": [5.4, -10.2, 6.4],
			"to": [7, -9.4, 9.6],
			"rotation": {"angle": -22.5, "axis": "y", "origin": [6.2, -9.8, 8]},
			"faces": {
				"north": {"uv": [0, 0, 1.5, 1], "rotation": 180, "texture": "#0"},
				"east": {"uv": [0, 0, 1, 2.5], "rotation": 270, "texture": "#0"},
				"south": {"uv": [0, 0, 1.5, 1], "texture": "#0"},
				"west": {"uv": [0, 0, 1, 2.5], "rotation": 90, "texture": "#0"},
				"up": {"uv": [0, 0, 1.5, 2.5], "rotation": 180, "texture": "#0"},
				"down": {"uv": [0, 0, 1.5, 2.5], "texture": "#0"}
			}
		},
		{
			"from": [9.4, -3.2, 9.4],
			"to": [11.8, -0.8, 13.4],
			"rotation": {"angle": 45, "axis": "x", "origin": [10.6, -2, 7.6]},
			"faces": {
				"north": {"uv": [0, 0, 4, 4], "texture": "#0"},
				"east": {"uv": [0, 0, 5.5, 3], "texture": "#0"},
				"south": {"uv": [0, 0, 4, 4], "texture": "#0"},
				"west": {"uv": [0, 0, 5.5, 3], "texture": "#0"},
				"up": {"uv": [0, 0, 3, 5.5], "texture": "#0"},
				"down": {"uv": [0, 0, 3, 5.5], "texture": "#0"}
			}
		},
		{
			"from": [9.8, -9.74975, 8.95563],
			"to": [11.4, -5.34975, 10.55563],
			"rotation": {"angle": 22.5, "axis": "x", "origin": [10.6, -6.94975, 9.15563]},
			"faces": {
				"north": {"uv": [0, 0, 2, 5.5], "texture": "#0"},
				"east": {"uv": [2.5, 2.5, 5, 8], "texture": "#0"},
				"south": {"uv": [2, 0, 4, 5.5], "texture": "#0"},
				"west": {"uv": [5.5, 0, 8, 5.5], "texture": "#0"},
				"up": {"uv": [0, 0, 2, 2], "texture": "#0"},
				"down": {"uv": [0, 0, 2, 2], "texture": "#0"}
			}
		},
		{
			"from": [9, -10.2, 6.4],
			"to": [10.6, -9.4, 9.6],
			"rotation": {"angle": 22.5, "axis": "y", "origin": [9.8, -9.8, 8]},
			"faces": {
				"north": {"uv": [0, 0, 1.5, 1], "rotation": 180, "texture": "#0"},
				"east": {"uv": [0, 0, 1, 2.5], "rotation": 270, "texture": "#0"},
				"south": {"uv": [0, 0, 1.5, 1], "texture": "#0"},
				"west": {"uv": [0, 0, 1, 2.5], "rotation": 90, "texture": "#0"},
				"up": {"uv": [0, 0, 1.5, 2.5], "rotation": 180, "texture": "#0"},
				"down": {"uv": [0, 0, 1.5, 2.5], "texture": "#0"}
			}
		},
		{
			"from": [10.6, -10.2, 6.4],
			"to": [12.2, -9.4, 9.6],
			"rotation": {"angle": -22.5, "axis": "y", "origin": [11.4, -9.8, 8]},
			"faces": {
				"north": {"uv": [0, 0, 1.5, 1], "rotation": 180, "texture": "#0"},
				"east": {"uv": [0, 0, 1, 2.5], "rotation": 270, "texture": "#0"},
				"south": {"uv": [0, 0, 1.5, 1], "texture": "#0"},
				"west": {"uv": [0, 0, 1, 2.5], "rotation": 90, "texture": "#0"},
				"up": {"uv": [0, 0, 1.5, 2.5], "rotation": 180, "texture": "#0"},
				"down": {"uv": [0, 0, 1.5, 2.5], "texture": "#0"}
			}
		},
		{
			"from": [5.2, 5.1267, 4.18015],
			"to": [7.6, 7.5267, 6.58015],
			"rotation": {"angle": 22.5, "axis": "y", "origin": [6.4, 6.3267, 5.38015]},
			"faces": {
				"north": {"uv": [5, 0, 8, 3], "rotation": 180, "texture": "#0"},
				"east": {"uv": [0, 0, 3, 3], "rotation": 270, "texture": "#0"},
				"south": {"uv": [0, 4, 3, 7], "texture": "#0"},
				"west": {"uv": [4, 3.5, 7, 6.5], "rotation": 90, "texture": "#0"},
				"up": {"uv": [1.5, 0, 4.5, 3], "rotation": 180, "texture": "#0"},
				"down": {"uv": [2, 2, 5, 5], "texture": "#0"}
			}
		},
		{
			"from": [5.05, 7.0267, 3.68015],
			"to": [7.05, 9.0267, 5.68015],
			"rotation": {"angle": 22.5, "axis": "y", "origin": [5.7, 8.0267, 4.68015]},
			"faces": {
				"north": {"uv": [5, 2.5, 8, 5.5], "rotation": 180, "texture": "#0"},
				"east": {"uv": [5, 5, 8, 8], "rotation": 270, "texture": "#0"},
				"south": {"uv": [2, 4, 5, 7], "texture": "#0"},
				"west": {"uv": [2, 0.5, 5, 3.5], "rotation": 90, "texture": "#0"},
				"up": {"uv": [3.5, 0.5, 6.5, 3.5], "rotation": 180, "texture": "#0"},
				"down": {"uv": [1, 4, 4, 7], "texture": "#0"}
			}
		},
		{
			"from": [5.3, 8.2767, 2.68015],
			"to": [6.8, 9.7767, 4.18015],
			"rotation": {"angle": 22.5, "axis": "y", "origin": [5.7, 8.0267, 4.68015]},
			"faces": {
				"north": {"uv": [3, 2, 5.5, 4.5], "rotation": 180, "texture": "#0"},
				"east": {"uv": [5, 4.5, 7.5, 7], "rotation": 270, "texture": "#0"},
				"south": {"uv": [1, 5, 3.5, 7.5], "texture": "#0"},
				"west": {"uv": [5, 1.5, 7.5, 4], "rotation": 90, "texture": "#0"},
				"up": {"uv": [5.5, 0, 8, 2.5], "rotation": 180, "texture": "#0"},
				"down": {"uv": [1, 1, 3.5, 3.5], "texture": "#0"}
			}
		},
		{
			"from": [8.80868, 5.1267, 4.26564],
			"to": [11.20868, 7.5267, 6.66564],
			"rotation": {"angle": -22.5, "axis": "y", "origin": [9.98945, 7.79337, 4.43924]},
			"faces": {
				"north": {"uv": [5, 0, 8, 3], "rotation": 180, "texture": "#0"},
				"east": {"uv": [0, 0, 3, 3], "rotation": 270, "texture": "#0"},
				"south": {"uv": [0, 4, 3, 7], "texture": "#0"},
				"west": {"uv": [4, 3.5, 7, 6.5], "rotation": 90, "texture": "#0"},
				"up": {"uv": [1.5, 0, 4.5, 3], "rotation": 180, "texture": "#0"},
				"down": {"uv": [2, 2, 5, 5], "texture": "#0"}
			}
		},
		{
			"from": [8.97984, 7.0267, 3.55104],
			"to": [10.97984, 9.0267, 5.55104],
			"rotation": {"angle": -22.5, "axis": "y", "origin": [9.98945, 7.79337, 4.43924]},
			"faces": {
				"north": {"uv": [5, 2.5, 8, 5.5], "rotation": 180, "texture": "#0"},
				"east": {"uv": [5, 5, 8, 8], "rotation": 270, "texture": "#0"},
				"south": {"uv": [2, 4, 5, 7], "texture": "#0"},
				"west": {"uv": [2, 0.5, 5, 3.5], "rotation": 90, "texture": "#0"},
				"up": {"uv": [3.5, 0.5, 6.5, 3.5], "rotation": 180, "texture": "#0"},
				"down": {"uv": [1, 4, 4, 7], "texture": "#0"}
			}
		},
		{
			"from": [9.22984, 8.2767, 2.55104],
			"to": [10.72984, 9.7767, 4.05104],
			"rotation": {"angle": -22.5, "axis": "y", "origin": [9.98945, 7.79337, 4.43924]},
			"faces": {
				"north": {"uv": [3, 2, 5.5, 4.5], "rotation": 180, "texture": "#0"},
				"east": {"uv": [5, 4.5, 7.5, 7], "rotation": 270, "texture": "#0"},
				"south": {"uv": [1, 5, 3.5, 7.5], "texture": "#0"},
				"west": {"uv": [5, 1.5, 7.5, 4], "rotation": 90, "texture": "#0"},
				"up": {"uv": [5.5, 0, 8, 2.5], "rotation": 180, "texture": "#0"},
				"down": {"uv": [1, 1, 3.5, 3.5], "texture": "#0"}
			}
		},
		{
			"from": [7.80868, 7.1267, -2.73436],
			"to": [12.20868, 8.5267, 2.66564],
			"rotation": {"angle": -22.5, "axis": "y", "origin": [9.98945, 7.79337, 4.43924]},
			"faces": {
				"north": {"uv": [3.5, 0, 8, 1.5], "rotation": 180, "texture": "#0"},
				"east": {"uv": [0, 0, 1.5, 5], "rotation": 270, "texture": "#0"},
				"south": {"uv": [0, 5.5, 4.5, 7], "texture": "#0"},
				"west": {"uv": [4, 1.5, 5.5, 6.5], "rotation": 90, "texture": "#0"},
				"up": {"uv": [8, 1, 13, 6], "texture": "#0"},
				"down": {"uv": [2, 0.5, 6.5, 5], "texture": "#0"}
			}
		},
		{
			"from": [8.30868, 6.7267, -1.73436],
			"to": [11.70868, 7.1267, 1.66564],
			"rotation": {"angle": -22.5, "axis": "y", "origin": [9.98945, 7.79337, 4.43924]},
			"faces": {
				"north": {"uv": [1, 1, 5, 1.5], "rotation": 180, "texture": "#0"},
				"east": {"uv": [0, 1, 0.5, 5], "rotation": 270, "texture": "#0"},
				"south": {"uv": [0, 6.5, 4, 7], "texture": "#0"},
				"west": {"uv": [4, 2.5, 4.5, 6.5], "rotation": 90, "texture": "#0"},
				"up": {"uv": [2, 0.5, 6.5, 5], "texture": "#0"},
				"down": {"uv": [2, 0.5, 6.5, 5], "texture": "#0"}
			}
		},
		{
			"from": [7.80868, 8.5267, -1.98436],
			"to": [12.20868, 9.9267, 2.66564],
			"rotation": {"angle": -22.5, "axis": "y", "origin": [9.98945, 7.79337, 4.43924]},
			"faces": {
				"north": {"uv": [3, 3.5, 6.5, 5], "rotation": 180, "texture": "#0"},
				"east": {"uv": [4.5, 2, 6, 6.5], "rotation": 270, "texture": "#0"},
				"south": {"uv": [0, 5.5, 4, 7], "texture": "#0"},
				"west": {"uv": [4, 2, 5.5, 6.5], "rotation": 90, "texture": "#0"},
				"up": {"uv": [2, 0.5, 6.5, 5], "texture": "#0"},
				"down": {"uv": [8.5, 0.5, 11.5, 2], "texture": "#0"}
			}
		},
		{
			"from": [8.30868, 9.9267, -1.73436],
			"to": [11.70868, 10.8267, 2.66564],
			"rotation": {"angle": -22.5, "axis": "y", "origin": [9.98945, 7.79337, 4.43924]},
			"faces": {
				"north": {"uv": [3, 5, 6.5, 6], "rotation": 180, "texture": "#0"},
				"east": {"uv": [4.5, 2.5, 5.5, 7], "rotation": 270, "texture": "#0"},
				"south": {"uv": [0, 4.5, 3.5, 5.5], "texture": "#0"},
				"west": {"uv": [6.5, 2.5, 7.5, 7], "rotation": 90, "texture": "#0"},
				"up": {"uv": [2, 1, 5.5, 5], "texture": "#0"},
				"down": {"uv": [8.5, 0.5, 11.5, 2], "texture": "#0"}
			}
		},
		{
			"from": [9.5, 8.5, -2.4],
			"to": [10.2, 9.3, -1.75],
			"rotation": {"angle": -22.5, "axis": "y", "origin": [11.5, 11.5, 0.5]},
			"faces": {
				"north": {"uv": [14, 1, 14.8, 1.8], "texture": "#0"},
				"east": {"uv": [14.5, 1, 15.2, 1.8], "texture": "#0"},
				"south": {"uv": [14, 0.5, 14.8, 1.3], "texture": "#0"},
				"west": {"uv": [14, 1, 14.7, 1.8], "texture": "#0"},
				"up": {"uv": [14, 1, 14.8, 1.7], "texture": "#0"},
				"down": {"uv": [14.5, 0.5, 15.3, 1.2], "texture": "#0"}
			}
		},
		{
			"from": [13.07, 8.5, -2.4],
			"to": [13.77, 9.3, -1.75],
			"rotation": {"angle": -22.5, "axis": "y", "origin": [11.5, 11.5, 0.5]},
			"faces": {
				"north": {"uv": [14, 1, 14.8, 1.8], "texture": "#0"},
				"east": {"uv": [14.5, 1, 15.2, 1.8], "texture": "#0"},
				"south": {"uv": [14, 0.5, 14.8, 1.3], "texture": "#0"},
				"west": {"uv": [14, 1, 14.7, 1.8], "texture": "#0"},
				"up": {"uv": [14, 1, 14.8, 1.7], "texture": "#0"},
				"down": {"uv": [14.5, 0.5, 15.3, 1.2], "texture": "#0"}
			}
		},
		{
			"from": [13.12, 9.5, 0.95],
			"to": [14.12, 10.5, 1.95],
			"rotation": {"angle": -22.5, "axis": "y", "origin": [11.5, 11.5, 0.5]},
			"faces": {
				"north": {"uv": [14, 1, 14.8, 1.8], "texture": "#0"},
				"east": {"uv": [14.5, 1, 15.2, 1.8], "texture": "#0"},
				"south": {"uv": [14, 0.5, 14.8, 1.3], "texture": "#0"},
				"west": {"uv": [14, 1, 14.7, 1.8], "texture": "#0"},
				"up": {"uv": [14, 1, 14.8, 1.7], "texture": "#0"},
				"down": {"uv": [14.5, 0.5, 15.3, 1.2], "texture": "#0"}
			}
		},
		{
			"from": [9.12, 9.5, 0.95],
			"to": [10.12, 10.5, 1.95],
			"rotation": {"angle": -22.5, "axis": "y", "origin": [11.5, 11.5, 0.5]},
			"faces": {
				"north": {"uv": [14, 1, 14.8, 1.8], "texture": "#0"},
				"east": {"uv": [14.5, 1, 15.2, 1.8], "texture": "#0"},
				"south": {"uv": [14, 0.5, 14.8, 1.3], "texture": "#0"},
				"west": {"uv": [14, 1, 14.7, 1.8], "texture": "#0"},
				"up": {"uv": [14, 1, 14.8, 1.7], "texture": "#0"},
				"down": {"uv": [14.5, 0.5, 15.3, 1.2], "texture": "#0"}
			}
		},
		{
			"from": [9.02, 9.75, 1.3],
			"to": [9.12, 10.25, 1.8],
			"rotation": {"angle": -22.5, "axis": "y", "origin": [11.5, 11.5, 0.5]},
			"faces": {
				"north": {"uv": [14, 4, 14.8, 4.8], "texture": "#0"},
				"east": {"uv": [14.5, 4, 15.2, 4.8], "texture": "#0"},
				"south": {"uv": [14, 4, 14.8, 4.8], "texture": "#0"},
				"west": {"uv": [14.5, 4, 15.2, 4.8], "texture": "#0"},
				"up": {"uv": [14, 4, 14.8, 4.7], "texture": "#0"},
				"down": {"uv": [14, 4, 14.8, 4.7], "texture": "#0"}
			}
		},
		{
			"from": [14.12, 9.75, 1.3],
			"to": [14.22, 10.25, 1.8],
			"rotation": {"angle": -22.5, "axis": "y", "origin": [11.5, 11.5, 0.5]},
			"faces": {
				"north": {"uv": [14, 4, 14.8, 4.8], "texture": "#0"},
				"east": {"uv": [14.5, 4, 15.2, 4.8], "texture": "#0"},
				"south": {"uv": [14, 4, 14.8, 4.8], "texture": "#0"},
				"west": {"uv": [14.5, 4, 15.2, 4.8], "texture": "#0"},
				"up": {"uv": [14, 4, 14.8, 4.7], "texture": "#0"},
				"down": {"uv": [14, 4, 14.8, 4.7], "texture": "#0"}
			}
		},
		{
			"from": [12.17, 10.75, 1.85],
			"to": [12.87, 11.75, 2.5],
			"rotation": {"angle": -22.5, "axis": "y", "origin": [11.5, 11.5, 0.5]},
			"faces": {
				"north": {"uv": [9, 0.5, 9.8, 1.3], "texture": "#0"},
				"east": {"uv": [9.5, 0.5, 10.2, 1.3], "texture": "#0"},
				"south": {"uv": [8.5, 0.5, 9.3, 1.3], "texture": "#0"},
				"west": {"uv": [9, 0.5, 9.7, 1.3], "texture": "#0"},
				"up": {"uv": [9, 0.5, 9.8, 1.2], "texture": "#0"},
				"down": {"uv": [9.5, 1, 10.3, 1.7], "texture": "#0"}
			}
		},
		{
			"from": [10.42, 10.75, 1.85],
			"to": [11.12, 11.75, 2.5],
			"rotation": {"angle": -22.5, "axis": "y", "origin": [11.5, 11.5, 0.5]},
			"faces": {
				"north": {"uv": [9, 0.5, 9.8, 1.3], "texture": "#0"},
				"east": {"uv": [9.5, 0.5, 10.2, 1.3], "texture": "#0"},
				"south": {"uv": [8.5, 0.5, 9.3, 1.3], "texture": "#0"},
				"west": {"uv": [9, 0.5, 9.7, 1.3], "texture": "#0"},
				"up": {"uv": [9, 0.5, 9.8, 1.2], "texture": "#0"},
				"down": {"uv": [9.5, 1, 10.3, 1.7], "texture": "#0"}
			}
		},
		{
			"from": [2.35583, 7.1267, -2.71927],
			"to": [6.75583, 8.5267, 2.68073],
			"rotation": {"angle": 22.5, "axis": "y", "origin": [5.30507, 9.55473, 0.70775]},
			"faces": {
				"north": {"uv": [3.5, 0, 8, 1.5], "rotation": 180, "texture": "#0"},
				"east": {"uv": [0, 0, 1.5, 5], "rotation": 270, "texture": "#0"},
				"south": {"uv": [0, 5.5, 4.5, 7], "texture": "#0"},
				"west": {"uv": [4, 1.5, 5.5, 6.5], "rotation": 90, "texture": "#0"},
				"up": {"uv": [8, 1, 13, 6], "texture": "#0"},
				"down": {"uv": [2, 0.5, 6.5, 5], "texture": "#0"}
			}
		},
		{
			"from": [2.85583, 6.7267, -1.71927],
			"to": [6.25583, 7.1267, 1.68073],
			"rotation": {"angle": 22.5, "axis": "y", "origin": [5.30507, 9.55473, 0.70775]},
			"faces": {
				"north": {"uv": [1, 1, 5, 1.5], "rotation": 180, "texture": "#0"},
				"east": {"uv": [0, 1, 0.5, 5], "rotation": 270, "texture": "#0"},
				"south": {"uv": [0, 6.5, 4, 7], "texture": "#0"},
				"west": {"uv": [4, 2.5, 4.5, 6.5], "rotation": 90, "texture": "#0"},
				"up": {"uv": [2, 0.5, 6.5, 5], "texture": "#0"},
				"down": {"uv": [2, 0.5, 6.5, 5], "texture": "#0"}
			}
		},
		{
			"from": [2.35583, 8.5267, -1.96927],
			"to": [6.75583, 9.9267, 2.68073],
			"rotation": {"angle": 22.5, "axis": "y", "origin": [5.30507, 9.55473, 0.70775]},
			"faces": {
				"north": {"uv": [3, 3.5, 6.5, 5], "rotation": 180, "texture": "#0"},
				"east": {"uv": [4.5, 2, 6, 6.5], "rotation": 270, "texture": "#0"},
				"south": {"uv": [0, 5.5, 4, 7], "texture": "#0"},
				"west": {"uv": [4, 2, 5.5, 6.5], "rotation": 90, "texture": "#0"},
				"up": {"uv": [2, 0.5, 6.5, 5], "texture": "#0"},
				"down": {"uv": [8.5, 0.5, 11.5, 2], "texture": "#0"}
			}
		},
		{
			"from": [2.85583, 9.9267, -1.71927],
			"to": [6.25583, 10.8267, 2.68073],
			"rotation": {"angle": 22.5, "axis": "y", "origin": [5.30507, 9.55473, 0.70775]},
			"faces": {
				"north": {"uv": [3, 5, 6.5, 6], "rotation": 180, "texture": "#0"},
				"east": {"uv": [4.5, 2.5, 5.5, 7], "rotation": 270, "texture": "#0"},
				"south": {"uv": [0, 4.5, 3.5, 5.5], "texture": "#0"},
				"west": {"uv": [6.5, 2.5, 7.5, 7], "rotation": 90, "texture": "#0"},
				"up": {"uv": [2, 1, 5.5, 5], "texture": "#0"},
				"down": {"uv": [8.5, 0.5, 11.5, 2], "texture": "#0"}
			}
		},
		{
			"from": [2.42469, 8.5, -2.66311],
			"to": [3.12469, 9.3, -2.01311],
			"rotation": {"angle": 22.5, "axis": "y", "origin": [5.30507, 9.55473, 0.70775]},
			"faces": {
				"north": {"uv": [14, 1, 14.8, 1.8], "texture": "#0"},
				"east": {"uv": [14.5, 1, 15.2, 1.8], "texture": "#0"},
				"south": {"uv": [14, 0.5, 14.8, 1.3], "texture": "#0"},
				"west": {"uv": [14, 1, 14.7, 1.8], "texture": "#0"},
				"up": {"uv": [14, 1, 14.8, 1.7], "texture": "#0"},
				"down": {"uv": [14.5, 0.5, 15.3, 1.2], "texture": "#0"}
			}
		},
		{
			"from": [5.99469, 8.5, -2.66311],
			"to": [6.69469, 9.3, -2.01311],
			"rotation": {"angle": 22.5, "axis": "y", "origin": [5.30507, 9.55473, 0.70775]},
			"faces": {
				"north": {"uv": [14, 1, 14.8, 1.8], "texture": "#0"},
				"east": {"uv": [14.5, 1, 15.2, 1.8], "texture": "#0"},
				"south": {"uv": [14, 0.5, 14.8, 1.3], "texture": "#0"},
				"west": {"uv": [14, 1, 14.7, 1.8], "texture": "#0"},
				"up": {"uv": [14, 1, 14.8, 1.7], "texture": "#0"},
				"down": {"uv": [14.5, 0.5, 15.3, 1.2], "texture": "#0"}
			}
		},
		{
			"from": [6.04469, 9.5, 0.68689],
			"to": [7.04469, 10.5, 1.68689],
			"rotation": {"angle": 22.5, "axis": "y", "origin": [5.30507, 9.55473, 0.70775]},
			"faces": {
				"north": {"uv": [14, 1, 14.8, 1.8], "texture": "#0"},
				"east": {"uv": [14.5, 1, 15.2, 1.8], "texture": "#0"},
				"south": {"uv": [14, 0.5, 14.8, 1.3], "texture": "#0"},
				"west": {"uv": [14, 1, 14.7, 1.8], "texture": "#0"},
				"up": {"uv": [14, 1, 14.8, 1.7], "texture": "#0"},
				"down": {"uv": [14.5, 0.5, 15.3, 1.2], "texture": "#0"}
			}
		},
		{
			"from": [2.04469, 9.5, 0.68689],
			"to": [3.04469, 10.5, 1.68689],
			"rotation": {"angle": 22.5, "axis": "y", "origin": [5.30507, 9.55473, 0.70775]},
			"faces": {
				"north": {"uv": [14, 1, 14.8, 1.8], "texture": "#0"},
				"east": {"uv": [14.5, 1, 15.2, 1.8], "texture": "#0"},
				"south": {"uv": [14, 0.5, 14.8, 1.3], "texture": "#0"},
				"west": {"uv": [14, 1, 14.7, 1.8], "texture": "#0"},
				"up": {"uv": [14, 1, 14.8, 1.7], "texture": "#0"},
				"down": {"uv": [14.5, 0.5, 15.3, 1.2], "texture": "#0"}
			}
		},
		{
			"from": [1.94469, 9.75, 1.03689],
			"to": [2.04469, 10.25, 1.53689],
			"rotation": {"angle": 22.5, "axis": "y", "origin": [5.30507, 9.55473, 0.70775]},
			"faces": {
				"north": {"uv": [14, 4, 14.8, 4.8], "texture": "#0"},
				"east": {"uv": [14.5, 4, 15.2, 4.8], "texture": "#0"},
				"south": {"uv": [14, 4, 14.8, 4.8], "texture": "#0"},
				"west": {"uv": [14.5, 4, 15.2, 4.8], "texture": "#0"},
				"up": {"uv": [14, 4, 14.8, 4.7], "texture": "#0"},
				"down": {"uv": [14, 4, 14.8, 4.7], "texture": "#0"}
			}
		},
		{
			"from": [7.04469, 9.75, 1.03689],
			"to": [7.14469, 10.25, 1.53689],
			"rotation": {"angle": 22.5, "axis": "y", "origin": [5.30507, 9.55473, 0.70775]},
			"faces": {
				"north": {"uv": [14, 4, 14.8, 4.8], "texture": "#0"},
				"east": {"uv": [14.5, 4, 15.2, 4.8], "texture": "#0"},
				"south": {"uv": [14, 4, 14.8, 4.8], "texture": "#0"},
				"west": {"uv": [14.5, 4, 15.2, 4.8], "texture": "#0"},
				"up": {"uv": [14, 4, 14.8, 4.7], "texture": "#0"},
				"down": {"uv": [14, 4, 14.8, 4.7], "texture": "#0"}
			}
		},
		{
			"from": [5.09469, 10.75, 1.58689],
			"to": [5.79469, 11.75, 2.23689],
			"rotation": {"angle": 22.5, "axis": "y", "origin": [5.30507, 9.55473, 0.70775]},
			"faces": {
				"north": {"uv": [9, 0.5, 9.8, 1.3], "texture": "#0"},
				"east": {"uv": [9.5, 0.5, 10.2, 1.3], "texture": "#0"},
				"south": {"uv": [8.5, 0.5, 9.3, 1.3], "texture": "#0"},
				"west": {"uv": [9, 0.5, 9.7, 1.3], "texture": "#0"},
				"up": {"uv": [9, 0.5, 9.8, 1.2], "texture": "#0"},
				"down": {"uv": [9.5, 1, 10.3, 1.7], "texture": "#0"}
			}
		},
		{
			"from": [3.34469, 10.75, 1.58689],
			"to": [4.04469, 11.75, 2.23689],
			"rotation": {"angle": 22.5, "axis": "y", "origin": [5.30507, 9.55473, 0.70775]},
			"faces": {
				"north": {"uv": [9, 0.5, 9.8, 1.3], "texture": "#0"},
				"east": {"uv": [9.5, 0.5, 10.2, 1.3], "texture": "#0"},
				"south": {"uv": [8.5, 0.5, 9.3, 1.3], "texture": "#0"},
				"west": {"uv": [9, 0.5, 9.7, 1.3], "texture": "#0"},
				"up": {"uv": [9, 0.5, 9.8, 1.2], "texture": "#0"},
				"down": {"uv": [9.5, 1, 10.3, 1.7], "texture": "#0"}
			}
		},
		{
			"from": [6.8, -4.26414, 13.61035],
			"to": [9.2, 0.53586, 16.21035],
			"rotation": {"angle": -45, "axis": "x", "origin": [8, -5.36414, 12.91035]},
			"faces": {
				"north": {"uv": [3, 0, 6.5, 8], "texture": "#0"},
				"east": {"uv": [4.5, 0, 8, 8], "texture": "#0"},
				"south": {"uv": [0, 0, 3.5, 8], "texture": "#0"},
				"west": {"uv": [2, 0, 5.5, 8], "texture": "#0"},
				"up": {"uv": [4, 1.5, 7, 5], "texture": "#0"},
				"down": {"uv": [0, 0, 3, 3.5], "texture": "#0"}
			}
		},
		{
			"from": [7.05, -4.91917, 12.59381],
			"to": [8.95, -2.81917, 17.39381],
			"rotation": {"angle": 22.5, "axis": "x", "origin": [8, -4.86917, 15.24381]},
			"faces": {
				"north": {"uv": [4, 1.5, 7, 5], "rotation": 180, "texture": "#0"},
				"east": {"uv": [4.5, 0, 8, 8], "rotation": 90, "texture": "#0"},
				"south": {"uv": [0, 0, 3, 3.5], "texture": "#0"},
				"west": {"uv": [2, 0, 5.5, 8], "rotation": 270, "texture": "#0"},
				"up": {"uv": [0, 0, 3.5, 8], "texture": "#0"},
				"down": {"uv": [3, 0, 6.5, 8], "rotation": 180, "texture": "#0"}
			}
		},
		{
			"from": [7.3, -4.66917, 17.39381],
			"to": [8.7, -3.06917, 20.19381],
			"rotation": {"angle": 22.5, "axis": "x", "origin": [8, -4.86917, 15.24381]},
			"faces": {
				"north": {"uv": [5, 4, 7.5, 7], "rotation": 180, "texture": "#0"},
				"east": {"uv": [5.5, 3, 8, 8], "rotation": 90, "texture": "#0"},
				"south": {"uv": [2, 1.5, 4.5, 4.5], "texture": "#0"},
				"west": {"uv": [2, 0, 4.5, 5], "rotation": 270, "texture": "#0"},
				"up": {"uv": [0, 3, 2.5, 8], "texture": "#0"},
				"down": {"uv": [4, 3, 6.5, 8], "rotation": 180, "texture": "#0"}
			}
		},
		{
			"name": "joint",
			"from": [3.51252, 4.40512, 6.4574],
			"to": [4.83252, 6.38512, 8.4374],
			"rotation": {"angle": 0, "axis": "y", "origin": [4.18902, 5.3635, 6.31838]},
			"faces": {
				"north": {"uv": [10, 0.5, 9, 1.5], "rotation": 270, "texture": "#0"},
				"east": {"uv": [10, 0.5, 9, 1.5], "rotation": 270, "texture": "#0"},
				"south": {"uv": [9.5, 0.5, 8.5, 1.5], "rotation": 90, "texture": "#0"},
				"west": {"uv": [11, 0.5, 10, 1.5], "rotation": 270, "texture": "#0"},
				"up": {"uv": [9.5, 0.5, 8.5, 1.5], "rotation": 90, "texture": "#0"},
				"down": {"uv": [10, 0.5, 9, 1.5], "rotation": 90, "texture": "#0"}
			}
		},
		{
			"name": "bone",
			"from": [3.67752, 5.65603, 7.52788],
			"to": [4.66752, 6.64603, 14.12788],
			"rotation": {"angle": 45, "axis": "x", "origin": [4.18902, 5.3635, 6.31838]},
			"faces": {
				"north": {"uv": [10, 0.5, 9, 1.5], "rotation": 270, "texture": "#0"},
				"east": {"uv": [10, 0.5, 9, 1.5], "rotation": 270, "texture": "#0"},
				"south": {"uv": [9.5, 0.5, 8.5, 1.5], "rotation": 90, "texture": "#0"},
				"west": {"uv": [11, 0.5, 10, 1.5], "rotation": 270, "texture": "#0"},
				"up": {"uv": [9.5, 0.5, 8.5, 1.5], "rotation": 90, "texture": "#0"},
				"down": {"uv": [10, 0.5, 9, 1.5], "rotation": 90, "texture": "#0"}
			}
		},
		{
			"name": "bone",
			"from": [3.71052, 0.11295, 11.9384],
			"to": [4.66752, 1.10295, 14.1434],
			"rotation": {"angle": 0, "axis": "y", "origin": [4.18902, 1.35795, 13.9159]},
			"faces": {
				"north": {"uv": [10, 0.5, 9, 1.5], "rotation": 270, "texture": "#0"},
				"east": {"uv": [9, 1.5, 10, 0.5], "texture": "#0"},
				"south": {"uv": [9.5, 0.5, 8.5, 1.5], "rotation": 90, "texture": "#0"},
				"west": {"uv": [10, 1.5, 11, 0.5], "rotation": 180, "texture": "#0"},
				"up": {"uv": [9.5, 0.5, 8.5, 1.5], "rotation": 90, "texture": "#0"},
				"down": {"uv": [10, 0.5, 9, 1.5], "rotation": 90, "texture": "#0"}
			}
		},
		{
			"name": "bone",
			"from": [3.71052, 0.66295, 13.7384],
			"to": [4.66752, 1.65295, 16.6434],
			"rotation": {"angle": -22.5, "axis": "x", "origin": [4.18902, 1.35795, 15.2409]},
			"faces": {
				"north": {"uv": [10, 0.5, 9, 1.5], "rotation": 270, "texture": "#0"},
				"east": {"uv": [9, 1.5, 10, 0.5], "texture": "#0"},
				"south": {"uv": [9.5, 0.5, 8.5, 1.5], "rotation": 90, "texture": "#0"},
				"west": {"uv": [10, 1.5, 11, 0.5], "rotation": 180, "texture": "#0"},
				"up": {"uv": [9.5, 0.5, 8.5, 1.5], "rotation": 90, "texture": "#0"},
				"down": {"uv": [10, 0.5, 9, 1.5], "rotation": 90, "texture": "#0"}
			}
		},
		{
			"name": "bone",
			"from": [3.74352, 9.91288, 15.77011],
			"to": [4.66752, 19.28488, 16.76011],
			"rotation": {"angle": 45, "axis": "x", "origin": [4.22202, 5.41703, 6.28261]},
			"faces": {
				"north": {"uv": [10, 0.5, 9, 1.5], "rotation": 270, "texture": "#0"},
				"east": {"uv": [10, 0.5, 9, 1.5], "rotation": 270, "texture": "#0"},
				"south": {"uv": [9.5, 0.5, 8.5, 1.5], "rotation": 90, "texture": "#0"},
				"west": {"uv": [11, 0.5, 10, 1.5], "rotation": 270, "texture": "#0"},
				"up": {"uv": [9.5, 0.5, 8.5, 1.5], "rotation": 90, "texture": "#0"},
				"down": {"uv": [10, 0.5, 9, 1.5], "rotation": 90, "texture": "#0"}
			}
		},
		{
			"name": "bone",
			"from": [3.80952, 10.14812, 21.22631],
			"to": [4.66752, 13.98812, 22.21631],
			"rotation": {"angle": -45, "axis": "x", "origin": [4.23852, 12.16812, 21.22131]},
			"faces": {
				"north": {"uv": [10, 0.5, 9, 1.5], "rotation": 270, "texture": "#0"},
				"east": {"uv": [10, 0.5, 9, 1.5], "rotation": 270, "texture": "#0"},
				"south": {"uv": [9.5, 0.5, 8.5, 1.5], "rotation": 90, "texture": "#0"},
				"west": {"uv": [11, 0.5, 10, 1.5], "rotation": 270, "texture": "#0"},
				"up": {"uv": [9.5, 0.5, 8.5, 1.5], "rotation": 90, "texture": "#0"},
				"down": {"uv": [10, 0.5, 9, 1.5], "rotation": 90, "texture": "#0"}
			}
		},
		{
			"name": "bone",
			"from": [3.80952, 7.82648, 22.37436],
			"to": [4.66752, 11.46648, 23.36436],
			"rotation": {"angle": 0, "axis": "y", "origin": [4.23852, 9.39648, 22.36936]},
			"faces": {
				"north": {"uv": [10, 0.5, 9, 1.5], "rotation": 270, "texture": "#0"},
				"east": {"uv": [10, 0.5, 9, 1.5], "rotation": 270, "texture": "#0"},
				"south": {"uv": [9.5, 0.5, 8.5, 1.5], "rotation": 90, "texture": "#0"},
				"west": {"uv": [11, 0.5, 10, 1.5], "rotation": 270, "texture": "#0"},
				"up": {"uv": [9.5, 0.5, 8.5, 1.5], "rotation": 90, "texture": "#0"},
				"down": {"uv": [10, 0.5, 9, 1.5], "rotation": 90, "texture": "#0"}
			}
		},
		{
			"name": "flap",
			"from": [4.20552, 1.10512, 8.4374],
			"to": [4.25552, 13.97512, 24.6074],
			"rotation": {"angle": 0, "axis": "y", "origin": [4.18902, 5.3635, 6.31838]},
			"faces": {
				"north": {"uv": [9.058, 0.941, 0.471, 1.691], "rotation": 270, "texture": "#1"},
				"east": {"uv": [16, 0, 0, 16], "rotation": 270, "texture": "#2"},
				"south": {"uv": [8.117, 0.941, 0.941, 1.691], "rotation": 90, "texture": "#1"},
				"west": {"uv": [16, 0, 0, 16], "rotation": 270, "texture": "#1"},
				"up": {"uv": [3.883, 1.412, 1.883, 2.162], "rotation": 90, "texture": "#1"},
				"down": {"uv": [2.941, 0.941, 0.941, 1.691], "rotation": 90, "texture": "#1"}
			}
		},
		{
			"name": "tendon",
			"from": [3.95802, 0.74851, 12.2916],
			"to": [4.32102, 4.31251, 12.9516],
			"rotation": {"angle": 0, "axis": "y", "origin": [4.13952, 2.53051, 12.6216]},
			"faces": {
				"north": {"uv": [10, 0.5, 9, 1.5], "rotation": 270, "texture": "#0"},
				"east": {"uv": [10, 0.5, 9, 1.5], "rotation": 270, "texture": "#0"},
				"south": {"uv": [9.5, 0.5, 8.5, 1.5], "rotation": 90, "texture": "#0"},
				"west": {"uv": [11, 0.5, 10, 1.5], "rotation": 270, "texture": "#0"},
				"up": {"uv": [9.5, 0.5, 8.5, 1.5], "rotation": 90, "texture": "#0"},
				"down": {"uv": [10, 0.5, 9, 1.5], "rotation": 90, "texture": "#0"}
			}
		},
		{
			"name": "tendon",
			"from": [3.97452, 1.61075, 11.34108],
			"to": [4.30452, 4.16475, 12.00108],
			"rotation": {"angle": -22.5, "axis": "x", "origin": [4.18902, 5.3635, 6.31838]},
			"faces": {
				"north": {"uv": [10, 0.5, 9, 1.5], "rotation": 270, "texture": "#0"},
				"east": {"uv": [10, 0.5, 9, 1.5], "rotation": 270, "texture": "#0"},
				"south": {"uv": [9.5, 0.5, 8.5, 1.5], "rotation": 90, "texture": "#0"},
				"west": {"uv": [11, 0.5, 10, 1.5], "rotation": 270, "texture": "#0"},
				"up": {"uv": [9.5, 0.5, 8.5, 1.5], "rotation": 90, "texture": "#0"},
				"down": {"uv": [10, 0.5, 9, 1.5], "rotation": 90, "texture": "#0"}
			}
		},
		{
			"name": "tendon",
			"from": [3.95802, 1.50471, 15.80407],
			"to": [4.32102, 6.71871, 16.46407],
			"rotation": {"angle": 0, "axis": "y", "origin": [4.13952, 4.11171, 16.13407]},
			"faces": {
				"north": {"uv": [10, 0.5, 9, 1.5], "rotation": 270, "texture": "#0"},
				"east": {"uv": [10, 0.5, 9, 1.5], "rotation": 270, "texture": "#0"},
				"south": {"uv": [9.5, 0.5, 8.5, 1.5], "rotation": 90, "texture": "#0"},
				"west": {"uv": [11, 0.5, 10, 1.5], "rotation": 270, "texture": "#0"},
				"up": {"uv": [9.5, 0.5, 8.5, 1.5], "rotation": 90, "texture": "#0"},
				"down": {"uv": [10, 0.5, 9, 1.5], "rotation": 90, "texture": "#0"}
			}
		},
		{
			"name": "tendon",
			"from": [3.97452, -2.35522, 17.66436],
			"to": [4.30452, 0.02078, 18.32436],
			"rotation": {"angle": -45, "axis": "x", "origin": [4.18902, 5.3635, 6.31838]},
			"faces": {
				"north": {"uv": [10, 0.5, 9, 1.5], "rotation": 270, "texture": "#0"},
				"east": {"uv": [10, 0.5, 9, 1.5], "rotation": 270, "texture": "#0"},
				"south": {"uv": [9.5, 0.5, 8.5, 1.5], "rotation": 90, "texture": "#0"},
				"west": {"uv": [11, 0.5, 10, 1.5], "rotation": 270, "texture": "#0"},
				"up": {"uv": [9.5, 0.5, 8.5, 1.5], "rotation": 90, "texture": "#0"},
				"down": {"uv": [10, 0.5, 9, 1.5], "rotation": 90, "texture": "#0"}
			}
		},
		{
			"name": "tendon",
			"from": [3.95802, 0.55911, 19.73459],
			"to": [4.32102, 2.98461, 20.39459],
			"rotation": {"angle": -22.5, "axis": "x", "origin": [4.18902, 5.3635, 6.31838]},
			"faces": {
				"north": {"uv": [10, 0.5, 9, 1.5], "rotation": 270, "texture": "#0"},
				"east": {"uv": [10, 0.5, 9, 1.5], "rotation": 270, "texture": "#0"},
				"south": {"uv": [9.5, 0.5, 8.5, 1.5], "rotation": 90, "texture": "#0"},
				"west": {"uv": [11, 0.5, 10, 1.5], "rotation": 270, "texture": "#0"},
				"up": {"uv": [9.5, 0.5, 8.5, 1.5], "rotation": 90, "texture": "#0"},
				"down": {"uv": [10, 0.5, 9, 1.5], "rotation": 90, "texture": "#0"}
			}
		},
		{
			"name": "tendon",
			"from": [3.97452, 2.56078, 15.57463],
			"to": [4.30452, 4.58678, 16.23463],
			"rotation": {"angle": -22.5, "axis": "x", "origin": [4.18902, 5.3635, 6.31838]},
			"faces": {
				"north": {"uv": [10, 0.5, 9, 1.5], "rotation": 270, "texture": "#0"},
				"east": {"uv": [10, 0.5, 9, 1.5], "rotation": 270, "texture": "#0"},
				"south": {"uv": [9.5, 0.5, 8.5, 1.5], "rotation": 90, "texture": "#0"},
				"west": {"uv": [11, 0.5, 10, 1.5], "rotation": 270, "texture": "#0"},
				"up": {"uv": [9.5, 0.5, 8.5, 1.5], "rotation": 90, "texture": "#0"},
				"down": {"uv": [10, 0.5, 9, 1.5], "rotation": 90, "texture": "#0"}
			}
		},
		{
			"name": "joint",
			"from": [11.16748, 4.40512, 6.4574],
			"to": [12.48748, 6.38512, 8.4374],
			"rotation": {"angle": 0, "axis": "y", "origin": [11.81098, 5.3635, 6.31838]},
			"faces": {
				"north": {"uv": [9.5, 0.5, 8.5, 1.5], "rotation": 90, "texture": "#0"},
				"east": {"uv": [11, 0.5, 10, 1.5], "rotation": 270, "texture": "#0"},
				"south": {"uv": [10, 0.5, 9, 1.5], "rotation": 270, "texture": "#0"},
				"west": {"uv": [10, 0.5, 9, 1.5], "rotation": 270, "texture": "#0"},
				"up": {"uv": [9.5, 0.5, 8.5, 1.5], "rotation": 270, "texture": "#0"},
				"down": {"uv": [10, 0.5, 9, 1.5], "rotation": 270, "texture": "#0"}
			}
		},
		{
			"name": "bone",
			"from": [11.33248, 5.65603, 7.52788],
			"to": [12.32248, 6.64603, 14.12788],
			"rotation": {"angle": 45, "axis": "x", "origin": [11.81098, 5.3635, 6.31838]},
			"faces": {
				"north": {"uv": [9.5, 0.5, 8.5, 1.5], "rotation": 90, "texture": "#0"},
				"east": {"uv": [11, 0.5, 10, 1.5], "rotation": 270, "texture": "#0"},
				"south": {"uv": [10, 0.5, 9, 1.5], "rotation": 270, "texture": "#0"},
				"west": {"uv": [10, 0.5, 9, 1.5], "rotation": 270, "texture": "#0"},
				"up": {"uv": [9.5, 0.5, 8.5, 1.5], "rotation": 270, "texture": "#0"},
				"down": {"uv": [10, 0.5, 9, 1.5], "rotation": 270, "texture": "#0"}
			}
		},
		{
			"name": "bone",
			"from": [11.33248, 0.11295, 11.9884],
			"to": [12.28948, 1.10295, 14.1934],
			"rotation": {"angle": 0, "axis": "y", "origin": [11.81098, 1.35795, 13.9159]},
			"faces": {
				"north": {"uv": [9.5, 0.5, 8.5, 1.5], "rotation": 90, "texture": "#0"},
				"east": {"uv": [10, 1.5, 11, 0.5], "rotation": 180, "texture": "#0"},
				"south": {"uv": [10, 0.5, 9, 1.5], "rotation": 270, "texture": "#0"},
				"west": {"uv": [9, 1.5, 10, 0.5], "texture": "#0"},
				"up": {"uv": [9.5, 0.5, 8.5, 1.5], "rotation": 270, "texture": "#0"},
				"down": {"uv": [10, 0.5, 9, 1.5], "rotation": 270, "texture": "#0"}
			}
		},
		{
			"name": "bone",
			"from": [11.33248, 0.51295, 14.0884],
			"to": [12.28948, 1.50295, 16.9934],
			"rotation": {"angle": -22.5, "axis": "x", "origin": [11.81098, 0.60795, 15.0659]},
			"faces": {
				"north": {"uv": [9.5, 0.5, 8.5, 1.5], "rotation": 90, "texture": "#0"},
				"east": {"uv": [10, 1.5, 11, 0.5], "rotation": 180, "texture": "#0"},
				"south": {"uv": [10, 0.5, 9, 1.5], "rotation": 270, "texture": "#0"},
				"west": {"uv": [9, 1.5, 10, 0.5], "texture": "#0"},
				"up": {"uv": [9.5, 0.5, 8.5, 1.5], "rotation": 270, "texture": "#0"},
				"down": {"uv": [10, 0.5, 9, 1.5], "rotation": 270, "texture": "#0"}
			}
		},
		{
			"name": "bone",
			"from": [11.33248, -5.06047, 10.77847],
			"to": [12.25648, -4.07047, 20.15047],
			"rotation": {"angle": -45, "axis": "x", "origin": [11.77798, 5.41703, 6.28261]},
			"faces": {
				"north": {"uv": [9.5, 0.5, 8.5, 1.5], "rotation": 90, "texture": "#0"},
				"east": {"uv": [10, 1.5, 11, 0.5], "rotation": 180, "texture": "#0"},
				"south": {"uv": [10, 0.5, 9, 1.5], "rotation": 270, "texture": "#0"},
				"west": {"uv": [9, 1.5, 10, 0.5], "texture": "#0"},
				"up": {"uv": [9.5, 0.5, 8.5, 1.5], "rotation": 270, "texture": "#0"},
				"down": {"uv": [10, 0.5, 9, 1.5], "rotation": 270, "texture": "#0"}
			}
		},
		{
			"name": "bone",
			"from": [11.33248, 10.14812, 21.22631],
			"to": [12.19048, 13.98812, 22.21631],
			"rotation": {"angle": -45, "axis": "x", "origin": [11.76148, 12.16812, 21.22131]},
			"faces": {
				"north": {"uv": [9.5, 0.5, 8.5, 1.5], "rotation": 90, "texture": "#0"},
				"east": {"uv": [11, 0.5, 10, 1.5], "rotation": 270, "texture": "#0"},
				"south": {"uv": [10, 0.5, 9, 1.5], "rotation": 270, "texture": "#0"},
				"west": {"uv": [10, 0.5, 9, 1.5], "rotation": 270, "texture": "#0"},
				"up": {"uv": [9.5, 0.5, 8.5, 1.5], "rotation": 270, "texture": "#0"},
				"down": {"uv": [10, 0.5, 9, 1.5], "rotation": 270, "texture": "#0"}
			}
		},
		{
			"name": "bone",
			"from": [11.33248, 7.82648, 22.37436],
			"to": [12.19048, 11.46648, 23.36436],
			"rotation": {"angle": 0, "axis": "y", "origin": [11.76148, 9.39648, 22.36936]},
			"faces": {
				"north": {"uv": [9.5, 0.5, 8.5, 1.5], "rotation": 90, "texture": "#0"},
				"east": {"uv": [11, 0.5, 10, 1.5], "rotation": 270, "texture": "#0"},
				"south": {"uv": [10, 0.5, 9, 1.5], "rotation": 270, "texture": "#0"},
				"west": {"uv": [10, 0.5, 9, 1.5], "rotation": 270, "texture": "#0"},
				"up": {"uv": [9.5, 0.5, 8.5, 1.5], "rotation": 270, "texture": "#0"},
				"down": {"uv": [10, 0.5, 9, 1.5], "rotation": 270, "texture": "#0"}
			}
		},
		{
			"name": "flap",
			"from": [11.74448, 1.10512, 8.4374],
			"to": [11.79448, 13.97512, 24.6074],
			"rotation": {"angle": 0, "axis": "y", "origin": [11.81098, 5.3635, 6.31838]},
			"faces": {
				"north": {"uv": [0.941, 1.883, 7.647, 3.103], "rotation": 90, "texture": "#1"},
				"east": {"uv": [16, 16, 0, 0], "rotation": 270, "texture": "#1"},
				"south": {"uv": [0.471, 0.941, 7.647, 2.632], "rotation": 270, "texture": "#1"},
				"west": {"uv": [16, 16, 0, 0], "rotation": 270, "texture": "#2"},
				"up": {"uv": [1.412, 1.412, 3.412, 2.162], "rotation": 270, "texture": "#1"},
				"down": {"uv": [1.412, 0.941, 3.412, 1.691], "rotation": 270, "texture": "#1"}
			}
		},
		{
			"name": "tendon",
			"from": [11.67898, 0.74851, 12.2916],
			"to": [12.04198, 4.31251, 12.9516],
			"rotation": {"angle": 0, "axis": "y", "origin": [11.86048, 2.53051, 12.6216]},
			"faces": {
				"north": {"uv": [9.5, 0.5, 8.5, 1.5], "rotation": 90, "texture": "#0"},
				"east": {"uv": [11, 0.5, 10, 1.5], "rotation": 270, "texture": "#0"},
				"south": {"uv": [10, 0.5, 9, 1.5], "rotation": 270, "texture": "#0"},
				"west": {"uv": [10, 0.5, 9, 1.5], "rotation": 270, "texture": "#0"},
				"up": {"uv": [9.5, 0.5, 8.5, 1.5], "rotation": 270, "texture": "#0"},
				"down": {"uv": [10, 0.5, 9, 1.5], "rotation": 270, "texture": "#0"}
			}
		},
		{
			"name": "tendon",
			"from": [11.69548, 1.61075, 11.34108],
			"to": [12.02548, 4.16475, 12.00108],
			"rotation": {"angle": -22.5, "axis": "x", "origin": [11.81098, 5.3635, 6.31838]},
			"faces": {
				"north": {"uv": [9.5, 0.5, 8.5, 1.5], "rotation": 90, "texture": "#0"},
				"east": {"uv": [11, 0.5, 10, 1.5], "rotation": 270, "texture": "#0"},
				"south": {"uv": [10, 0.5, 9, 1.5], "rotation": 270, "texture": "#0"},
				"west": {"uv": [10, 0.5, 9, 1.5], "rotation": 270, "texture": "#0"},
				"up": {"uv": [9.5, 0.5, 8.5, 1.5], "rotation": 270, "texture": "#0"},
				"down": {"uv": [10, 0.5, 9, 1.5], "rotation": 270, "texture": "#0"}
			}
		},
		{
			"name": "tendon",
			"from": [11.67898, 1.50471, 15.80407],
			"to": [12.04198, 6.71871, 16.46407],
			"rotation": {"angle": 0, "axis": "y", "origin": [11.86048, 4.11171, 16.13407]},
			"faces": {
				"north": {"uv": [9.5, 0.5, 8.5, 1.5], "rotation": 90, "texture": "#0"},
				"east": {"uv": [11, 0.5, 10, 1.5], "rotation": 270, "texture": "#0"},
				"south": {"uv": [10, 0.5, 9, 1.5], "rotation": 270, "texture": "#0"},
				"west": {"uv": [10, 0.5, 9, 1.5], "rotation": 270, "texture": "#0"},
				"up": {"uv": [9.5, 0.5, 8.5, 1.5], "rotation": 270, "texture": "#0"},
				"down": {"uv": [10, 0.5, 9, 1.5], "rotation": 270, "texture": "#0"}
			}
		},
		{
			"name": "tendon",
			"from": [11.69548, -2.35522, 17.66436],
			"to": [12.02548, 0.02078, 18.32436],
			"rotation": {"angle": -45, "axis": "x", "origin": [11.81098, 5.3635, 6.31838]},
			"faces": {
				"north": {"uv": [9.5, 0.5, 8.5, 1.5], "rotation": 90, "texture": "#0"},
				"east": {"uv": [11, 0.5, 10, 1.5], "rotation": 270, "texture": "#0"},
				"south": {"uv": [10, 0.5, 9, 1.5], "rotation": 270, "texture": "#0"},
				"west": {"uv": [10, 0.5, 9, 1.5], "rotation": 270, "texture": "#0"},
				"up": {"uv": [9.5, 0.5, 8.5, 1.5], "rotation": 270, "texture": "#0"},
				"down": {"uv": [10, 0.5, 9, 1.5], "rotation": 270, "texture": "#0"}
			}
		},
		{
			"name": "tendon",
			"from": [11.67898, 0.55911, 19.73459],
			"to": [12.04198, 2.98461, 20.39459],
			"rotation": {"angle": -22.5, "axis": "x", "origin": [11.81098, 5.3635, 6.31838]},
			"faces": {
				"north": {"uv": [9.5, 0.5, 8.5, 1.5], "rotation": 90, "texture": "#0"},
				"east": {"uv": [11, 0.5, 10, 1.5], "rotation": 270, "texture": "#0"},
				"south": {"uv": [10, 0.5, 9, 1.5], "rotation": 270, "texture": "#0"},
				"west": {"uv": [10, 0.5, 9, 1.5], "rotation": 270, "texture": "#0"},
				"up": {"uv": [9.5, 0.5, 8.5, 1.5], "rotation": 270, "texture": "#0"},
				"down": {"uv": [10, 0.5, 9, 1.5], "rotation": 270, "texture": "#0"}
			}
		},
		{
			"name": "tendon",
			"from": [11.69548, 2.56078, 15.57463],
			"to": [12.02548, 4.58678, 16.23463],
			"rotation": {"angle": -22.5, "axis": "x", "origin": [11.81098, 5.3635, 6.31838]},
			"faces": {
				"north": {"uv": [9.5, 0.5, 8.5, 1.5], "rotation": 90, "texture": "#0"},
				"east": {"uv": [11, 0.5, 10, 1.5], "rotation": 270, "texture": "#0"},
				"south": {"uv": [10, 0.5, 9, 1.5], "rotation": 270, "texture": "#0"},
				"west": {"uv": [10, 0.5, 9, 1.5], "rotation": 270, "texture": "#0"},
				"up": {"uv": [9.5, 0.5, 8.5, 1.5], "rotation": 270, "texture": "#0"},
				"down": {"uv": [10, 0.5, 9, 1.5], "rotation": 270, "texture": "#0"}
			}
		}
	],
	"display": {
		"head": {
			"translation": [0, 5.25, 0],
			"scale": [2.66, 2.66, 2.66]
		}
	},
	"groups": [
		{
			"name": "BodyLegs",
			"origin": [11.4, -9.8, 8],
			"children": [0, 1, 2, 3, 4, 5, 6, 7, 8, 9, 10, 11]
		},
		{
			"name": "Heads",
			"origin": [5.30507, 9.55473, 0.70775],
			"children": [12, 13, 14, 15, 16, 17, 18, 19, 20, 21, 22, 23, 24, 25, 26, 27, 28, 29, 30, 31, 32, 33, 34, 35, 36, 37, 38, 39, 40, 41]
		},
		{
			"name": "Tail",
			"origin": [8, -4.86917, 15.24381],
			"children": [42, 43, 44]
		},
		{
			"name": "dragwingleft",
			"origin": [8, 8, 8],
			"children": [
				{
					"name": "dragonwingleft",
					"origin": [8, 8, 8],
					"children": [45, 46, 47, 48, 49, 50, 51, 52, 53, 54, 55, 56, 57, 58]
				}
			]
		},
		{
			"name": "dragwingright",
			"origin": [8, 8, 8],
			"children": [
				{
					"name": "dragonwingright",
					"origin": [8, 8, 8],
					"children": [59, 60, 61, 62, 63, 64, 65, 66, 67, 68, 69, 70, 71, 72]
				}
			]
		}
	]
}