{
	"credit": "Made with Blockbench",
	"textures": {
		"0": "blocks/p2bluedragon",
		"1": "blocks/p2bluedragonwingdown",
		"2": "blocks/p2bluedragonwingup",
		"particle": "blocks/p2bluedragon"
	},
	"elements": [
		{
			"from": [5.888, -1.32, 5.36],
			"to": [10.112, 4.488, 9.056],
			"rotation": {"angle": -22.5, "axis": "x", "origin": [8, 2.904, 8]},
			"faces": {
				"north": {"uv": [0, 8, 8, 16], "texture": "#0"},
				"east": {"uv": [2.5, 0, 8, 8], "texture": "#0"},
				"south": {"uv": [0, 0, 8, 8], "texture": "#0"},
				"west": {"uv": [0, 0, 5.5, 8], "texture": "#0"},
				"up": {"uv": [0, 0, 8, 7], "texture": "#0"},
				"down": {"uv": [0, 0, 8, 7], "texture": "#0"}
			}
		},
		{
			"from": [6.02, -1.848, 5.096],
			"to": [9.98, 2.904, 8.792],
			"rotation": {"angle": 0, "axis": "x", "origin": [8, 2.904, 8]},
			"faces": {
				"north": {"uv": [0, 8.5, 8, 16], "texture": "#0"},
				"east": {"uv": [2.5, 0, 8, 8], "texture": "#0"},
				"south": {"uv": [0, 0, 8, 8], "texture": "#0"},
				"west": {"uv": [0, 0, 5.5, 8], "texture": "#0"},
				"up": {"uv": [0, 0, 8, 7], "texture": "#0"},
				"down": {"uv": [0, 0, 8, 7], "texture": "#0"}
			}
		},
		{
			"from": [5.228, -2.376, 6.812],
			"to": [7.34, -0.264, 8.924],
			"rotation": {"angle": 45, "axis": "x", "origin": [6.284, -1.32, 7.736]},
			"faces": {
				"north": {"uv": [0, 0, 4, 4], "texture": "#0"},
				"east": {"uv": [0, 0, 4, 4], "texture": "#0"},
				"south": {"uv": [0, 0, 4, 4], "texture": "#0"},
				"west": {"uv": [0, 0, 4, 4], "texture": "#0"},
				"up": {"uv": [0, 0, 4, 4], "texture": "#0"},
				"down": {"uv": [0, 0, 4, 4], "texture": "#0"}
			}
		},
		{
			"from": [8.66, -2.376, 6.812],
			"to": [10.772, -0.264, 8.924],
			"rotation": {"angle": 45, "axis": "x", "origin": [6.284, -1.32, 7.736]},
			"faces": {
				"north": {"uv": [0, 0, 4, 4], "texture": "#0"},
				"east": {"uv": [0, 0, 4, 4], "texture": "#0"},
				"south": {"uv": [0, 0, 4, 4], "texture": "#0"},
				"west": {"uv": [0, 0, 4, 4], "texture": "#0"},
				"up": {"uv": [0, 0, 4, 4], "texture": "#0"},
				"down": {"uv": [0, 0, 4, 4], "texture": "#0"}
			}
		},
		{
			"from": [5.492, -2.112, 8.924],
			"to": [7.076, -0.528, 11.564],
			"rotation": {"angle": 45, "axis": "x", "origin": [6.284, -1.32, 7.736]},
			"faces": {
				"north": {"uv": [0, 0, 4, 4], "texture": "#0"},
				"east": {"uv": [0, 0, 5.5, 3], "texture": "#0"},
				"south": {"uv": [0, 0, 4, 4], "texture": "#0"},
				"west": {"uv": [0, 0, 5.5, 3], "texture": "#0"},
				"up": {"uv": [0, 0, 3, 5.5], "texture": "#0"},
				"down": {"uv": [0, 0, 3, 5.5], "texture": "#0"}
			}
		},
		{
			"from": [5.756, -6.43483, 8.63072],
			"to": [6.812, -3.53083, 9.68672],
			"rotation": {"angle": 22.5, "axis": "x", "origin": [6.284, -4.58683, 8.76272]},
			"faces": {
				"north": {"uv": [0, 0, 2, 5.5], "texture": "#0"},
				"east": {"uv": [2.5, 2.5, 5, 8], "texture": "#0"},
				"south": {"uv": [2, 0, 4, 5.5], "texture": "#0"},
				"west": {"uv": [5.5, 0, 8, 5.5], "texture": "#0"},
				"up": {"uv": [0, 0, 2, 2], "texture": "#0"},
				"down": {"uv": [0, 0, 2, 2], "texture": "#0"}
			}
		},
		{
			"from": [5.228, -6.732, 6.944],
			"to": [6.284, -6.204, 9.056],
			"rotation": {"angle": 22.5, "axis": "y", "origin": [5.756, -6.468, 8]},
			"faces": {
				"north": {"uv": [0, 0, 1.5, 1], "rotation": 180, "texture": "#0"},
				"east": {"uv": [0, 0, 1, 2.5], "rotation": 270, "texture": "#0"},
				"south": {"uv": [0, 0, 1.5, 1], "texture": "#0"},
				"west": {"uv": [0, 0, 1, 2.5], "rotation": 90, "texture": "#0"},
				"up": {"uv": [0, 0, 1.5, 2.5], "rotation": 180, "texture": "#0"},
				"down": {"uv": [0, 0, 1.5, 2.5], "texture": "#0"}
			}
		},
		{
			"from": [6.284, -6.732, 6.944],
			"to": [7.34, -6.204, 9.056],
			"rotation": {"angle": -22.5, "axis": "y", "origin": [6.812, -6.468, 8]},
			"faces": {
				"north": {"uv": [0, 0, 1.5, 1], "rotation": 180, "texture": "#0"},
				"east": {"uv": [0, 0, 1, 2.5], "rotation": 270, "texture": "#0"},
				"south": {"uv": [0, 0, 1.5, 1], "texture": "#0"},
				"west": {"uv": [0, 0, 1, 2.5], "rotation": 90, "texture": "#0"},
				"up": {"uv": [0, 0, 1.5, 2.5], "rotation": 180, "texture": "#0"},
				"down": {"uv": [0, 0, 1.5, 2.5], "texture": "#0"}
			}
		},
		{
			"from": [8.924, -2.112, 8.924],
			"to": [10.508, -0.528, 11.564],
			"rotation": {"angle": 45, "axis": "x", "origin": [9.716, -1.32, 7.736]},
			"faces": {
				"north": {"uv": [0, 0, 4, 4], "texture": "#0"},
				"east": {"uv": [0, 0, 5.5, 3], "texture": "#0"},
				"south": {"uv": [0, 0, 4, 4], "texture": "#0"},
				"west": {"uv": [0, 0, 5.5, 3], "texture": "#0"},
				"up": {"uv": [0, 0, 3, 5.5], "texture": "#0"},
				"down": {"uv": [0, 0, 3, 5.5], "texture": "#0"}
			}
		},
		{
			"from": [9.188, -6.43483, 8.63072],
			"to": [10.244, -3.53083, 9.68672],
			"rotation": {"angle": 22.5, "axis": "x", "origin": [9.716, -4.58683, 8.76272]},
			"faces": {
				"north": {"uv": [0, 0, 2, 5.5], "texture": "#0"},
				"east": {"uv": [2.5, 2.5, 5, 8], "texture": "#0"},
				"south": {"uv": [2, 0, 4, 5.5], "texture": "#0"},
				"west": {"uv": [5.5, 0, 8, 5.5], "texture": "#0"},
				"up": {"uv": [0, 0, 2, 2], "texture": "#0"},
				"down": {"uv": [0, 0, 2, 2], "texture": "#0"}
			}
		},
		{
			"from": [8.66, -6.732, 6.944],
			"to": [9.716, -6.204, 9.056],
			"rotation": {"angle": 22.5, "axis": "y", "origin": [9.188, -6.468, 8]},
			"faces": {
				"north": {"uv": [0, 0, 1.5, 1], "rotation": 180, "texture": "#0"},
				"east": {"uv": [0, 0, 1, 2.5], "rotation": 270, "texture": "#0"},
				"south": {"uv": [0, 0, 1.5, 1], "texture": "#0"},
				"west": {"uv": [0, 0, 1, 2.5], "rotation": 90, "texture": "#0"},
				"up": {"uv": [0, 0, 1.5, 2.5], "rotation": 180, "texture": "#0"},
				"down": {"uv": [0, 0, 1.5, 2.5], "texture": "#0"}
			}
		},
		{
			"from": [9.716, -6.732, 6.944],
			"to": [10.772, -6.204, 9.056],
			"rotation": {"angle": -22.5, "axis": "y", "origin": [10.244, -6.468, 8]},
			"faces": {
				"north": {"uv": [0, 0, 1.5, 1], "rotation": 180, "texture": "#0"},
				"east": {"uv": [0, 0, 1, 2.5], "rotation": 270, "texture": "#0"},
				"south": {"uv": [0, 0, 1.5, 1], "texture": "#0"},
				"west": {"uv": [0, 0, 1, 2.5], "rotation": 90, "texture": "#0"},
				"up": {"uv": [0, 0, 1.5, 2.5], "rotation": 180, "texture": "#0"},
				"down": {"uv": [0, 0, 1.5, 2.5], "texture": "#0"}
			}
		},
		{
			"from": [6.152, 3.38362, 5.4789],
			"to": [7.736, 4.96762, 7.0629],
			"rotation": {"angle": 22.5, "axis": "y", "origin": [6.944, 4.17562, 6.2709]},
			"faces": {
				"north": {"uv": [5, 0, 8, 3], "rotation": 180, "texture": "#0"},
				"east": {"uv": [0, 0, 3, 3], "rotation": 270, "texture": "#0"},
				"south": {"uv": [0, 4, 3, 7], "texture": "#0"},
				"west": {"uv": [4, 3.5, 7, 6.5], "rotation": 90, "texture": "#0"},
				"up": {"uv": [1.5, 0, 4.5, 3], "rotation": 180, "texture": "#0"},
				"down": {"uv": [2, 2, 5, 5], "texture": "#0"}
			}
		},
		{
			"from": [5.553, 4.63762, 5.1489],
			"to": [6.873, 5.95762, 6.4689],
			"rotation": {"angle": 22.5, "axis": "y", "origin": [6.482, 5.29762, 5.8089]},
			"faces": {
				"north": {"uv": [5, 2.5, 8, 5.5], "rotation": 180, "texture": "#0"},
				"east": {"uv": [5, 5, 8, 8], "rotation": 270, "texture": "#0"},
				"south": {"uv": [2, 4, 5, 7], "texture": "#0"},
				"west": {"uv": [2, 0.5, 5, 3.5], "rotation": 90, "texture": "#0"},
				"up": {"uv": [3.5, 0.5, 6.5, 3.5], "rotation": 180, "texture": "#0"},
				"down": {"uv": [1, 4, 4, 7], "texture": "#0"}
			}
		},
		{
			"from": [5.268, 5.46262, 4.4889],
			"to": [6.258, 6.45262, 5.4789],
			"rotation": {"angle": 22.5, "axis": "y", "origin": [6.482, 5.29762, 5.8089]},
			"faces": {
				"north": {"uv": [3, 2, 5.5, 4.5], "rotation": 180, "texture": "#0"},
				"east": {"uv": [5, 4.5, 7.5, 7], "rotation": 270, "texture": "#0"},
				"south": {"uv": [1, 5, 3.5, 7.5], "texture": "#0"},
				"west": {"uv": [5, 1.5, 7.5, 4], "rotation": 90, "texture": "#0"},
				"up": {"uv": [5.5, 0, 8, 2.5], "rotation": 180, "texture": "#0"},
				"down": {"uv": [1, 1, 3.5, 3.5], "texture": "#0"}
			}
		},
		{
			"from": [8.53373, 3.38362, 5.53532],
			"to": [10.11773, 4.96762, 7.11932],
			"rotation": {"angle": -22.5, "axis": "y", "origin": [9.31304, 5.14362, 5.6499]},
			"faces": {
				"north": {"uv": [5, 0, 8, 3], "rotation": 180, "texture": "#0"},
				"east": {"uv": [0, 0, 3, 3], "rotation": 270, "texture": "#0"},
				"south": {"uv": [0, 4, 3, 7], "texture": "#0"},
				"west": {"uv": [4, 3.5, 7, 6.5], "rotation": 90, "texture": "#0"},
				"up": {"uv": [1.5, 0, 4.5, 3], "rotation": 180, "texture": "#0"},
				"down": {"uv": [2, 2, 5, 5], "texture": "#0"}
			}
		},
		{
			"from": [9.14669, 4.63762, 5.06369],
			"to": [10.46669, 5.95762, 6.38369],
			"rotation": {"angle": -22.5, "axis": "y", "origin": [9.31304, 5.14362, 5.6499]},
			"faces": {
				"north": {"uv": [5, 2.5, 8, 5.5], "rotation": 180, "texture": "#0"},
				"east": {"uv": [5, 5, 8, 8], "rotation": 270, "texture": "#0"},
				"south": {"uv": [2, 4, 5, 7], "texture": "#0"},
				"west": {"uv": [2, 0.5, 5, 3.5], "rotation": 90, "texture": "#0"},
				"up": {"uv": [3.5, 0.5, 6.5, 3.5], "rotation": 180, "texture": "#0"},
				"down": {"uv": [1, 4, 4, 7], "texture": "#0"}
			}
		},
		{
			"from": [9.76169, 5.46262, 4.40369],
			"to": [10.75169, 6.45262, 5.39369],
			"rotation": {"angle": -22.5, "axis": "y", "origin": [9.31304, 5.14362, 5.6499]},
			"faces": {
				"north": {"uv": [3, 2, 5.5, 4.5], "rotation": 180, "texture": "#0"},
				"east": {"uv": [5, 4.5, 7.5, 7], "rotation": 270, "texture": "#0"},
				"south": {"uv": [1, 5, 3.5, 7.5], "texture": "#0"},
				"west": {"uv": [5, 1.5, 7.5, 4], "rotation": 90, "texture": "#0"},
				"up": {"uv": [5.5, 0, 8, 2.5], "rotation": 180, "texture": "#0"},
				"down": {"uv": [1, 1, 3.5, 3.5], "texture": "#0"}
			}
		},
		{
			"from": [7.80868, 4.1267, -0.73436],
			"to": [12.20868, 5.5267, 4.66564],
			"rotation": {"angle": -22.5, "axis": "y", "origin": [9.98945, 4.79337, 6.43924]},
			"faces": {
				"north": {"uv": [3.5, 0, 8, 1.5], "rotation": 180, "texture": "#0"},
				"east": {"uv": [0, 0, 1.5, 5], "rotation": 270, "texture": "#0"},
				"south": {"uv": [0, 5.5, 4.5, 7], "texture": "#0"},
				"west": {"uv": [4, 1.5, 5.5, 6.5], "rotation": 90, "texture": "#0"},
				"up": {"uv": [8, 1, 13, 6], "texture": "#0"},
				"down": {"uv": [2, 0.5, 6.5, 5], "texture": "#0"}
			}
		},
		{
			"from": [8.30868, 3.7267, 0.26564],
			"to": [11.70868, 4.1267, 3.66564],
			"rotation": {"angle": -22.5, "axis": "y", "origin": [9.98945, 4.79337, 6.43924]},
			"faces": {
				"north": {"uv": [1, 1, 5, 1.5], "rotation": 180, "texture": "#0"},
				"east": {"uv": [0, 1, 0.5, 5], "rotation": 270, "texture": "#0"},
				"south": {"uv": [0, 6.5, 4, 7], "texture": "#0"},
				"west": {"uv": [4, 2.5, 4.5, 6.5], "rotation": 90, "texture": "#0"},
				"up": {"uv": [2, 0.5, 6.5, 5], "texture": "#0"},
				"down": {"uv": [2, 0.5, 6.5, 5], "texture": "#0"}
			}
		},
		{
			"from": [7.80868, 5.5267, 0.01564],
			"to": [12.20868, 6.9267, 4.66564],
			"rotation": {"angle": -22.5, "axis": "y", "origin": [9.98945, 4.79337, 6.43924]},
			"faces": {
				"north": {"uv": [3, 3.5, 6.5, 5], "rotation": 180, "texture": "#0"},
				"east": {"uv": [4.5, 2, 6, 6.5], "rotation": 270, "texture": "#0"},
				"south": {"uv": [0, 5.5, 4, 7], "texture": "#0"},
				"west": {"uv": [4, 2, 5.5, 6.5], "rotation": 90, "texture": "#0"},
				"up": {"uv": [2, 0.5, 6.5, 5], "texture": "#0"},
				"down": {"uv": [8.5, 0.5, 11.5, 2], "texture": "#0"}
			}
		},
		{
			"from": [8.30868, 6.9267, 0.26564],
			"to": [11.70868, 7.8267, 4.66564],
			"rotation": {"angle": -22.5, "axis": "y", "origin": [9.98945, 4.79337, 6.43924]},
			"faces": {
				"north": {"uv": [3, 5, 6.5, 6], "rotation": 180, "texture": "#0"},
				"east": {"uv": [4.5, 2.5, 5.5, 7], "rotation": 270, "texture": "#0"},
				"south": {"uv": [0, 4.5, 3.5, 5.5], "texture": "#0"},
				"west": {"uv": [6.5, 2.5, 7.5, 7], "rotation": 90, "texture": "#0"},
				"up": {"uv": [2, 1, 5.5, 5], "texture": "#0"},
				"down": {"uv": [8.5, 0.5, 11.5, 2], "texture": "#0"}
			}
		},
		{
			"from": [9.5, 5.5, -0.4],
			"to": [10.2, 6.3, 0.25],
			"rotation": {"angle": -22.5, "axis": "y", "origin": [11.5, 8.5, 2.5]},
			"faces": {
				"north": {"uv": [14, 1, 14.8, 1.8], "texture": "#0"},
				"east": {"uv": [14.5, 1, 15.2, 1.8], "texture": "#0"},
				"south": {"uv": [14, 0.5, 14.8, 1.3], "texture": "#0"},
				"west": {"uv": [14, 1, 14.7, 1.8], "texture": "#0"},
				"up": {"uv": [14, 1, 14.8, 1.7], "texture": "#0"},
				"down": {"uv": [14.5, 0.5, 15.3, 1.2], "texture": "#0"}
			}
		},
		{
			"from": [13.07, 5.5, -0.4],
			"to": [13.77, 6.3, 0.25],
			"rotation": {"angle": -22.5, "axis": "y", "origin": [11.5, 8.5, 2.5]},
			"faces": {
				"north": {"uv": [14, 1, 14.8, 1.8], "texture": "#0"},
				"east": {"uv": [14.5, 1, 15.2, 1.8], "texture": "#0"},
				"south": {"uv": [14, 0.5, 14.8, 1.3], "texture": "#0"},
				"west": {"uv": [14, 1, 14.7, 1.8], "texture": "#0"},
				"up": {"uv": [14, 1, 14.8, 1.7], "texture": "#0"},
				"down": {"uv": [14.5, 0.5, 15.3, 1.2], "texture": "#0"}
			}
		},
		{
			"from": [13.12, 6.5, 2.95],
			"to": [14.12, 7.5, 3.95],
			"rotation": {"angle": -22.5, "axis": "y", "origin": [11.5, 8.5, 2.5]},
			"faces": {
				"north": {"uv": [14, 1, 14.8, 1.8], "texture": "#0"},
				"east": {"uv": [14.5, 1, 15.2, 1.8], "texture": "#0"},
				"south": {"uv": [14, 0.5, 14.8, 1.3], "texture": "#0"},
				"west": {"uv": [14, 1, 14.7, 1.8], "texture": "#0"},
				"up": {"uv": [14, 1, 14.8, 1.7], "texture": "#0"},
				"down": {"uv": [14.5, 0.5, 15.3, 1.2], "texture": "#0"}
			}
		},
		{
			"from": [9.12, 6.5, 2.95],
			"to": [10.12, 7.5, 3.95],
			"rotation": {"angle": -22.5, "axis": "y", "origin": [11.5, 8.5, 2.5]},
			"faces": {
				"north": {"uv": [14, 1, 14.8, 1.8], "texture": "#0"},
				"east": {"uv": [14.5, 1, 15.2, 1.8], "texture": "#0"},
				"south": {"uv": [14, 0.5, 14.8, 1.3], "texture": "#0"},
				"west": {"uv": [14, 1, 14.7, 1.8], "texture": "#0"},
				"up": {"uv": [14, 1, 14.8, 1.7], "texture": "#0"},
				"down": {"uv": [14.5, 0.5, 15.3, 1.2], "texture": "#0"}
			}
		},
		{
			"from": [9.02, 6.75, 3.3],
			"to": [9.12, 7.25, 3.8],
			"rotation": {"angle": -22.5, "axis": "y", "origin": [11.5, 8.5, 2.5]},
			"faces": {
				"north": {"uv": [14, 4, 14.8, 4.8], "texture": "#0"},
				"east": {"uv": [14.5, 4, 15.2, 4.8], "texture": "#0"},
				"south": {"uv": [14, 4, 14.8, 4.8], "texture": "#0"},
				"west": {"uv": [14.5, 4, 15.2, 4.8], "texture": "#0"},
				"up": {"uv": [14, 4, 14.8, 4.7], "texture": "#0"},
				"down": {"uv": [14, 4, 14.8, 4.7], "texture": "#0"}
			}
		},
		{
			"from": [14.12, 6.75, 3.3],
			"to": [14.22, 7.25, 3.8],
			"rotation": {"angle": -22.5, "axis": "y", "origin": [11.5, 8.5, 2.5]},
			"faces": {
				"north": {"uv": [14, 4, 14.8, 4.8], "texture": "#0"},
				"east": {"uv": [14.5, 4, 15.2, 4.8], "texture": "#0"},
				"south": {"uv": [14, 4, 14.8, 4.8], "texture": "#0"},
				"west": {"uv": [14.5, 4, 15.2, 4.8], "texture": "#0"},
				"up": {"uv": [14, 4, 14.8, 4.7], "texture": "#0"},
				"down": {"uv": [14, 4, 14.8, 4.7], "texture": "#0"}
			}
		},
		{
			"from": [12.17, 7.75, 3.85],
			"to": [12.87, 8.75, 4.5],
			"rotation": {"angle": -22.5, "axis": "y", "origin": [11.5, 8.5, 2.5]},
			"faces": {
				"north": {"uv": [9, 0.5, 9.8, 1.3], "texture": "#0"},
				"east": {"uv": [9.5, 0.5, 10.2, 1.3], "texture": "#0"},
				"south": {"uv": [8.5, 0.5, 9.3, 1.3], "texture": "#0"},
				"west": {"uv": [9, 0.5, 9.7, 1.3], "texture": "#0"},
				"up": {"uv": [9, 0.5, 9.8, 1.2], "texture": "#0"},
				"down": {"uv": [9.5, 1, 10.3, 1.7], "texture": "#0"}
			}
		},
		{
			"from": [10.42, 7.75, 3.85],
			"to": [11.12, 8.75, 4.5],
			"rotation": {"angle": -22.5, "axis": "y", "origin": [11.5, 8.5, 2.5]},
			"faces": {
				"north": {"uv": [9, 0.5, 9.8, 1.3], "texture": "#0"},
				"east": {"uv": [9.5, 0.5, 10.2, 1.3], "texture": "#0"},
				"south": {"uv": [8.5, 0.5, 9.3, 1.3], "texture": "#0"},
				"west": {"uv": [9, 0.5, 9.7, 1.3], "texture": "#0"},
				"up": {"uv": [9, 0.5, 9.8, 1.2], "texture": "#0"},
				"down": {"uv": [9.5, 1, 10.3, 1.7], "texture": "#0"}
			}
		},
		{
			"from": [2.35583, 4.1267, -0.71927],
			"to": [6.75583, 5.5267, 4.68073],
			"rotation": {"angle": 22.5, "axis": "y", "origin": [5.30507, 6.55473, 2.70775]},
			"faces": {
				"north": {"uv": [3.5, 0, 8, 1.5], "rotation": 180, "texture": "#0"},
				"east": {"uv": [0, 0, 1.5, 5], "rotation": 270, "texture": "#0"},
				"south": {"uv": [0, 5.5, 4.5, 7], "texture": "#0"},
				"west": {"uv": [4, 1.5, 5.5, 6.5], "rotation": 90, "texture": "#0"},
				"up": {"uv": [8, 1, 13, 6], "texture": "#0"},
				"down": {"uv": [2, 0.5, 6.5, 5], "texture": "#0"}
			}
		},
		{
			"from": [2.85583, 3.7267, 0.28073],
			"to": [6.25583, 4.1267, 3.68073],
			"rotation": {"angle": 22.5, "axis": "y", "origin": [5.30507, 6.55473, 2.70775]},
			"faces": {
				"north": {"uv": [1, 1, 5, 1.5], "rotation": 180, "texture": "#0"},
				"east": {"uv": [0, 1, 0.5, 5], "rotation": 270, "texture": "#0"},
				"south": {"uv": [0, 6.5, 4, 7], "texture": "#0"},
				"west": {"uv": [4, 2.5, 4.5, 6.5], "rotation": 90, "texture": "#0"},
				"up": {"uv": [2, 0.5, 6.5, 5], "texture": "#0"},
				"down": {"uv": [2, 0.5, 6.5, 5], "texture": "#0"}
			}
		},
		{
			"from": [2.35583, 5.5267, 0.03073],
			"to": [6.75583, 6.9267, 4.68073],
			"rotation": {"angle": 22.5, "axis": "y", "origin": [5.30507, 6.55473, 2.70775]},
			"faces": {
				"north": {"uv": [3, 3.5, 6.5, 5], "rotation": 180, "texture": "#0"},
				"east": {"uv": [4.5, 2, 6, 6.5], "rotation": 270, "texture": "#0"},
				"south": {"uv": [0, 5.5, 4, 7], "texture": "#0"},
				"west": {"uv": [4, 2, 5.5, 6.5], "rotation": 90, "texture": "#0"},
				"up": {"uv": [2, 0.5, 6.5, 5], "texture": "#0"},
				"down": {"uv": [8.5, 0.5, 11.5, 2], "texture": "#0"}
			}
		},
		{
			"from": [2.85583, 6.9267, 0.28073],
			"to": [6.25583, 7.8267, 4.68073],
			"rotation": {"angle": 22.5, "axis": "y", "origin": [5.30507, 6.55473, 2.70775]},
			"faces": {
				"north": {"uv": [3, 5, 6.5, 6], "rotation": 180, "texture": "#0"},
				"east": {"uv": [4.5, 2.5, 5.5, 7], "rotation": 270, "texture": "#0"},
				"south": {"uv": [0, 4.5, 3.5, 5.5], "texture": "#0"},
				"west": {"uv": [6.5, 2.5, 7.5, 7], "rotation": 90, "texture": "#0"},
				"up": {"uv": [2, 1, 5.5, 5], "texture": "#0"},
				"down": {"uv": [8.5, 0.5, 11.5, 2], "texture": "#0"}
			}
		},
		{
			"from": [2.42469, 5.5, -0.66311],
			"to": [3.12469, 6.3, -0.01311],
			"rotation": {"angle": 22.5, "axis": "y", "origin": [5.30507, 6.55473, 2.70775]},
			"faces": {
				"north": {"uv": [14, 1, 14.8, 1.8], "texture": "#0"},
				"east": {"uv": [14.5, 1, 15.2, 1.8], "texture": "#0"},
				"south": {"uv": [14, 0.5, 14.8, 1.3], "texture": "#0"},
				"west": {"uv": [14, 1, 14.7, 1.8], "texture": "#0"},
				"up": {"uv": [14, 1, 14.8, 1.7], "texture": "#0"},
				"down": {"uv": [14.5, 0.5, 15.3, 1.2], "texture": "#0"}
			}
		},
		{
			"from": [5.99469, 5.5, -0.66311],
			"to": [6.69469, 6.3, -0.01311],
			"rotation": {"angle": 22.5, "axis": "y", "origin": [5.30507, 6.55473, 2.70775]},
			"faces": {
				"north": {"uv": [14, 1, 14.8, 1.8], "texture": "#0"},
				"east": {"uv": [14.5, 1, 15.2, 1.8], "texture": "#0"},
				"south": {"uv": [14, 0.5, 14.8, 1.3], "texture": "#0"},
				"west": {"uv": [14, 1, 14.7, 1.8], "texture": "#0"},
				"up": {"uv": [14, 1, 14.8, 1.7], "texture": "#0"},
				"down": {"uv": [14.5, 0.5, 15.3, 1.2], "texture": "#0"}
			}
		},
		{
			"from": [6.04469, 6.5, 2.68689],
			"to": [7.04469, 7.5, 3.68689],
			"rotation": {"angle": 22.5, "axis": "y", "origin": [5.30507, 6.55473, 2.70775]},
			"faces": {
				"north": {"uv": [14, 1, 14.8, 1.8], "texture": "#0"},
				"east": {"uv": [14.5, 1, 15.2, 1.8], "texture": "#0"},
				"south": {"uv": [14, 0.5, 14.8, 1.3], "texture": "#0"},
				"west": {"uv": [14, 1, 14.7, 1.8], "texture": "#0"},
				"up": {"uv": [14, 1, 14.8, 1.7], "texture": "#0"},
				"down": {"uv": [14.5, 0.5, 15.3, 1.2], "texture": "#0"}
			}
		},
		{
			"from": [2.04469, 6.5, 2.68689],
			"to": [3.04469, 7.5, 3.68689],
			"rotation": {"angle": 22.5, "axis": "y", "origin": [5.30507, 6.55473, 2.70775]},
			"faces": {
				"north": {"uv": [14, 1, 14.8, 1.8], "texture": "#0"},
				"east": {"uv": [14.5, 1, 15.2, 1.8], "texture": "#0"},
				"south": {"uv": [14, 0.5, 14.8, 1.3], "texture": "#0"},
				"west": {"uv": [14, 1, 14.7, 1.8], "texture": "#0"},
				"up": {"uv": [14, 1, 14.8, 1.7], "texture": "#0"},
				"down": {"uv": [14.5, 0.5, 15.3, 1.2], "texture": "#0"}
			}
		},
		{
			"from": [1.94469, 6.75, 3.03689],
			"to": [2.04469, 7.25, 3.53689],
			"rotation": {"angle": 22.5, "axis": "y", "origin": [5.30507, 6.55473, 2.70775]},
			"faces": {
				"north": {"uv": [14, 4, 14.8, 4.8], "texture": "#0"},
				"east": {"uv": [14.5, 4, 15.2, 4.8], "texture": "#0"},
				"south": {"uv": [14, 4, 14.8, 4.8], "texture": "#0"},
				"west": {"uv": [14.5, 4, 15.2, 4.8], "texture": "#0"},
				"up": {"uv": [14, 4, 14.8, 4.7], "texture": "#0"},
				"down": {"uv": [14, 4, 14.8, 4.7], "texture": "#0"}
			}
		},
		{
			"from": [7.04469, 6.75, 3.03689],
			"to": [7.14469, 7.25, 3.53689],
			"rotation": {"angle": 22.5, "axis": "y", "origin": [5.30507, 6.55473, 2.70775]},
			"faces": {
				"north": {"uv": [14, 4, 14.8, 4.8], "texture": "#0"},
				"east": {"uv": [14.5, 4, 15.2, 4.8], "texture": "#0"},
				"south": {"uv": [14, 4, 14.8, 4.8], "texture": "#0"},
				"west": {"uv": [14.5, 4, 15.2, 4.8], "texture": "#0"},
				"up": {"uv": [14, 4, 14.8, 4.7], "texture": "#0"},
				"down": {"uv": [14, 4, 14.8, 4.7], "texture": "#0"}
			}
		},
		{
			"from": [5.09469, 7.75, 3.58689],
			"to": [5.79469, 8.75, 4.23689],
			"rotation": {"angle": 22.5, "axis": "y", "origin": [5.30507, 6.55473, 2.70775]},
			"faces": {
				"north": {"uv": [9, 0.5, 9.8, 1.3], "texture": "#0"},
				"east": {"uv": [9.5, 0.5, 10.2, 1.3], "texture": "#0"},
				"south": {"uv": [8.5, 0.5, 9.3, 1.3], "texture": "#0"},
				"west": {"uv": [9, 0.5, 9.7, 1.3], "texture": "#0"},
				"up": {"uv": [9, 0.5, 9.8, 1.2], "texture": "#0"},
				"down": {"uv": [9.5, 1, 10.3, 1.7], "texture": "#0"}
			}
		},
		{
			"from": [3.34469, 7.75, 3.58689],
			"to": [4.04469, 8.75, 4.23689],
			"rotation": {"angle": 22.5, "axis": "y", "origin": [5.30507, 6.55473, 2.70775]},
			"faces": {
				"north": {"uv": [9, 0.5, 9.8, 1.3], "texture": "#0"},
				"east": {"uv": [9.5, 0.5, 10.2, 1.3], "texture": "#0"},
				"south": {"uv": [8.5, 0.5, 9.3, 1.3], "texture": "#0"},
				"west": {"uv": [9, 0.5, 9.7, 1.3], "texture": "#0"},
				"up": {"uv": [9, 0.5, 9.8, 1.2], "texture": "#0"},
				"down": {"uv": [9.5, 1, 10.3, 1.7], "texture": "#0"}
			}
		},
		{
			"from": [7.208, -2.81433, 11.70283],
			"to": [8.792, 0.35367, 13.41883],
			"rotation": {"angle": -45, "axis": "x", "origin": [8, -3.54033, 11.24083]},
			"faces": {
				"north": {"uv": [3, 0, 6.5, 8], "texture": "#0"},
				"east": {"uv": [4.5, 0, 8, 8], "texture": "#0"},
				"south": {"uv": [0, 0, 3.5, 8], "texture": "#0"},
				"west": {"uv": [2, 0, 5.5, 8], "texture": "#0"},
				"up": {"uv": [4, 1.5, 7, 5], "texture": "#0"},
				"down": {"uv": [0, 0, 3, 3.5], "texture": "#0"}
			}
		},
		{
			"from": [7.373, -3.24665, 11.03191],
			"to": [8.627, -1.86065, 14.19991],
			"rotation": {"angle": 22.5, "axis": "x", "origin": [8, -3.21365, 12.78091]},
			"faces": {
				"north": {"uv": [4, 1.5, 7, 5], "rotation": 180, "texture": "#0"},
				"east": {"uv": [4.5, 0, 8, 8], "rotation": 90, "texture": "#0"},
				"south": {"uv": [0, 0, 3, 3.5], "texture": "#0"},
				"west": {"uv": [2, 0, 5.5, 8], "rotation": 270, "texture": "#0"},
				"up": {"uv": [0, 0, 3.5, 8], "texture": "#0"},
				"down": {"uv": [3, 0, 6.5, 8], "rotation": 180, "texture": "#0"}
			}
		},
		{
			"from": [7.538, -3.08165, 14.19991],
			"to": [8.462, -2.02565, 16.04791],
			"rotation": {"angle": 22.5, "axis": "x", "origin": [8, -3.21365, 12.78091]},
			"faces": {
				"north": {"uv": [5, 4, 7.5, 7], "rotation": 180, "texture": "#0"},
				"east": {"uv": [5.5, 3, 8, 8], "rotation": 90, "texture": "#0"},
				"south": {"uv": [2, 1.5, 4.5, 4.5], "texture": "#0"},
				"west": {"uv": [2, 0, 4.5, 5], "rotation": 270, "texture": "#0"},
				"up": {"uv": [0, 3, 2.5, 8], "texture": "#0"},
				"down": {"uv": [4, 3, 6.5, 8], "rotation": 180, "texture": "#0"}
			}
		},
		{
			"name": "joint",
			"from": [5.03826, 2.90738, 6.98188],
			"to": [5.90946, 4.21418, 8.28868],
			"rotation": {"angle": 0, "axis": "y", "origin": [5.48475, 3.53991, 6.89013]},
			"faces": {
				"north": {"uv": [10, 0.5, 9, 1.5], "rotation": 270, "texture": "#0"},
				"east": {"uv": [10, 0.5, 9, 1.5], "rotation": 270, "texture": "#0"},
				"south": {"uv": [9.5, 0.5, 8.5, 1.5], "rotation": 90, "texture": "#0"},
				"west": {"uv": [11, 0.5, 10, 1.5], "rotation": 270, "texture": "#0"},
				"up": {"uv": [9.5, 0.5, 8.5, 1.5], "rotation": 90, "texture": "#0"},
				"down": {"uv": [10, 0.5, 9, 1.5], "rotation": 90, "texture": "#0"}
			}
		},
		{
			"name": "bone",
			"from": [5.14716, 3.73298, 7.6884],
			"to": [5.80056, 4.38638, 12.0444],
			"rotation": {"angle": 45, "axis": "x", "origin": [5.48475, 3.53991, 6.89013]},
			"faces": {
				"north": {"uv": [10, 0.5, 9, 1.5], "rotation": 270, "texture": "#0"},
				"east": {"uv": [10, 0.5, 9, 1.5], "rotation": 270, "texture": "#0"},
				"south": {"uv": [9.5, 0.5, 8.5, 1.5], "rotation": 90, "texture": "#0"},
				"west": {"uv": [11, 0.5, 10, 1.5], "rotation": 270, "texture": "#0"},
				"up": {"uv": [9.5, 0.5, 8.5, 1.5], "rotation": 90, "texture": "#0"},
				"down": {"uv": [10, 0.5, 9, 1.5], "rotation": 90, "texture": "#0"}
			}
		},
		{
			"name": "bone",
			"from": [5.16894, 0.07455, 10.59934],
			"to": [5.80056, 0.72795, 12.05464],
			"rotation": {"angle": 0, "axis": "y", "origin": [5.48475, 0.89625, 11.90449]},
			"faces": {
				"north": {"uv": [10, 0.5, 9, 1.5], "rotation": 270, "texture": "#0"},
				"east": {"uv": [9, 1.5, 10, 0.5], "texture": "#0"},
				"south": {"uv": [9.5, 0.5, 8.5, 1.5], "rotation": 90, "texture": "#0"},
				"west": {"uv": [10, 1.5, 11, 0.5], "rotation": 180, "texture": "#0"},
				"up": {"uv": [9.5, 0.5, 8.5, 1.5], "rotation": 90, "texture": "#0"},
				"down": {"uv": [10, 0.5, 9, 1.5], "rotation": 90, "texture": "#0"}
			}
		},
		{
			"name": "bone",
			"from": [5.16894, 0.43755, 11.78734],
			"to": [5.80056, 1.09095, 13.70464],
			"rotation": {"angle": -22.5, "axis": "x", "origin": [5.48475, 0.89625, 12.77899]},
			"faces": {
				"north": {"uv": [10, 0.5, 9, 1.5], "rotation": 270, "texture": "#0"},
				"east": {"uv": [9, 1.5, 10, 0.5], "texture": "#0"},
				"south": {"uv": [9.5, 0.5, 8.5, 1.5], "rotation": 90, "texture": "#0"},
				"west": {"uv": [10, 1.5, 11, 0.5], "rotation": 180, "texture": "#0"},
				"up": {"uv": [9.5, 0.5, 8.5, 1.5], "rotation": 90, "texture": "#0"},
				"down": {"uv": [10, 0.5, 9, 1.5], "rotation": 90, "texture": "#0"}
			}
		},
		{
			"name": "bone",
			"from": [5.19072, 6.5425, 13.12827],
			"to": [5.80056, 12.72802, 13.78167],
			"rotation": {"angle": 45, "axis": "x", "origin": [5.50653, 3.57524, 6.86652]},
			"faces": {
				"north": {"uv": [10, 0.5, 9, 1.5], "rotation": 270, "texture": "#0"},
				"east": {"uv": [10, 0.5, 9, 1.5], "rotation": 270, "texture": "#0"},
				"south": {"uv": [9.5, 0.5, 8.5, 1.5], "rotation": 90, "texture": "#0"},
				"west": {"uv": [11, 0.5, 10, 1.5], "rotation": 270, "texture": "#0"},
				"up": {"uv": [9.5, 0.5, 8.5, 1.5], "rotation": 90, "texture": "#0"},
				"down": {"uv": [10, 0.5, 9, 1.5], "rotation": 90, "texture": "#0"}
			}
		},
		{
			"name": "bone",
			"from": [5.23428, 6.69776, 16.72936],
			"to": [5.80056, 9.23216, 17.38276],
			"rotation": {"angle": -45, "axis": "x", "origin": [5.51742, 8.03096, 16.72606]},
			"faces": {
				"north": {"uv": [10, 0.5, 9, 1.5], "rotation": 270, "texture": "#0"},
				"east": {"uv": [10, 0.5, 9, 1.5], "rotation": 270, "texture": "#0"},
				"south": {"uv": [9.5, 0.5, 8.5, 1.5], "rotation": 90, "texture": "#0"},
				"west": {"uv": [11, 0.5, 10, 1.5], "rotation": 270, "texture": "#0"},
				"up": {"uv": [9.5, 0.5, 8.5, 1.5], "rotation": 90, "texture": "#0"},
				"down": {"uv": [10, 0.5, 9, 1.5], "rotation": 90, "texture": "#0"}
			}
		},
		{
			"name": "bone",
			"from": [5.23428, 5.16548, 17.48708],
			"to": [5.80056, 7.56788, 18.14048],
			"rotation": {"angle": 0, "axis": "y", "origin": [5.51742, 6.20168, 17.48378]},
			"faces": {
				"north": {"uv": [10, 0.5, 9, 1.5], "rotation": 270, "texture": "#0"},
				"east": {"uv": [10, 0.5, 9, 1.5], "rotation": 270, "texture": "#0"},
				"south": {"uv": [9.5, 0.5, 8.5, 1.5], "rotation": 90, "texture": "#0"},
				"west": {"uv": [11, 0.5, 10, 1.5], "rotation": 270, "texture": "#0"},
				"up": {"uv": [9.5, 0.5, 8.5, 1.5], "rotation": 90, "texture": "#0"},
				"down": {"uv": [10, 0.5, 9, 1.5], "rotation": 90, "texture": "#0"}
			}
		},
		{
			"name": "flap",
			"from": [5.49564, 0.72938, 8.28868],
			"to": [5.52864, 9.22358, 18.96088],
			"rotation": {"angle": 0, "axis": "y", "origin": [5.48475, 3.53991, 6.89013]},
			"faces": {
				"north": {"uv": [9.058, 0.941, 0.471, 1.691], "rotation": 270, "texture": "#1"},
				"east": {"uv": [16, 0, 0, 16], "rotation": 270, "texture": "#2"},
				"south": {"uv": [8.117, 0.941, 0.941, 1.691], "rotation": 90, "texture": "#1"},
				"west": {"uv": [16, 0, 0, 16], "rotation": 270, "texture": "#1"},
				"up": {"uv": [3.883, 1.412, 1.883, 2.162], "rotation": 90, "texture": "#1"},
				"down": {"uv": [2.941, 0.941, 0.941, 1.691], "rotation": 90, "texture": "#1"}
			}
		},
		{
			"name": "tendon",
			"from": [5.33229, 0.49402, 10.83246],
			"to": [5.57187, 2.84626, 11.26806],
			"rotation": {"angle": 0, "axis": "y", "origin": [5.45208, 1.67014, 11.05026]},
			"faces": {
				"north": {"uv": [10, 0.5, 9, 1.5], "rotation": 270, "texture": "#0"},
				"east": {"uv": [10, 0.5, 9, 1.5], "rotation": 270, "texture": "#0"},
				"south": {"uv": [9.5, 0.5, 8.5, 1.5], "rotation": 90, "texture": "#0"},
				"west": {"uv": [11, 0.5, 10, 1.5], "rotation": 270, "texture": "#0"},
				"up": {"uv": [9.5, 0.5, 8.5, 1.5], "rotation": 90, "texture": "#0"},
				"down": {"uv": [10, 0.5, 9, 1.5], "rotation": 90, "texture": "#0"}
			}
		},
		{
			"name": "tendon",
			"from": [5.34318, 1.06309, 10.20511],
			"to": [5.56098, 2.74874, 10.64071],
			"rotation": {"angle": -22.5, "axis": "x", "origin": [5.48475, 3.53991, 6.89013]},
			"faces": {
				"north": {"uv": [10, 0.5, 9, 1.5], "rotation": 270, "texture": "#0"},
				"east": {"uv": [10, 0.5, 9, 1.5], "rotation": 270, "texture": "#0"},
				"south": {"uv": [9.5, 0.5, 8.5, 1.5], "rotation": 90, "texture": "#0"},
				"west": {"uv": [11, 0.5, 10, 1.5], "rotation": 270, "texture": "#0"},
				"up": {"uv": [9.5, 0.5, 8.5, 1.5], "rotation": 90, "texture": "#0"},
				"down": {"uv": [10, 0.5, 9, 1.5], "rotation": 90, "texture": "#0"}
			}
		},
		{
			"name": "tendon",
			"from": [5.33229, 0.99311, 13.15069],
			"to": [5.57187, 4.43435, 13.58629],
			"rotation": {"angle": 0, "axis": "y", "origin": [5.45208, 2.71373, 13.36849]},
			"faces": {
				"north": {"uv": [10, 0.5, 9, 1.5], "rotation": 270, "texture": "#0"},
				"east": {"uv": [10, 0.5, 9, 1.5], "rotation": 270, "texture": "#0"},
				"south": {"uv": [9.5, 0.5, 8.5, 1.5], "rotation": 90, "texture": "#0"},
				"west": {"uv": [11, 0.5, 10, 1.5], "rotation": 270, "texture": "#0"},
				"up": {"uv": [9.5, 0.5, 8.5, 1.5], "rotation": 90, "texture": "#0"},
				"down": {"uv": [10, 0.5, 9, 1.5], "rotation": 90, "texture": "#0"}
			}
		},
		{
			"name": "tendon",
			"from": [5.34318, -1.55445, 14.37848],
			"to": [5.56098, 0.01371, 14.81408],
			"rotation": {"angle": -45, "axis": "x", "origin": [5.48475, 3.53991, 6.89013]},
			"faces": {
				"north": {"uv": [10, 0.5, 9, 1.5], "rotation": 270, "texture": "#0"},
				"east": {"uv": [10, 0.5, 9, 1.5], "rotation": 270, "texture": "#0"},
				"south": {"uv": [9.5, 0.5, 8.5, 1.5], "rotation": 90, "texture": "#0"},
				"west": {"uv": [11, 0.5, 10, 1.5], "rotation": 270, "texture": "#0"},
				"up": {"uv": [9.5, 0.5, 8.5, 1.5], "rotation": 90, "texture": "#0"},
				"down": {"uv": [10, 0.5, 9, 1.5], "rotation": 90, "texture": "#0"}
			}
		},
		{
			"name": "tendon",
			"from": [5.33229, 0.36901, 15.74483],
			"to": [5.57187, 1.96984, 16.18043],
			"rotation": {"angle": -22.5, "axis": "x", "origin": [5.48475, 3.53991, 6.89013]},
			"faces": {
				"north": {"uv": [10, 0.5, 9, 1.5], "rotation": 270, "texture": "#0"},
				"east": {"uv": [10, 0.5, 9, 1.5], "rotation": 270, "texture": "#0"},
				"south": {"uv": [9.5, 0.5, 8.5, 1.5], "rotation": 90, "texture": "#0"},
				"west": {"uv": [11, 0.5, 10, 1.5], "rotation": 270, "texture": "#0"},
				"up": {"uv": [9.5, 0.5, 8.5, 1.5], "rotation": 90, "texture": "#0"},
				"down": {"uv": [10, 0.5, 9, 1.5], "rotation": 90, "texture": "#0"}
			}
		},
		{
			"name": "tendon",
			"from": [5.34318, 1.69011, 12.99926],
			"to": [5.56098, 3.02727, 13.43486],
			"rotation": {"angle": -22.5, "axis": "x", "origin": [5.48475, 3.53991, 6.89013]},
			"faces": {
				"north": {"uv": [10, 0.5, 9, 1.5], "rotation": 270, "texture": "#0"},
				"east": {"uv": [10, 0.5, 9, 1.5], "rotation": 270, "texture": "#0"},
				"south": {"uv": [9.5, 0.5, 8.5, 1.5], "rotation": 90, "texture": "#0"},
				"west": {"uv": [11, 0.5, 10, 1.5], "rotation": 270, "texture": "#0"},
				"up": {"uv": [9.5, 0.5, 8.5, 1.5], "rotation": 90, "texture": "#0"},
				"down": {"uv": [10, 0.5, 9, 1.5], "rotation": 90, "texture": "#0"}
			}
		},
		{
			"name": "joint",
			"from": [10.09054, 2.90738, 6.98188],
			"to": [10.96174, 4.21418, 8.28868],
			"rotation": {"angle": 0, "axis": "y", "origin": [10.51525, 3.53991, 6.89013]},
			"faces": {
				"north": {"uv": [9.5, 0.5, 8.5, 1.5], "rotation": 90, "texture": "#0"},
				"east": {"uv": [11, 0.5, 10, 1.5], "rotation": 270, "texture": "#0"},
				"south": {"uv": [10, 0.5, 9, 1.5], "rotation": 270, "texture": "#0"},
				"west": {"uv": [10, 0.5, 9, 1.5], "rotation": 270, "texture": "#0"},
				"up": {"uv": [9.5, 0.5, 8.5, 1.5], "rotation": 270, "texture": "#0"},
				"down": {"uv": [10, 0.5, 9, 1.5], "rotation": 270, "texture": "#0"}
			}
		},
		{
			"name": "bone",
			"from": [10.19944, 3.73298, 7.6884],
			"to": [10.85284, 4.38638, 12.0444],
			"rotation": {"angle": 45, "axis": "x", "origin": [10.51525, 3.53991, 6.89013]},
			"faces": {
				"north": {"uv": [9.5, 0.5, 8.5, 1.5], "rotation": 90, "texture": "#0"},
				"east": {"uv": [11, 0.5, 10, 1.5], "rotation": 270, "texture": "#0"},
				"south": {"uv": [10, 0.5, 9, 1.5], "rotation": 270, "texture": "#0"},
				"west": {"uv": [10, 0.5, 9, 1.5], "rotation": 270, "texture": "#0"},
				"up": {"uv": [9.5, 0.5, 8.5, 1.5], "rotation": 270, "texture": "#0"},
				"down": {"uv": [10, 0.5, 9, 1.5], "rotation": 270, "texture": "#0"}
			}
		},
		{
			"name": "bone",
			"from": [10.19944, 0.07455, 10.63234],
			"to": [10.83106, 0.72795, 12.08764],
			"rotation": {"angle": 0, "axis": "y", "origin": [10.51525, 0.89625, 11.90449]},
			"faces": {
				"north": {"uv": [9.5, 0.5, 8.5, 1.5], "rotation": 90, "texture": "#0"},
				"east": {"uv": [10, 1.5, 11, 0.5], "rotation": 180, "texture": "#0"},
				"south": {"uv": [10, 0.5, 9, 1.5], "rotation": 270, "texture": "#0"},
				"west": {"uv": [9, 1.5, 10, 0.5], "texture": "#0"},
				"up": {"uv": [9.5, 0.5, 8.5, 1.5], "rotation": 270, "texture": "#0"},
				"down": {"uv": [10, 0.5, 9, 1.5], "rotation": 270, "texture": "#0"}
			}
		},
		{
			"name": "bone",
			"from": [10.19944, 0.33855, 12.01834],
			"to": [10.83106, 0.99195, 13.93564],
			"rotation": {"angle": -22.5, "axis": "x", "origin": [10.51525, 0.40125, 12.66349]},
			"faces": {
				"north": {"uv": [9.5, 0.5, 8.5, 1.5], "rotation": 90, "texture": "#0"},
				"east": {"uv": [10, 1.5, 11, 0.5], "rotation": 180, "texture": "#0"},
				"south": {"uv": [10, 0.5, 9, 1.5], "rotation": 270, "texture": "#0"},
				"west": {"uv": [9, 1.5, 10, 0.5], "texture": "#0"},
				"up": {"uv": [9.5, 0.5, 8.5, 1.5], "rotation": 270, "texture": "#0"},
				"down": {"uv": [10, 0.5, 9, 1.5], "rotation": 270, "texture": "#0"}
			}
		},
		{
			"name": "bone",
			"from": [10.19944, -3.33991, 9.83379],
			"to": [10.80928, -2.68651, 16.01931],
			"rotation": {"angle": -45, "axis": "x", "origin": [10.49347, 3.57524, 6.86652]},
			"faces": {
				"north": {"uv": [9.5, 0.5, 8.5, 1.5], "rotation": 90, "texture": "#0"},
				"east": {"uv": [10, 1.5, 11, 0.5], "rotation": 180, "texture": "#0"},
				"south": {"uv": [10, 0.5, 9, 1.5], "rotation": 270, "texture": "#0"},
				"west": {"uv": [9, 1.5, 10, 0.5], "texture": "#0"},
				"up": {"uv": [9.5, 0.5, 8.5, 1.5], "rotation": 270, "texture": "#0"},
				"down": {"uv": [10, 0.5, 9, 1.5], "rotation": 270, "texture": "#0"}
			}
		},
		{
			"name": "bone",
			"from": [10.19944, 6.69776, 16.72936],
			"to": [10.76572, 9.23216, 17.38276],
			"rotation": {"angle": -45, "axis": "x", "origin": [10.48258, 8.03096, 16.72606]},
			"faces": {
				"north": {"uv": [9.5, 0.5, 8.5, 1.5], "rotation": 90, "texture": "#0"},
				"east": {"uv": [11, 0.5, 10, 1.5], "rotation": 270, "texture": "#0"},
				"south": {"uv": [10, 0.5, 9, 1.5], "rotation": 270, "texture": "#0"},
				"west": {"uv": [10, 0.5, 9, 1.5], "rotation": 270, "texture": "#0"},
				"up": {"uv": [9.5, 0.5, 8.5, 1.5], "rotation": 270, "texture": "#0"},
				"down": {"uv": [10, 0.5, 9, 1.5], "rotation": 270, "texture": "#0"}
			}
		},
		{
			"name": "bone",
			"from": [10.19944, 5.16548, 17.48708],
			"to": [10.76572, 7.56788, 18.14048],
			"rotation": {"angle": 0, "axis": "y", "origin": [10.48258, 6.20168, 17.48378]},
			"faces": {
				"north": {"uv": [9.5, 0.5, 8.5, 1.5], "rotation": 90, "texture": "#0"},
				"east": {"uv": [11, 0.5, 10, 1.5], "rotation": 270, "texture": "#0"},
				"south": {"uv": [10, 0.5, 9, 1.5], "rotation": 270, "texture": "#0"},
				"west": {"uv": [10, 0.5, 9, 1.5], "rotation": 270, "texture": "#0"},
				"up": {"uv": [9.5, 0.5, 8.5, 1.5], "rotation": 270, "texture": "#0"},
				"down": {"uv": [10, 0.5, 9, 1.5], "rotation": 270, "texture": "#0"}
			}
		},
		{
			"name": "flap",
			"from": [10.47136, 0.72938, 8.28868],
			"to": [10.50436, 9.22358, 18.96088],
			"rotation": {"angle": 0, "axis": "y", "origin": [10.51525, 3.53991, 6.89013]},
			"faces": {
				"north": {"uv": [0.941, 1.883, 7.647, 3.103], "rotation": 90, "texture": "#1"},
				"east": {"uv": [16, 16, 0, 0], "rotation": 270, "texture": "#1"},
				"south": {"uv": [0.471, 0.941, 7.647, 2.632], "rotation": 270, "texture": "#1"},
				"west": {"uv": [16, 16, 0, 0], "rotation": 270, "texture": "#2"},
				"up": {"uv": [1.412, 1.412, 3.412, 2.162], "rotation": 270, "texture": "#1"},
				"down": {"uv": [1.412, 0.941, 3.412, 1.691], "rotation": 270, "texture": "#1"}
			}
		},
		{
			"name": "tendon",
			"from": [10.42813, 0.49402, 10.83246],
			"to": [10.66771, 2.84626, 11.26806],
			"rotation": {"angle": 0, "axis": "y", "origin": [10.54792, 1.67014, 11.05026]},
			"faces": {
				"north": {"uv": [9.5, 0.5, 8.5, 1.5], "rotation": 90, "texture": "#0"},
				"east": {"uv": [11, 0.5, 10, 1.5], "rotation": 270, "texture": "#0"},
				"south": {"uv": [10, 0.5, 9, 1.5], "rotation": 270, "texture": "#0"},
				"west": {"uv": [10, 0.5, 9, 1.5], "rotation": 270, "texture": "#0"},
				"up": {"uv": [9.5, 0.5, 8.5, 1.5], "rotation": 270, "texture": "#0"},
				"down": {"uv": [10, 0.5, 9, 1.5], "rotation": 270, "texture": "#0"}
			}
		},
		{
			"name": "tendon",
			"from": [10.43902, 1.06309, 10.20511],
			"to": [10.65682, 2.74874, 10.64071],
			"rotation": {"angle": -22.5, "axis": "x", "origin": [10.51525, 3.53991, 6.89013]},
			"faces": {
				"north": {"uv": [9.5, 0.5, 8.5, 1.5], "rotation": 90, "texture": "#0"},
				"east": {"uv": [11, 0.5, 10, 1.5], "rotation": 270, "texture": "#0"},
				"south": {"uv": [10, 0.5, 9, 1.5], "rotation": 270, "texture": "#0"},
				"west": {"uv": [10, 0.5, 9, 1.5], "rotation": 270, "texture": "#0"},
				"up": {"uv": [9.5, 0.5, 8.5, 1.5], "rotation": 270, "texture": "#0"},
				"down": {"uv": [10, 0.5, 9, 1.5], "rotation": 270, "texture": "#0"}
			}
		},
		{
			"name": "tendon",
			"from": [10.42813, 0.99311, 13.15069],
			"to": [10.66771, 4.43435, 13.58629],
			"rotation": {"angle": 0, "axis": "y", "origin": [10.54792, 2.71373, 13.36849]},
			"faces": {
				"north": {"uv": [9.5, 0.5, 8.5, 1.5], "rotation": 90, "texture": "#0"},
				"east": {"uv": [11, 0.5, 10, 1.5], "rotation": 270, "texture": "#0"},
				"south": {"uv": [10, 0.5, 9, 1.5], "rotation": 270, "texture": "#0"},
				"west": {"uv": [10, 0.5, 9, 1.5], "rotation": 270, "texture": "#0"},
				"up": {"uv": [9.5, 0.5, 8.5, 1.5], "rotation": 270, "texture": "#0"},
				"down": {"uv": [10, 0.5, 9, 1.5], "rotation": 270, "texture": "#0"}
			}
		},
		{
			"name": "tendon",
			"from": [10.43902, -1.55445, 14.37848],
			"to": [10.65682, 0.01371, 14.81408],
			"rotation": {"angle": -45, "axis": "x", "origin": [10.51525, 3.53991, 6.89013]},
			"faces": {
				"north": {"uv": [9.5, 0.5, 8.5, 1.5], "rotation": 90, "texture": "#0"},
				"east": {"uv": [11, 0.5, 10, 1.5], "rotation": 270, "texture": "#0"},
				"south": {"uv": [10, 0.5, 9, 1.5], "rotation": 270, "texture": "#0"},
				"west": {"uv": [10, 0.5, 9, 1.5], "rotation": 270, "texture": "#0"},
				"up": {"uv": [9.5, 0.5, 8.5, 1.5], "rotation": 270, "texture": "#0"},
				"down": {"uv": [10, 0.5, 9, 1.5], "rotation": 270, "texture": "#0"}
			}
		},
		{
			"name": "tendon",
			"from": [10.42813, 0.36901, 15.74483],
			"to": [10.66771, 1.96984, 16.18043],
			"rotation": {"angle": -22.5, "axis": "x", "origin": [10.51525, 3.53991, 6.89013]},
			"faces": {
				"north": {"uv": [9.5, 0.5, 8.5, 1.5], "rotation": 90, "texture": "#0"},
				"east": {"uv": [11, 0.5, 10, 1.5], "rotation": 270, "texture": "#0"},
				"south": {"uv": [10, 0.5, 9, 1.5], "rotation": 270, "texture": "#0"},
				"west": {"uv": [10, 0.5, 9, 1.5], "rotation": 270, "texture": "#0"},
				"up": {"uv": [9.5, 0.5, 8.5, 1.5], "rotation": 270, "texture": "#0"},
				"down": {"uv": [10, 0.5, 9, 1.5], "rotation": 270, "texture": "#0"}
			}
		},
		{
			"name": "tendon",
			"from": [10.43902, 1.69011, 12.99926],
			"to": [10.65682, 3.02727, 13.43486],
			"rotation": {"angle": -22.5, "axis": "x", "origin": [10.51525, 3.53991, 6.89013]},
			"faces": {
				"north": {"uv": [9.5, 0.5, 8.5, 1.5], "rotation": 90, "texture": "#0"},
				"east": {"uv": [11, 0.5, 10, 1.5], "rotation": 270, "texture": "#0"},
				"south": {"uv": [10, 0.5, 9, 1.5], "rotation": 270, "texture": "#0"},
				"west": {"uv": [10, 0.5, 9, 1.5], "rotation": 270, "texture": "#0"},
				"up": {"uv": [9.5, 0.5, 8.5, 1.5], "rotation": 270, "texture": "#0"},
				"down": {"uv": [10, 0.5, 9, 1.5], "rotation": 270, "texture": "#0"}
			}
		}
	],
	"display": {
		"head": {
			"translation": [0, -13.8, 0],
			"scale": [2, 2, 2]
		}
	},
	"groups": [
		{
			"name": "BodyLegs",
			"origin": [11.4, -9.8, 8],
			"children": [0, 1, 2, 3, 4, 5, 6, 7, 8, 9, 10, 11]
		},
		{
			"name": "Heads",
			"origin": [5.30507, 9.55473, 0.70775],
			"children": [12, 13, 14, 15, 16, 17, 18, 19, 20, 21, 22, 23, 24, 25, 26, 27, 28, 29, 30, 31, 32, 33, 34, 35, 36, 37, 38, 39, 40, 41]
		},
		{
			"name": "Tail",
			"origin": [8, -4.86917, 15.24381],
			"children": [42, 43, 44]
		},
		{
			"name": "dragwingleft",
			"origin": [8, 8, 8],
			"children": [
				{
					"name": "dragonwingleft",
					"origin": [8, 8, 8],
					"children": [45, 46, 47, 48, 49, 50, 51, 52, 53, 54, 55, 56, 57, 58]
				}
			]
		},
		{
			"name": "dragwingright",
			"origin": [8, 8, 8],
			"children": [
				{
					"name": "dragonwingright",
					"origin": [8, 8, 8],
					"children": [59, 60, 61, 62, 63, 64, 65, 66, 67, 68, 69, 70, 71, 72]
				}
			]
		}
	]
}