{
	"credit": "Made with Blockbench",
	"textures": {
		"0": "blocks/p2reddragon",
		"1": "blocks/p2reddragonwingdown",
		"2": "blocks/p2reddragonwingup",
		"particle": "blocks/p2reddragon"
	},
	"elements": [
		{
			"from": [4.8, -2, 4],
			"to": [11.2, 6.8, 9.6],
			"rotation": {"angle": -22.5, "axis": "x", "origin": [8, 4.4, 8]},
			"faces": {
				"north": {"uv": [0, 8, 8, 16], "texture": "#0"},
				"east": {"uv": [2.5, 0, 8, 8], "texture": "#0"},
				"south": {"uv": [0, 0, 8, 8], "texture": "#0"},
				"west": {"uv": [0, 0, 5.5, 8], "texture": "#0"},
				"up": {"uv": [0, 0, 8, 7], "texture": "#0"},
				"down": {"uv": [0, 0, 8, 7], "texture": "#0"}
			}
		},
		{
			"from": [5, -2.8, 3.6],
			"to": [11, 4.4, 9.2],
			"rotation": {"angle": 0, "axis": "x", "origin": [8, 4.4, 8]},
			"faces": {
				"north": {"uv": [0, 8.5, 8, 16], "texture": "#0"},
				"east": {"uv": [2.5, 0, 8, 8], "texture": "#0"},
				"south": {"uv": [0, 0, 8, 8], "texture": "#0"},
				"west": {"uv": [0, 0, 5.5, 8], "texture": "#0"},
				"up": {"uv": [0, 0, 8, 7], "texture": "#0"},
				"down": {"uv": [0, 0, 8, 7], "texture": "#0"}
			}
		},
		{
			"from": [3.8, -3.6, 6.2],
			"to": [7, -0.4, 9.4],
			"rotation": {"angle": 45, "axis": "x", "origin": [5.4, -2, 7.6]},
			"faces": {
				"north": {"uv": [0, 0, 4, 4], "texture": "#0"},
				"east": {"uv": [0, 0, 4, 4], "texture": "#0"},
				"south": {"uv": [0, 0, 4, 4], "texture": "#0"},
				"west": {"uv": [0, 0, 4, 4], "texture": "#0"},
				"up": {"uv": [0, 0, 4, 4], "texture": "#0"},
				"down": {"uv": [0, 0, 4, 4], "texture": "#0"}
			}
		},
		{
			"from": [9, -3.6, 6.2],
			"to": [12.2, -0.4, 9.4],
			"rotation": {"angle": 45, "axis": "x", "origin": [5.4, -2, 7.6]},
			"faces": {
				"north": {"uv": [0, 0, 4, 4], "texture": "#0"},
				"east": {"uv": [0, 0, 4, 4], "texture": "#0"},
				"south": {"uv": [0, 0, 4, 4], "texture": "#0"},
				"west": {"uv": [0, 0, 4, 4], "texture": "#0"},
				"up": {"uv": [0, 0, 4, 4], "texture": "#0"},
				"down": {"uv": [0, 0, 4, 4], "texture": "#0"}
			}
		},
		{
			"from": [4.2, -3.2, 9.4],
			"to": [6.6, -0.8, 13.4],
			"rotation": {"angle": 45, "axis": "x", "origin": [5.4, -2, 7.6]},
			"faces": {
				"north": {"uv": [0, 0, 4, 4], "texture": "#0"},
				"east": {"uv": [0, 0, 5.5, 3], "texture": "#0"},
				"south": {"uv": [0, 0, 4, 4], "texture": "#0"},
				"west": {"uv": [0, 0, 5.5, 3], "texture": "#0"},
				"up": {"uv": [0, 0, 3, 5.5], "texture": "#0"},
				"down": {"uv": [0, 0, 3, 5.5], "texture": "#0"}
			}
		},
		{
			"from": [4.6, -9.74975, 8.95563],
			"to": [6.2, -5.34975, 10.55563],
			"rotation": {"angle": 22.5, "axis": "x", "origin": [5.4, -6.94975, 9.15563]},
			"faces": {
				"north": {"uv": [0, 0, 2, 5.5], "texture": "#0"},
				"east": {"uv": [2.5, 2.5, 5, 8], "texture": "#0"},
				"south": {"uv": [2, 0, 4, 5.5], "texture": "#0"},
				"west": {"uv": [5.5, 0, 8, 5.5], "texture": "#0"},
				"up": {"uv": [0, 0, 2, 2], "texture": "#0"},
				"down": {"uv": [0, 0, 2, 2], "texture": "#0"}
			}
		},
		{
			"from": [3.8, -10.2, 6.4],
			"to": [5.4, -9.4, 9.6],
			"rotation": {"angle": 22.5, "axis": "y", "origin": [4.6, -9.8, 8]},
			"faces": {
				"north": {"uv": [0, 0, 1.5, 1], "rotation": 180, "texture": "#0"},
				"east": {"uv": [0, 0, 1, 2.5], "rotation": 270, "texture": "#0"},
				"south": {"uv": [0, 0, 1.5, 1], "texture": "#0"},
				"west": {"uv": [0, 0, 1, 2.5], "rotation": 90, "texture": "#0"},
				"up": {"uv": [0, 0, 1.5, 2.5], "rotation": 180, "texture": "#0"},
				"down": {"uv": [0, 0, 1.5, 2.5], "texture": "#0"}
			}
		},
		{
			"from": [5.4, -10.2, 6.4],
			"to": [7, -9.4, 9.6],
			"rotation": {"angle": -22.5, "axis": "y", "origin": [6.2, -9.8, 8]},
			"faces": {
				"north": {"uv": [0, 0, 1.5, 1], "rotation": 180, "texture": "#0"},
				"east": {"uv": [0, 0, 1, 2.5], "rotation": 270, "texture": "#0"},
				"south": {"uv": [0, 0, 1.5, 1], "texture": "#0"},
				"west": {"uv": [0, 0, 1, 2.5], "rotation": 90, "texture": "#0"},
				"up": {"uv": [0, 0, 1.5, 2.5], "rotation": 180, "texture": "#0"},
				"down": {"uv": [0, 0, 1.5, 2.5], "texture": "#0"}
			}
		},
		{
			"from": [9.4, -3.2, 9.4],
			"to": [11.8, -0.8, 13.4],
			"rotation": {"angle": 45, "axis": "x", "origin": [10.6, -2, 7.6]},
			"faces": {
				"north": {"uv": [0, 0, 4, 4], "texture": "#0"},
				"east": {"uv": [0, 0, 5.5, 3], "texture": "#0"},
				"south": {"uv": [0, 0, 4, 4], "texture": "#0"},
				"west": {"uv": [0, 0, 5.5, 3], "texture": "#0"},
				"up": {"uv": [0, 0, 3, 5.5], "texture": "#0"},
				"down": {"uv": [0, 0, 3, 5.5], "texture": "#0"}
			}
		},
		{
			"from": [9.8, -9.74975, 8.95563],
			"to": [11.4, -5.34975, 10.55563],
			"rotation": {"angle": 22.5, "axis": "x", "origin": [10.6, -6.94975, 9.15563]},
			"faces": {
				"north": {"uv": [0, 0, 2, 5.5], "texture": "#0"},
				"east": {"uv": [2.5, 2.5, 5, 8], "texture": "#0"},
				"south": {"uv": [2, 0, 4, 5.5], "texture": "#0"},
				"west": {"uv": [5.5, 0, 8, 5.5], "texture": "#0"},
				"up": {"uv": [0, 0, 2, 2], "texture": "#0"},
				"down": {"uv": [0, 0, 2, 2], "texture": "#0"}
			}
		},
		{
			"from": [9, -10.2, 6.4],
			"to": [10.6, -9.4, 9.6],
			"rotation": {"angle": 22.5, "axis": "y", "origin": [9.8, -9.8, 8]},
			"faces": {
				"north": {"uv": [0, 0, 1.5, 1], "rotation": 180, "texture": "#0"},
				"east": {"uv": [0, 0, 1, 2.5], "rotation": 270, "texture": "#0"},
				"south": {"uv": [0, 0, 1.5, 1], "texture": "#0"},
				"west": {"uv": [0, 0, 1, 2.5], "rotation": 90, "texture": "#0"},
				"up": {"uv": [0, 0, 1.5, 2.5], "rotation": 180, "texture": "#0"},
				"down": {"uv": [0, 0, 1.5, 2.5], "texture": "#0"}
			}
		},
		{
			"from": [10.6, -10.2, 6.4],
			"to": [12.2, -9.4, 9.6],
			"rotation": {"angle": -22.5, "axis": "y", "origin": [11.4, -9.8, 8]},
			"faces": {
				"north": {"uv": [0, 0, 1.5, 1], "rotation": 180, "texture": "#0"},
				"east": {"uv": [0, 0, 1, 2.5], "rotation": 270, "texture": "#0"},
				"south": {"uv": [0, 0, 1.5, 1], "texture": "#0"},
				"west": {"uv": [0, 0, 1, 2.5], "rotation": 90, "texture": "#0"},
				"up": {"uv": [0, 0, 1.5, 2.5], "rotation": 180, "texture": "#0"},
				"down": {"uv": [0, 0, 1.5, 2.5], "texture": "#0"}
			}
		},
		{
			"from": [5.2, 5.1267, 4.18015],
			"to": [7.6, 7.5267, 6.58015],
			"rotation": {"angle": 22.5, "axis": "y", "origin": [6.4, 6.3267, 5.38015]},
			"faces": {
				"north": {"uv": [5, 0, 8, 3], "rotation": 180, "texture": "#0"},
				"east": {"uv": [0, 0, 3, 3], "rotation": 270, "texture": "#0"},
				"south": {"uv": [0, 4, 3, 7], "texture": "#0"},
				"west": {"uv": [4, 3.5, 7, 6.5], "rotation": 90, "texture": "#0"},
				"up": {"uv": [1.5, 0, 4.5, 3], "rotation": 180, "texture": "#0"},
				"down": {"uv": [2, 2, 5, 5], "texture": "#0"}
			}
		},
		{
			"from": [5.05, 6.5267, 2.68015],
			"to": [7.05, 8.5267, 4.68015],
			"rotation": {"angle": 22.5, "axis": "y", "origin": [5.7, 8.0267, 4.68015]},
			"faces": {
				"north": {"uv": [5, 2.5, 8, 5.5], "rotation": 180, "texture": "#0"},
				"east": {"uv": [5, 5, 8, 8], "rotation": 270, "texture": "#0"},
				"south": {"uv": [2, 4, 5, 7], "texture": "#0"},
				"west": {"uv": [2, 0.5, 5, 3.5], "rotation": 90, "texture": "#0"},
				"up": {"uv": [3.5, 0.5, 6.5, 3.5], "rotation": 180, "texture": "#0"},
				"down": {"uv": [1, 4, 4, 7], "texture": "#0"}
			}
		},
		{
			"from": [5.3, 6.7767, 1.18015],
			"to": [6.8, 8.2767, 2.68015],
			"rotation": {"angle": 22.5, "axis": "y", "origin": [5.7, 8.0267, 4.68015]},
			"faces": {
				"north": {"uv": [3, 2, 5.5, 4.5], "rotation": 180, "texture": "#0"},
				"east": {"uv": [5, 4.5, 7.5, 7], "rotation": 270, "texture": "#0"},
				"south": {"uv": [1, 5, 3.5, 7.5], "texture": "#0"},
				"west": {"uv": [5, 1.5, 7.5, 4], "rotation": 90, "texture": "#0"},
				"up": {"uv": [5.5, 0, 8, 2.5], "rotation": 180, "texture": "#0"},
				"down": {"uv": [1, 1, 3.5, 3.5], "texture": "#0"}
			}
		},
		{
			"from": [8.80868, 5.1267, 4.26564],
			"to": [11.20868, 7.5267, 6.66564],
			"rotation": {"angle": -22.5, "axis": "y", "origin": [9.98945, 7.79337, 4.43924]},
			"faces": {
				"north": {"uv": [5, 0, 8, 3], "rotation": 180, "texture": "#0"},
				"east": {"uv": [0, 0, 3, 3], "rotation": 270, "texture": "#0"},
				"south": {"uv": [0, 4, 3, 7], "texture": "#0"},
				"west": {"uv": [4, 3.5, 7, 6.5], "rotation": 90, "texture": "#0"},
				"up": {"uv": [1.5, 0, 4.5, 3], "rotation": 180, "texture": "#0"},
				"down": {"uv": [2, 2, 5, 5], "texture": "#0"}
			}
		},
		{
			"from": [8.97984, 6.5267, 2.55104],
			"to": [10.97984, 8.5267, 4.55104],
			"rotation": {"angle": -22.5, "axis": "y", "origin": [9.98945, 7.79337, 4.43924]},
			"faces": {
				"north": {"uv": [5, 2.5, 8, 5.5], "rotation": 180, "texture": "#0"},
				"east": {"uv": [5, 5, 8, 8], "rotation": 270, "texture": "#0"},
				"south": {"uv": [2, 4, 5, 7], "texture": "#0"},
				"west": {"uv": [2, 0.5, 5, 3.5], "rotation": 90, "texture": "#0"},
				"up": {"uv": [3.5, 0.5, 6.5, 3.5], "rotation": 180, "texture": "#0"},
				"down": {"uv": [1, 4, 4, 7], "texture": "#0"}
			}
		},
		{
			"from": [9.22984, 6.7767, 1.05104],
			"to": [10.72984, 8.2767, 2.55104],
			"rotation": {"angle": -22.5, "axis": "y", "origin": [9.98945, 7.79337, 4.43924]},
			"faces": {
				"north": {"uv": [3, 2, 5.5, 4.5], "rotation": 180, "texture": "#0"},
				"east": {"uv": [5, 4.5, 7.5, 7], "rotation": 270, "texture": "#0"},
				"south": {"uv": [1, 5, 3.5, 7.5], "texture": "#0"},
				"west": {"uv": [5, 1.5, 7.5, 4], "rotation": 90, "texture": "#0"},
				"up": {"uv": [5.5, 0, 8, 2.5], "rotation": 180, "texture": "#0"},
				"down": {"uv": [1, 1, 3.5, 3.5], "texture": "#0"}
			}
		},
		{
			"from": [8.60598, 5.1267, -4.42545],
			"to": [13.00598, 6.5267, 0.97455],
			"rotation": {"angle": -22.5, "axis": "x", "origin": [10.78962, 6.57367, 0.9543]},
			"faces": {
				"north": {"uv": [3.5, 0, 8, 1.5], "rotation": 180, "texture": "#0"},
				"east": {"uv": [0, 0, 1.5, 5], "rotation": 270, "texture": "#0"},
				"south": {"uv": [0, 5.5, 4.5, 7], "texture": "#0"},
				"west": {"uv": [4, 1.5, 5.5, 6.5], "rotation": 90, "texture": "#0"},
				"up": {"uv": [8, 1, 13, 6], "texture": "#0"},
				"down": {"uv": [2, 0.5, 6.5, 5], "texture": "#0"}
			}
		},
		{
			"from": [9.10598, 4.7267, -3.42545],
			"to": [12.50598, 5.1267, -0.02545],
			"rotation": {"angle": -22.5, "axis": "x", "origin": [10.78962, 6.57367, 0.9543]},
			"faces": {
				"north": {"uv": [1, 1, 5, 1.5], "rotation": 180, "texture": "#0"},
				"east": {"uv": [0, 1, 0.5, 5], "rotation": 270, "texture": "#0"},
				"south": {"uv": [0, 6.5, 4, 7], "texture": "#0"},
				"west": {"uv": [4, 2.5, 4.5, 6.5], "rotation": 90, "texture": "#0"},
				"up": {"uv": [2, 0.5, 6.5, 5], "texture": "#0"},
				"down": {"uv": [2, 0.5, 6.5, 5], "texture": "#0"}
			}
		},
		{
			"from": [8.60598, 6.5267, -3.67545],
			"to": [13.00598, 7.9267, 0.97455],
			"rotation": {"angle": 22.5, "axis": "x", "origin": [10.78962, 6.57367, 1.0543]},
			"faces": {
				"north": {"uv": [3, 3.5, 6.5, 5], "rotation": 180, "texture": "#0"},
				"east": {"uv": [4.5, 2, 6, 6.5], "rotation": 270, "texture": "#0"},
				"south": {"uv": [0, 5.5, 4, 7], "texture": "#0"},
				"west": {"uv": [4, 2, 5.5, 6.5], "rotation": 90, "texture": "#0"},
				"up": {"uv": [2, 0.5, 6.5, 5], "texture": "#0"},
				"down": {"uv": [8.5, 0.5, 11.5, 2], "texture": "#0"}
			}
		},
		{
			"from": [9.10598, 7.9267, -3.42545],
			"to": [12.50598, 8.8267, 0.97455],
			"rotation": {"angle": 22.5, "axis": "x", "origin": [10.78962, 6.57367, 1.0543]},
			"faces": {
				"north": {"uv": [3, 5, 6.5, 6], "rotation": 180, "texture": "#0"},
				"east": {"uv": [4.5, 2.5, 5.5, 7], "rotation": 270, "texture": "#0"},
				"south": {"uv": [0, 4.5, 3.5, 5.5], "texture": "#0"},
				"west": {"uv": [6.5, 2.5, 7.5, 7], "rotation": 90, "texture": "#0"},
				"up": {"uv": [2, 1, 5.5, 5], "texture": "#0"},
				"down": {"uv": [8.5, 0.5, 11.5, 2], "texture": "#0"}
			}
		},
		{
			"from": [8.67483, 6.5, -4.36929],
			"to": [9.37483, 7.3, -3.71929],
			"rotation": {"angle": -22.5, "axis": "x", "origin": [10.78962, 6.57367, 0.9543]},
			"faces": {
				"north": {"uv": [14, 1, 14.8, 1.8], "texture": "#0"},
				"east": {"uv": [14.5, 1, 15.2, 1.8], "texture": "#0"},
				"south": {"uv": [14, 0.5, 14.8, 1.3], "texture": "#0"},
				"west": {"uv": [14, 1, 14.7, 1.8], "texture": "#0"},
				"up": {"uv": [14, 1, 14.8, 1.7], "texture": "#0"},
				"down": {"uv": [14.5, 0.5, 15.3, 1.2], "texture": "#0"}
			}
		},
		{
			"from": [12.24483, 6.5, -4.36929],
			"to": [12.94483, 7.3, -3.71929],
			"rotation": {"angle": -22.5, "axis": "x", "origin": [10.78962, 6.57367, 0.9543]},
			"faces": {
				"north": {"uv": [14, 1, 14.8, 1.8], "texture": "#0"},
				"east": {"uv": [14.5, 1, 15.2, 1.8], "texture": "#0"},
				"south": {"uv": [14, 0.5, 14.8, 1.3], "texture": "#0"},
				"west": {"uv": [14, 1, 14.7, 1.8], "texture": "#0"},
				"up": {"uv": [14, 1, 14.8, 1.7], "texture": "#0"},
				"down": {"uv": [14.5, 0.5, 15.3, 1.2], "texture": "#0"}
			}
		},
		{
			"from": [12.29483, 7.5, -1.01929],
			"to": [13.29483, 8.5, -0.01929],
			"rotation": {"angle": 22.5, "axis": "x", "origin": [10.78962, 6.57367, 1.0543]},
			"faces": {
				"north": {"uv": [14, 1, 14.8, 1.8], "texture": "#0"},
				"east": {"uv": [14.5, 1, 15.2, 1.8], "texture": "#0"},
				"south": {"uv": [14, 0.5, 14.8, 1.3], "texture": "#0"},
				"west": {"uv": [14, 1, 14.7, 1.8], "texture": "#0"},
				"up": {"uv": [14, 1, 14.8, 1.7], "texture": "#0"},
				"down": {"uv": [14.5, 0.5, 15.3, 1.2], "texture": "#0"}
			}
		},
		{
			"from": [8.29483, 7.5, -1.01929],
			"to": [9.29483, 8.5, -0.01929],
			"rotation": {"angle": 22.5, "axis": "x", "origin": [10.78962, 6.57367, 1.0543]},
			"faces": {
				"north": {"uv": [14, 1, 14.8, 1.8], "texture": "#0"},
				"east": {"uv": [14.5, 1, 15.2, 1.8], "texture": "#0"},
				"south": {"uv": [14, 0.5, 14.8, 1.3], "texture": "#0"},
				"west": {"uv": [14, 1, 14.7, 1.8], "texture": "#0"},
				"up": {"uv": [14, 1, 14.8, 1.7], "texture": "#0"},
				"down": {"uv": [14.5, 0.5, 15.3, 1.2], "texture": "#0"}
			}
		},
		{
			"from": [8.19483, 7.75, -0.66929],
			"to": [8.29483, 8.25, -0.16929],
			"rotation": {"angle": 22.5, "axis": "x", "origin": [10.78962, 6.57367, 1.0543]},
			"faces": {
				"north": {"uv": [14, 4, 14.8, 4.8], "texture": "#0"},
				"east": {"uv": [14.5, 4, 15.2, 4.8], "texture": "#0"},
				"south": {"uv": [14, 4, 14.8, 4.8], "texture": "#0"},
				"west": {"uv": [14.5, 4, 15.2, 4.8], "texture": "#0"},
				"up": {"uv": [14, 4, 14.8, 4.7], "texture": "#0"},
				"down": {"uv": [14, 4, 14.8, 4.7], "texture": "#0"}
			}
		},
		{
			"from": [13.29483, 7.75, -0.66929],
			"to": [13.39483, 8.25, -0.16929],
			"rotation": {"angle": 22.5, "axis": "x", "origin": [10.78962, 6.57367, 1.0543]},
			"faces": {
				"north": {"uv": [14, 4, 14.8, 4.8], "texture": "#0"},
				"east": {"uv": [14.5, 4, 15.2, 4.8], "texture": "#0"},
				"south": {"uv": [14, 4, 14.8, 4.8], "texture": "#0"},
				"west": {"uv": [14.5, 4, 15.2, 4.8], "texture": "#0"},
				"up": {"uv": [14, 4, 14.8, 4.7], "texture": "#0"},
				"down": {"uv": [14, 4, 14.8, 4.7], "texture": "#0"}
			}
		},
		{
			"from": [11.34483, 8.75, -0.11929],
			"to": [12.04483, 9.75, 0.53071],
			"rotation": {"angle": 22.5, "axis": "x", "origin": [10.78962, 6.57367, 1.0543]},
			"faces": {
				"north": {"uv": [9, 0.5, 9.8, 1.3], "texture": "#0"},
				"east": {"uv": [9.5, 0.5, 10.2, 1.3], "texture": "#0"},
				"south": {"uv": [8.5, 0.5, 9.3, 1.3], "texture": "#0"},
				"west": {"uv": [9, 0.5, 9.7, 1.3], "texture": "#0"},
				"up": {"uv": [9, 0.5, 9.8, 1.2], "texture": "#0"},
				"down": {"uv": [9.5, 1, 10.3, 1.7], "texture": "#0"}
			}
		},
		{
			"from": [9.59483, 8.75, -0.11929],
			"to": [10.29483, 9.75, 0.53071],
			"rotation": {"angle": 22.5, "axis": "x", "origin": [10.78962, 6.57367, 1.0543]},
			"faces": {
				"north": {"uv": [9, 0.5, 9.8, 1.3], "texture": "#0"},
				"east": {"uv": [9.5, 0.5, 10.2, 1.3], "texture": "#0"},
				"south": {"uv": [8.5, 0.5, 9.3, 1.3], "texture": "#0"},
				"west": {"uv": [9, 0.5, 9.7, 1.3], "texture": "#0"},
				"up": {"uv": [9, 0.5, 9.8, 1.2], "texture": "#0"},
				"down": {"uv": [9.5, 1, 10.3, 1.7], "texture": "#0"}
			}
		},
		{
			"from": [4.09483, 8.75, -0.11929],
			"to": [4.79483, 9.75, 0.53071],
			"rotation": {"angle": 22.5, "axis": "x", "origin": [5.28962, 6.57367, 1.0543]},
			"faces": {
				"north": {"uv": [9, 0.5, 9.8, 1.3], "texture": "#0"},
				"east": {"uv": [9.5, 0.5, 10.2, 1.3], "texture": "#0"},
				"south": {"uv": [8.5, 0.5, 9.3, 1.3], "texture": "#0"},
				"west": {"uv": [9, 0.5, 9.7, 1.3], "texture": "#0"},
				"up": {"uv": [9, 0.5, 9.8, 1.2], "texture": "#0"},
				"down": {"uv": [9.5, 1, 10.3, 1.7], "texture": "#0"}
			}
		},
		{
			"from": [3.10598, 6.5267, -3.67545],
			"to": [7.50598, 7.9267, 0.97455],
			"rotation": {"angle": 22.5, "axis": "x", "origin": [5.28962, 6.57367, 1.0543]},
			"faces": {
				"north": {"uv": [3, 3.5, 6.5, 5], "rotation": 180, "texture": "#0"},
				"east": {"uv": [4.5, 2, 6, 6.5], "rotation": 270, "texture": "#0"},
				"south": {"uv": [0, 5.5, 4, 7], "texture": "#0"},
				"west": {"uv": [4, 2, 5.5, 6.5], "rotation": 90, "texture": "#0"},
				"up": {"uv": [2, 0.5, 6.5, 5], "texture": "#0"},
				"down": {"uv": [8.5, 0.5, 11.5, 2], "texture": "#0"}
			}
		},
		{
			"from": [3.60598, 4.7267, -3.42545],
			"to": [7.00598, 5.1267, -0.02545],
			"rotation": {"angle": -22.5, "axis": "x", "origin": [5.28962, 6.57367, 0.9543]},
			"faces": {
				"north": {"uv": [1, 1, 5, 1.5], "rotation": 180, "texture": "#0"},
				"east": {"uv": [0, 1, 0.5, 5], "rotation": 270, "texture": "#0"},
				"south": {"uv": [0, 6.5, 4, 7], "texture": "#0"},
				"west": {"uv": [4, 2.5, 4.5, 6.5], "rotation": 90, "texture": "#0"},
				"up": {"uv": [2, 0.5, 6.5, 5], "texture": "#0"},
				"down": {"uv": [2, 0.5, 6.5, 5], "texture": "#0"}
			}
		},
		{
			"from": [3.10598, 5.1267, -4.42545],
			"to": [7.50598, 6.5267, 0.97455],
			"rotation": {"angle": -22.5, "axis": "x", "origin": [5.28962, 6.57367, 0.9543]},
			"faces": {
				"north": {"uv": [3.5, 0, 8, 1.5], "rotation": 180, "texture": "#0"},
				"east": {"uv": [0, 0, 1.5, 5], "rotation": 270, "texture": "#0"},
				"south": {"uv": [0, 5.5, 4.5, 7], "texture": "#0"},
				"west": {"uv": [4, 1.5, 5.5, 6.5], "rotation": 90, "texture": "#0"},
				"up": {"uv": [8, 1, 13, 6], "texture": "#0"},
				"down": {"uv": [2, 0.5, 6.5, 5], "texture": "#0"}
			}
		},
		{
			"from": [6.74483, 6.5, -4.36929],
			"to": [7.44483, 7.3, -3.71929],
			"rotation": {"angle": -22.5, "axis": "x", "origin": [5.28962, 6.57367, 0.9543]},
			"faces": {
				"north": {"uv": [14, 1, 14.8, 1.8], "texture": "#0"},
				"east": {"uv": [14.5, 1, 15.2, 1.8], "texture": "#0"},
				"south": {"uv": [14, 0.5, 14.8, 1.3], "texture": "#0"},
				"west": {"uv": [14, 1, 14.7, 1.8], "texture": "#0"},
				"up": {"uv": [14, 1, 14.8, 1.7], "texture": "#0"},
				"down": {"uv": [14.5, 0.5, 15.3, 1.2], "texture": "#0"}
			}
		},
		{
			"from": [3.17483, 6.5, -4.36929],
			"to": [3.87483, 7.3, -3.71929],
			"rotation": {"angle": -22.5, "axis": "x", "origin": [5.28962, 6.57367, 0.9543]},
			"faces": {
				"north": {"uv": [14, 1, 14.8, 1.8], "texture": "#0"},
				"east": {"uv": [14.5, 1, 15.2, 1.8], "texture": "#0"},
				"south": {"uv": [14, 0.5, 14.8, 1.3], "texture": "#0"},
				"west": {"uv": [14, 1, 14.7, 1.8], "texture": "#0"},
				"up": {"uv": [14, 1, 14.8, 1.7], "texture": "#0"},
				"down": {"uv": [14.5, 0.5, 15.3, 1.2], "texture": "#0"}
			}
		},
		{
			"from": [3.60598, 7.9267, -3.42545],
			"to": [7.00598, 8.8267, 0.97455],
			"rotation": {"angle": 22.5, "axis": "x", "origin": [5.28962, 6.57367, 1.0543]},
			"faces": {
				"north": {"uv": [3, 5, 6.5, 6], "rotation": 180, "texture": "#0"},
				"east": {"uv": [4.5, 2.5, 5.5, 7], "rotation": 270, "texture": "#0"},
				"south": {"uv": [0, 4.5, 3.5, 5.5], "texture": "#0"},
				"west": {"uv": [6.5, 2.5, 7.5, 7], "rotation": 90, "texture": "#0"},
				"up": {"uv": [2, 1, 5.5, 5], "texture": "#0"},
				"down": {"uv": [8.5, 0.5, 11.5, 2], "texture": "#0"}
			}
		},
		{
			"from": [5.84483, 8.75, -0.11929],
			"to": [6.54483, 9.75, 0.53071],
			"rotation": {"angle": 22.5, "axis": "x", "origin": [5.28962, 6.57367, 1.0543]},
			"faces": {
				"north": {"uv": [9, 0.5, 9.8, 1.3], "texture": "#0"},
				"east": {"uv": [9.5, 0.5, 10.2, 1.3], "texture": "#0"},
				"south": {"uv": [8.5, 0.5, 9.3, 1.3], "texture": "#0"},
				"west": {"uv": [9, 0.5, 9.7, 1.3], "texture": "#0"},
				"up": {"uv": [9, 0.5, 9.8, 1.2], "texture": "#0"},
				"down": {"uv": [9.5, 1, 10.3, 1.7], "texture": "#0"}
			}
		},
		{
			"from": [7.79483, 7.75, -0.66929],
			"to": [7.89483, 8.25, -0.16929],
			"rotation": {"angle": 22.5, "axis": "x", "origin": [5.28962, 6.57367, 1.0543]},
			"faces": {
				"north": {"uv": [14, 4, 14.8, 4.8], "texture": "#0"},
				"east": {"uv": [14.5, 4, 15.2, 4.8], "texture": "#0"},
				"south": {"uv": [14, 4, 14.8, 4.8], "texture": "#0"},
				"west": {"uv": [14.5, 4, 15.2, 4.8], "texture": "#0"},
				"up": {"uv": [14, 4, 14.8, 4.7], "texture": "#0"},
				"down": {"uv": [14, 4, 14.8, 4.7], "texture": "#0"}
			}
		},
		{
			"from": [2.69483, 7.75, -0.66929],
			"to": [2.79483, 8.25, -0.16929],
			"rotation": {"angle": 22.5, "axis": "x", "origin": [5.28962, 6.57367, 1.0543]},
			"faces": {
				"north": {"uv": [14, 4, 14.8, 4.8], "texture": "#0"},
				"east": {"uv": [14.5, 4, 15.2, 4.8], "texture": "#0"},
				"south": {"uv": [14, 4, 14.8, 4.8], "texture": "#0"},
				"west": {"uv": [14.5, 4, 15.2, 4.8], "texture": "#0"},
				"up": {"uv": [14, 4, 14.8, 4.7], "texture": "#0"},
				"down": {"uv": [14, 4, 14.8, 4.7], "texture": "#0"}
			}
		},
		{
			"from": [2.79483, 7.5, -1.01929],
			"to": [3.79483, 8.5, -0.01929],
			"rotation": {"angle": 22.5, "axis": "x", "origin": [5.28962, 6.57367, 1.0543]},
			"faces": {
				"north": {"uv": [14, 1, 14.8, 1.8], "texture": "#0"},
				"east": {"uv": [14.5, 1, 15.2, 1.8], "texture": "#0"},
				"south": {"uv": [14, 0.5, 14.8, 1.3], "texture": "#0"},
				"west": {"uv": [14, 1, 14.7, 1.8], "texture": "#0"},
				"up": {"uv": [14, 1, 14.8, 1.7], "texture": "#0"},
				"down": {"uv": [14.5, 0.5, 15.3, 1.2], "texture": "#0"}
			}
		},
		{
			"from": [6.79483, 7.5, -1.01929],
			"to": [7.79483, 8.5, -0.01929],
			"rotation": {"angle": 22.5, "axis": "x", "origin": [5.28962, 6.57367, 1.0543]},
			"faces": {
				"north": {"uv": [14, 1, 14.8, 1.8], "texture": "#0"},
				"east": {"uv": [14.5, 1, 15.2, 1.8], "texture": "#0"},
				"south": {"uv": [14, 0.5, 14.8, 1.3], "texture": "#0"},
				"west": {"uv": [14, 1, 14.7, 1.8], "texture": "#0"},
				"up": {"uv": [14, 1, 14.8, 1.7], "texture": "#0"},
				"down": {"uv": [14.5, 0.5, 15.3, 1.2], "texture": "#0"}
			}
		},
		{
			"from": [6.8, -4.26414, 13.61035],
			"to": [9.2, 0.53586, 16.21035],
			"rotation": {"angle": -45, "axis": "x", "origin": [8, -5.36414, 12.91035]},
			"faces": {
				"north": {"uv": [3, 0, 6.5, 8], "texture": "#0"},
				"east": {"uv": [4.5, 0, 8, 8], "texture": "#0"},
				"south": {"uv": [0, 0, 3.5, 8], "texture": "#0"},
				"west": {"uv": [2, 0, 5.5, 8], "texture": "#0"},
				"up": {"uv": [4, 1.5, 7, 5], "texture": "#0"},
				"down": {"uv": [0, 0, 3, 3.5], "texture": "#0"}
			}
		},
		{
			"from": [7.05, -4.91917, 12.59381],
			"to": [8.95, -2.81917, 17.39381],
			"rotation": {"angle": 22.5, "axis": "x", "origin": [8, -4.86917, 15.24381]},
			"faces": {
				"north": {"uv": [4, 1.5, 7, 5], "rotation": 180, "texture": "#0"},
				"east": {"uv": [4.5, 0, 8, 8], "rotation": 90, "texture": "#0"},
				"south": {"uv": [0, 0, 3, 3.5], "texture": "#0"},
				"west": {"uv": [2, 0, 5.5, 8], "rotation": 270, "texture": "#0"},
				"up": {"uv": [0, 0, 3.5, 8], "texture": "#0"},
				"down": {"uv": [3, 0, 6.5, 8], "rotation": 180, "texture": "#0"}
			}
		},
		{
			"from": [7.3, -4.66917, 17.39381],
			"to": [8.7, -3.06917, 20.19381],
			"rotation": {"angle": 22.5, "axis": "x", "origin": [8, -4.86917, 15.24381]},
			"faces": {
				"north": {"uv": [5, 4, 7.5, 7], "rotation": 180, "texture": "#0"},
				"east": {"uv": [5.5, 3, 8, 8], "rotation": 90, "texture": "#0"},
				"south": {"uv": [2, 1.5, 4.5, 4.5], "texture": "#0"},
				"west": {"uv": [2, 0, 4.5, 5], "rotation": 270, "texture": "#0"},
				"up": {"uv": [0, 3, 2.5, 8], "texture": "#0"},
				"down": {"uv": [4, 3, 6.5, 8], "rotation": 180, "texture": "#0"}
			}
		},
		{
			"name": "joint",
			"from": [2.82, 4.40512, 5.64188],
			"to": [4.8, 6.38512, 6.96188],
			"rotation": {"angle": 0, "axis": "y", "origin": [4.93902, 5.3635, 6.31838]},
			"faces": {
				"north": {"uv": [11, 0.5, 10, 1.5], "rotation": 270, "texture": "#0"},
				"east": {"uv": [10, 0.5, 9, 1.5], "rotation": 270, "texture": "#0"},
				"south": {"uv": [10, 0.5, 9, 1.5], "rotation": 270, "texture": "#0"},
				"west": {"uv": [9.5, 0.5, 8.5, 1.5], "rotation": 90, "texture": "#0"},
				"up": {"uv": [9.5, 0.5, 8.5, 1.5], "rotation": 180, "texture": "#0"},
				"down": {"uv": [10, 0.5, 9, 1.5], "texture": "#0"}
			}
		},
		{
			"name": "bone",
			"from": [-2.87048, 5.65603, 5.80688],
			"to": [3.72952, 6.64603, 6.79688],
			"rotation": {"angle": 45, "axis": "z", "origin": [4.93902, 5.3635, 6.31838]},
			"faces": {
				"north": {"uv": [11, 0.5, 10, 1.5], "rotation": 270, "texture": "#0"},
				"east": {"uv": [10, 0.5, 9, 1.5], "rotation": 270, "texture": "#0"},
				"south": {"uv": [10, 0.5, 9, 1.5], "rotation": 270, "texture": "#0"},
				"west": {"uv": [9.5, 0.5, 8.5, 1.5], "rotation": 90, "texture": "#0"},
				"up": {"uv": [9.5, 0.5, 8.5, 1.5], "rotation": 180, "texture": "#0"},
				"down": {"uv": [10, 0.5, 9, 1.5], "texture": "#0"}
			}
		},
		{
			"name": "bone",
			"from": [-2.886, 0.11295, 5.83988],
			"to": [-0.681, 1.10295, 6.79688],
			"rotation": {"angle": 0, "axis": "y", "origin": [-2.6585, 1.35795, 6.31838]},
			"faces": {
				"north": {"uv": [10, 1.5, 11, 0.5], "rotation": 180, "texture": "#0"},
				"east": {"uv": [10, 0.5, 9, 1.5], "rotation": 270, "texture": "#0"},
				"south": {"uv": [9, 1.5, 10, 0.5], "texture": "#0"},
				"west": {"uv": [9.5, 0.5, 8.5, 1.5], "rotation": 90, "texture": "#0"},
				"up": {"uv": [9.5, 0.5, 8.5, 1.5], "rotation": 180, "texture": "#0"},
				"down": {"uv": [10, 0.5, 9, 1.5], "texture": "#0"}
			}
		},
		{
			"name": "bone",
			"from": [-5.386, 0.66295, 5.83988],
			"to": [-2.481, 1.65295, 6.79688],
			"rotation": {"angle": -22.5, "axis": "z", "origin": [-3.9835, 1.35795, 6.31838]},
			"faces": {
				"north": {"uv": [10, 1.5, 11, 0.5], "rotation": 180, "texture": "#0"},
				"east": {"uv": [10, 0.5, 9, 1.5], "rotation": 270, "texture": "#0"},
				"south": {"uv": [9, 1.5, 10, 0.5], "texture": "#0"},
				"west": {"uv": [9.5, 0.5, 8.5, 1.5], "rotation": 90, "texture": "#0"},
				"up": {"uv": [9.5, 0.5, 8.5, 1.5], "rotation": 180, "texture": "#0"},
				"down": {"uv": [10, 0.5, 9, 1.5], "texture": "#0"}
			}
		},
		{
			"name": "bone",
			"from": [-5.50271, 9.91288, 5.87288],
			"to": [-4.51271, 19.28488, 6.79688],
			"rotation": {"angle": 45, "axis": "z", "origin": [4.97479, 5.41703, 6.35138]},
			"faces": {
				"north": {"uv": [11, 0.5, 10, 1.5], "rotation": 270, "texture": "#0"},
				"east": {"uv": [10, 0.5, 9, 1.5], "rotation": 270, "texture": "#0"},
				"south": {"uv": [10, 0.5, 9, 1.5], "rotation": 270, "texture": "#0"},
				"west": {"uv": [9.5, 0.5, 8.5, 1.5], "rotation": 90, "texture": "#0"},
				"up": {"uv": [9.5, 0.5, 8.5, 1.5], "rotation": 180, "texture": "#0"},
				"down": {"uv": [10, 0.5, 9, 1.5], "texture": "#0"}
			}
		},
		{
			"name": "bone",
			"from": [-10.95891, 10.14812, 5.93888],
			"to": [-9.96891, 13.98812, 6.79688],
			"rotation": {"angle": -45, "axis": "z", "origin": [-9.96391, 12.16812, 6.36788]},
			"faces": {
				"north": {"uv": [11, 0.5, 10, 1.5], "rotation": 270, "texture": "#0"},
				"east": {"uv": [10, 0.5, 9, 1.5], "rotation": 270, "texture": "#0"},
				"south": {"uv": [10, 0.5, 9, 1.5], "rotation": 270, "texture": "#0"},
				"west": {"uv": [9.5, 0.5, 8.5, 1.5], "rotation": 90, "texture": "#0"},
				"up": {"uv": [9.5, 0.5, 8.5, 1.5], "rotation": 180, "texture": "#0"},
				"down": {"uv": [10, 0.5, 9, 1.5], "texture": "#0"}
			}
		},
		{
			"name": "bone",
			"from": [-12.10696, 7.82648, 5.93888],
			"to": [-11.11696, 11.46648, 6.79688],
			"rotation": {"angle": 0, "axis": "y", "origin": [-11.11196, 9.39648, 6.36788]},
			"faces": {
				"north": {"uv": [11, 0.5, 10, 1.5], "rotation": 270, "texture": "#0"},
				"east": {"uv": [10, 0.5, 9, 1.5], "rotation": 270, "texture": "#0"},
				"south": {"uv": [10, 0.5, 9, 1.5], "rotation": 270, "texture": "#0"},
				"west": {"uv": [9.5, 0.5, 8.5, 1.5], "rotation": 90, "texture": "#0"},
				"up": {"uv": [9.5, 0.5, 8.5, 1.5], "rotation": 180, "texture": "#0"},
				"down": {"uv": [10, 0.5, 9, 1.5], "texture": "#0"}
			}
		},
		{
			"name": "flap",
			"from": [-13.35, 1.10512, 6.33488],
			"to": [2.82, 13.97512, 6.38488],
			"rotation": {"angle": 0, "axis": "y", "origin": [4.93902, 5.3635, 6.31838]},
			"faces": {
				"north": {"uv": [16, 0, 0, 16], "rotation": 270, "texture": "#1"},
				"east": {"uv": [9.058, 0.941, 0.471, 1.691], "rotation": 270, "texture": "#1"},
				"south": {"uv": [16, 0, 0, 16], "rotation": 270, "texture": "#2"},
				"west": {"uv": [8.117, 0.941, 0.941, 1.691], "rotation": 90, "texture": "#1"},
				"up": {"uv": [3.883, 1.412, 1.883, 2.162], "rotation": 180, "texture": "#1"},
				"down": {"uv": [2.941, 0.941, 0.941, 1.691], "texture": "#1"}
			}
		},
		{
			"name": "tendon",
			"from": [-1.6942, 0.74851, 6.08738],
			"to": [-1.0342, 4.31251, 6.45038],
			"rotation": {"angle": 0, "axis": "y", "origin": [-1.3642, 2.53051, 6.26888]},
			"faces": {
				"north": {"uv": [11, 0.5, 10, 1.5], "rotation": 270, "texture": "#0"},
				"east": {"uv": [10, 0.5, 9, 1.5], "rotation": 270, "texture": "#0"},
				"south": {"uv": [10, 0.5, 9, 1.5], "rotation": 270, "texture": "#0"},
				"west": {"uv": [9.5, 0.5, 8.5, 1.5], "rotation": 90, "texture": "#0"},
				"up": {"uv": [9.5, 0.5, 8.5, 1.5], "rotation": 180, "texture": "#0"},
				"down": {"uv": [10, 0.5, 9, 1.5], "texture": "#0"}
			}
		},
		{
			"name": "tendon",
			"from": [-0.74368, 1.61075, 6.10388],
			"to": [-0.08368, 4.16475, 6.43388],
			"rotation": {"angle": -22.5, "axis": "z", "origin": [4.93902, 5.3635, 6.31838]},
			"faces": {
				"north": {"uv": [11, 0.5, 10, 1.5], "rotation": 270, "texture": "#0"},
				"east": {"uv": [10, 0.5, 9, 1.5], "rotation": 270, "texture": "#0"},
				"south": {"uv": [10, 0.5, 9, 1.5], "rotation": 270, "texture": "#0"},
				"west": {"uv": [9.5, 0.5, 8.5, 1.5], "rotation": 90, "texture": "#0"},
				"up": {"uv": [9.5, 0.5, 8.5, 1.5], "rotation": 180, "texture": "#0"},
				"down": {"uv": [10, 0.5, 9, 1.5], "texture": "#0"}
			}
		},
		{
			"name": "tendon",
			"from": [-5.20667, 1.50471, 6.08738],
			"to": [-4.54667, 6.71871, 6.45038],
			"rotation": {"angle": 0, "axis": "y", "origin": [-4.87667, 4.11171, 6.26888]},
			"faces": {
				"north": {"uv": [11, 0.5, 10, 1.5], "rotation": 270, "texture": "#0"},
				"east": {"uv": [10, 0.5, 9, 1.5], "rotation": 270, "texture": "#0"},
				"south": {"uv": [10, 0.5, 9, 1.5], "rotation": 270, "texture": "#0"},
				"west": {"uv": [9.5, 0.5, 8.5, 1.5], "rotation": 90, "texture": "#0"},
				"up": {"uv": [9.5, 0.5, 8.5, 1.5], "rotation": 180, "texture": "#0"},
				"down": {"uv": [10, 0.5, 9, 1.5], "texture": "#0"}
			}
		},
		{
			"name": "tendon",
			"from": [-7.06696, -2.35522, 6.10388],
			"to": [-6.40696, 0.02078, 6.43388],
			"rotation": {"angle": -45, "axis": "z", "origin": [4.93902, 5.3635, 6.31838]},
			"faces": {
				"north": {"uv": [11, 0.5, 10, 1.5], "rotation": 270, "texture": "#0"},
				"east": {"uv": [10, 0.5, 9, 1.5], "rotation": 270, "texture": "#0"},
				"south": {"uv": [10, 0.5, 9, 1.5], "rotation": 270, "texture": "#0"},
				"west": {"uv": [9.5, 0.5, 8.5, 1.5], "rotation": 90, "texture": "#0"},
				"up": {"uv": [9.5, 0.5, 8.5, 1.5], "rotation": 180, "texture": "#0"},
				"down": {"uv": [10, 0.5, 9, 1.5], "texture": "#0"}
			}
		},
		{
			"name": "tendon",
			"from": [-9.13719, 0.55911, 6.08738],
			"to": [-8.47719, 2.98461, 6.45038],
			"rotation": {"angle": -22.5, "axis": "z", "origin": [4.93902, 5.3635, 6.31838]},
			"faces": {
				"north": {"uv": [11, 0.5, 10, 1.5], "rotation": 270, "texture": "#0"},
				"east": {"uv": [10, 0.5, 9, 1.5], "rotation": 270, "texture": "#0"},
				"south": {"uv": [10, 0.5, 9, 1.5], "rotation": 270, "texture": "#0"},
				"west": {"uv": [9.5, 0.5, 8.5, 1.5], "rotation": 90, "texture": "#0"},
				"up": {"uv": [9.5, 0.5, 8.5, 1.5], "rotation": 180, "texture": "#0"},
				"down": {"uv": [10, 0.5, 9, 1.5], "texture": "#0"}
			}
		},
		{
			"name": "tendon",
			"from": [-4.97723, 2.56078, 6.10388],
			"to": [-4.31723, 4.58678, 6.43388],
			"rotation": {"angle": -22.5, "axis": "z", "origin": [4.93902, 5.3635, 6.31838]},
			"faces": {
				"north": {"uv": [11, 0.5, 10, 1.5], "rotation": 270, "texture": "#0"},
				"east": {"uv": [10, 0.5, 9, 1.5], "rotation": 270, "texture": "#0"},
				"south": {"uv": [10, 0.5, 9, 1.5], "rotation": 270, "texture": "#0"},
				"west": {"uv": [9.5, 0.5, 8.5, 1.5], "rotation": 90, "texture": "#0"},
				"up": {"uv": [9.5, 0.5, 8.5, 1.5], "rotation": 180, "texture": "#0"},
				"down": {"uv": [10, 0.5, 9, 1.5], "texture": "#0"}
			}
		},
		{
			"name": "joint",
			"from": [11.2, 4.40512, 5.64188],
			"to": [13.18, 6.38512, 6.96188],
			"rotation": {"angle": 0, "axis": "y", "origin": [11.06098, 5.3635, 6.31838]},
			"faces": {
				"north": {"uv": [11, 0.5, 10, 1.5], "rotation": 270, "texture": "#0"},
				"east": {"uv": [10, 0.5, 9, 1.5], "rotation": 270, "texture": "#0"},
				"south": {"uv": [10, 0.5, 9, 1.5], "rotation": 270, "texture": "#0"},
				"west": {"uv": [9.5, 0.5, 8.5, 1.5], "rotation": 90, "texture": "#0"},
				"up": {"uv": [9.5, 0.5, 8.5, 1.5], "rotation": 180, "texture": "#0"},
				"down": {"uv": [10, 0.5, 9, 1.5], "texture": "#0"}
			}
		},
		{
			"name": "bone",
			"from": [12.27048, 5.65603, 5.80688],
			"to": [18.87048, 6.64603, 6.79688],
			"rotation": {"angle": -45, "axis": "z", "origin": [11.06098, 5.3635, 6.31838]},
			"faces": {
				"north": {"uv": [11, 0.5, 10, 1.5], "rotation": 270, "texture": "#0"},
				"east": {"uv": [10, 0.5, 9, 1.5], "rotation": 270, "texture": "#0"},
				"south": {"uv": [10, 0.5, 9, 1.5], "rotation": 270, "texture": "#0"},
				"west": {"uv": [9.5, 0.5, 8.5, 1.5], "rotation": 90, "texture": "#0"},
				"up": {"uv": [9.5, 0.5, 8.5, 1.5], "rotation": 180, "texture": "#0"},
				"down": {"uv": [10, 0.5, 9, 1.5], "texture": "#0"}
			}
		},
		{
			"name": "bone",
			"from": [16.731, 0.11295, 5.83988],
			"to": [18.936, 1.10295, 6.79688],
			"rotation": {"angle": 0, "axis": "y", "origin": [18.6585, 1.35795, 6.31838]},
			"faces": {
				"north": {"uv": [10, 1.5, 11, 0.5], "rotation": 180, "texture": "#0"},
				"east": {"uv": [10, 0.5, 9, 1.5], "rotation": 270, "texture": "#0"},
				"south": {"uv": [9, 1.5, 10, 0.5], "texture": "#0"},
				"west": {"uv": [9.5, 0.5, 8.5, 1.5], "rotation": 90, "texture": "#0"},
				"up": {"uv": [9.5, 0.5, 8.5, 1.5], "rotation": 180, "texture": "#0"},
				"down": {"uv": [10, 0.5, 9, 1.5], "texture": "#0"}
			}
		},
		{
			"name": "bone",
			"from": [18.831, 0.51295, 5.83988],
			"to": [21.736, 1.50295, 6.79688],
			"rotation": {"angle": 22.5, "axis": "z", "origin": [19.8085, 0.60795, 6.31838]},
			"faces": {
				"north": {"uv": [10, 1.5, 11, 0.5], "rotation": 180, "texture": "#0"},
				"east": {"uv": [10, 0.5, 9, 1.5], "rotation": 270, "texture": "#0"},
				"south": {"uv": [9, 1.5, 10, 0.5], "texture": "#0"},
				"west": {"uv": [9.5, 0.5, 8.5, 1.5], "rotation": 90, "texture": "#0"},
				"up": {"uv": [9.5, 0.5, 8.5, 1.5], "rotation": 180, "texture": "#0"},
				"down": {"uv": [10, 0.5, 9, 1.5], "texture": "#0"}
			}
		},
		{
			"name": "bone",
			"from": [15.52107, -5.06047, 5.87288],
			"to": [24.89307, -4.07047, 6.79688],
			"rotation": {"angle": 45, "axis": "z", "origin": [11.02521, 5.41703, 6.35138]},
			"faces": {
				"north": {"uv": [10, 1.5, 11, 0.5], "rotation": 180, "texture": "#0"},
				"east": {"uv": [10, 0.5, 9, 1.5], "rotation": 270, "texture": "#0"},
				"south": {"uv": [9, 1.5, 10, 0.5], "texture": "#0"},
				"west": {"uv": [9.5, 0.5, 8.5, 1.5], "rotation": 90, "texture": "#0"},
				"up": {"uv": [9.5, 0.5, 8.5, 1.5], "rotation": 180, "texture": "#0"},
				"down": {"uv": [10, 0.5, 9, 1.5], "texture": "#0"}
			}
		},
		{
			"name": "bone",
			"from": [25.96891, 10.14812, 5.93888],
			"to": [26.95891, 13.98812, 6.79688],
			"rotation": {"angle": 45, "axis": "z", "origin": [25.96391, 12.16812, 6.36788]},
			"faces": {
				"north": {"uv": [11, 0.5, 10, 1.5], "rotation": 270, "texture": "#0"},
				"east": {"uv": [10, 0.5, 9, 1.5], "rotation": 270, "texture": "#0"},
				"south": {"uv": [10, 0.5, 9, 1.5], "rotation": 270, "texture": "#0"},
				"west": {"uv": [9.5, 0.5, 8.5, 1.5], "rotation": 90, "texture": "#0"},
				"up": {"uv": [9.5, 0.5, 8.5, 1.5], "rotation": 180, "texture": "#0"},
				"down": {"uv": [10, 0.5, 9, 1.5], "texture": "#0"}
			}
		},
		{
			"name": "bone",
			"from": [27.11696, 7.82648, 5.93888],
			"to": [28.10696, 11.46648, 6.79688],
			"rotation": {"angle": 0, "axis": "y", "origin": [27.11196, 9.39648, 6.36788]},
			"faces": {
				"north": {"uv": [11, 0.5, 10, 1.5], "rotation": 270, "texture": "#0"},
				"east": {"uv": [10, 0.5, 9, 1.5], "rotation": 270, "texture": "#0"},
				"south": {"uv": [10, 0.5, 9, 1.5], "rotation": 270, "texture": "#0"},
				"west": {"uv": [9.5, 0.5, 8.5, 1.5], "rotation": 90, "texture": "#0"},
				"up": {"uv": [9.5, 0.5, 8.5, 1.5], "rotation": 180, "texture": "#0"},
				"down": {"uv": [10, 0.5, 9, 1.5], "texture": "#0"}
			}
		},
		{
			"name": "flap",
			"from": [13.18, 1.10512, 6.33488],
			"to": [29.35, 13.97512, 6.38488],
			"rotation": {"angle": 0, "axis": "y", "origin": [11.06098, 5.3635, 6.31838]},
			"faces": {
				"north": {"uv": [16, 16, 0, 0], "rotation": 270, "texture": "#1"},
				"east": {"uv": [0.471, 0.941, 7.647, 2.632], "rotation": 270, "texture": "#1"},
				"south": {"uv": [16, 16, 0, 0], "rotation": 270, "texture": "#2"},
				"west": {"uv": [0.941, 1.883, 7.647, 3.103], "rotation": 90, "texture": "#1"},
				"up": {"uv": [1.412, 1.412, 3.412, 2.162], "rotation": 180, "texture": "#1"},
				"down": {"uv": [1.412, 0.941, 3.412, 1.691], "texture": "#1"}
			}
		},
		{
			"name": "tendon",
			"from": [17.0342, 0.74851, 6.08738],
			"to": [17.6942, 4.31251, 6.45038],
			"rotation": {"angle": 0, "axis": "y", "origin": [17.3642, 2.53051, 6.26888]},
			"faces": {
				"north": {"uv": [11, 0.5, 10, 1.5], "rotation": 270, "texture": "#0"},
				"east": {"uv": [10, 0.5, 9, 1.5], "rotation": 270, "texture": "#0"},
				"south": {"uv": [10, 0.5, 9, 1.5], "rotation": 270, "texture": "#0"},
				"west": {"uv": [9.5, 0.5, 8.5, 1.5], "rotation": 90, "texture": "#0"},
				"up": {"uv": [9.5, 0.5, 8.5, 1.5], "rotation": 180, "texture": "#0"},
				"down": {"uv": [10, 0.5, 9, 1.5], "texture": "#0"}
			}
		},
		{
			"name": "tendon",
			"from": [16.08368, 1.61075, 6.10388],
			"to": [16.74368, 4.16475, 6.43388],
			"rotation": {"angle": 22.5, "axis": "z", "origin": [11.06098, 5.3635, 6.31838]},
			"faces": {
				"north": {"uv": [11, 0.5, 10, 1.5], "rotation": 270, "texture": "#0"},
				"east": {"uv": [10, 0.5, 9, 1.5], "rotation": 270, "texture": "#0"},
				"south": {"uv": [10, 0.5, 9, 1.5], "rotation": 270, "texture": "#0"},
				"west": {"uv": [9.5, 0.5, 8.5, 1.5], "rotation": 90, "texture": "#0"},
				"up": {"uv": [9.5, 0.5, 8.5, 1.5], "rotation": 180, "texture": "#0"},
				"down": {"uv": [10, 0.5, 9, 1.5], "texture": "#0"}
			}
		},
		{
			"name": "tendon",
			"from": [20.54667, 1.50471, 6.08738],
			"to": [21.20667, 6.71871, 6.45038],
			"rotation": {"angle": 0, "axis": "y", "origin": [20.87667, 4.11171, 6.26888]},
			"faces": {
				"north": {"uv": [11, 0.5, 10, 1.5], "rotation": 270, "texture": "#0"},
				"east": {"uv": [10, 0.5, 9, 1.5], "rotation": 270, "texture": "#0"},
				"south": {"uv": [10, 0.5, 9, 1.5], "rotation": 270, "texture": "#0"},
				"west": {"uv": [9.5, 0.5, 8.5, 1.5], "rotation": 90, "texture": "#0"},
				"up": {"uv": [9.5, 0.5, 8.5, 1.5], "rotation": 180, "texture": "#0"},
				"down": {"uv": [10, 0.5, 9, 1.5], "texture": "#0"}
			}
		},
		{
			"name": "tendon",
			"from": [22.40696, -2.35522, 6.10388],
			"to": [23.06696, 0.02078, 6.43388],
			"rotation": {"angle": 45, "axis": "z", "origin": [11.06098, 5.3635, 6.31838]},
			"faces": {
				"north": {"uv": [11, 0.5, 10, 1.5], "rotation": 270, "texture": "#0"},
				"east": {"uv": [10, 0.5, 9, 1.5], "rotation": 270, "texture": "#0"},
				"south": {"uv": [10, 0.5, 9, 1.5], "rotation": 270, "texture": "#0"},
				"west": {"uv": [9.5, 0.5, 8.5, 1.5], "rotation": 90, "texture": "#0"},
				"up": {"uv": [9.5, 0.5, 8.5, 1.5], "rotation": 180, "texture": "#0"},
				"down": {"uv": [10, 0.5, 9, 1.5], "texture": "#0"}
			}
		},
		{
			"name": "tendon",
			"from": [24.47719, 0.55911, 6.08738],
			"to": [25.13719, 2.98461, 6.45038],
			"rotation": {"angle": 22.5, "axis": "z", "origin": [11.06098, 5.3635, 6.31838]},
			"faces": {
				"north": {"uv": [11, 0.5, 10, 1.5], "rotation": 270, "texture": "#0"},
				"east": {"uv": [10, 0.5, 9, 1.5], "rotation": 270, "texture": "#0"},
				"south": {"uv": [10, 0.5, 9, 1.5], "rotation": 270, "texture": "#0"},
				"west": {"uv": [9.5, 0.5, 8.5, 1.5], "rotation": 90, "texture": "#0"},
				"up": {"uv": [9.5, 0.5, 8.5, 1.5], "rotation": 180, "texture": "#0"},
				"down": {"uv": [10, 0.5, 9, 1.5], "texture": "#0"}
			}
		},
		{
			"name": "tendon",
			"from": [20.31723, 2.56078, 6.10388],
			"to": [20.97723, 4.58678, 6.43388],
			"rotation": {"angle": 22.5, "axis": "z", "origin": [11.06098, 5.3635, 6.31838]},
			"faces": {
				"north": {"uv": [11, 0.5, 10, 1.5], "rotation": 270, "texture": "#0"},
				"east": {"uv": [10, 0.5, 9, 1.5], "rotation": 270, "texture": "#0"},
				"south": {"uv": [10, 0.5, 9, 1.5], "rotation": 270, "texture": "#0"},
				"west": {"uv": [9.5, 0.5, 8.5, 1.5], "rotation": 90, "texture": "#0"},
				"up": {"uv": [9.5, 0.5, 8.5, 1.5], "rotation": 180, "texture": "#0"},
				"down": {"uv": [10, 0.5, 9, 1.5], "texture": "#0"}
			}
		}
	],
	"display": {
		"head": {
			"translation": [0, 29.6, 0],
			"scale": [4, 4, 4]
		}
	},
	"groups": [
		{
			"name": "BodyLegs",
			"origin": [11.4, -9.8, 8],
			"children": [0, 1, 2, 3, 4, 5, 6, 7, 8, 9, 10, 11]
		},
		{
			"name": "Heads",
			"origin": [5.30507, 9.55473, 0.70775],
			"children": [12, 13, 14, 15, 16, 17, 18, 19, 20, 21, 22, 23, 24, 25, 26, 27, 28, 29, 30, 31, 32, 33, 34, 35, 36, 37, 38, 39, 40, 41]
		},
		{
			"name": "Tail",
			"origin": [8, -4.86917, 15.24381],
			"children": [42, 43, 44]
		},
		{
			"name": "dragwingleft",
			"origin": [8, 8, 8],
			"children": [
				{
					"name": "dragonwingleft",
					"origin": [8, 8, 8],
					"children": [45, 46, 47, 48, 49, 50, 51, 52, 53, 54, 55, 56, 57, 58]
				}
			]
		},
		{
			"name": "dragwingright",
			"origin": [8, 8, 8],
			"children": [
				{
					"name": "dragonwingright",
					"origin": [8, 8, 8],
					"children": [59, 60, 61, 62, 63, 64, 65, 66, 67, 68, 69, 70, 71, 72]
				}
			]
		}
	]
}