{
	"credit": "Made with Blockbench",
	"textures": {
		"0": "blocks/p2whitedragon",
		"1": "blocks/p2whitedragonwingdown",
		"2": "blocks/p2whitedragonwingup",
		"particle": "blocks/p2whitedragon"
	},
	"elements": [
		{
			"from": [5.888, -1.32, 5.36],
			"to": [10.112, 4.488, 9.056],
			"rotation": {"angle": -22.5, "axis": "x", "origin": [8, 2.904, 8]},
			"faces": {
				"north": {"uv": [0, 8, 8, 16], "texture": "#0"},
				"east": {"uv": [2.5, 0, 8, 8], "texture": "#0"},
				"south": {"uv": [0, 0, 8, 8], "texture": "#0"},
				"west": {"uv": [0, 0, 5.5, 8], "texture": "#0"},
				"up": {"uv": [0, 0, 8, 7], "texture": "#0"},
				"down": {"uv": [0, 0, 8, 7], "texture": "#0"}
			}
		},
		{
			"from": [6.02, -1.848, 5.096],
			"to": [9.98, 2.904, 8.792],
			"rotation": {"angle": 0, "axis": "x", "origin": [8, 2.904, 8]},
			"faces": {
				"north": {"uv": [0, 8.5, 8, 16], "texture": "#0"},
				"east": {"uv": [2.5, 0, 8, 8], "texture": "#0"},
				"south": {"uv": [0, 0, 8, 8], "texture": "#0"},
				"west": {"uv": [0, 0, 5.5, 8], "texture": "#0"},
				"up": {"uv": [0, 0, 8, 7], "texture": "#0"},
				"down": {"uv": [0, 0, 8, 7], "texture": "#0"}
			}
		},
		{
			"from": [5.228, -2.376, 6.812],
			"to": [7.34, -0.264, 8.924],
			"rotation": {"angle": 45, "axis": "x", "origin": [6.284, -1.32, 7.736]},
			"faces": {
				"north": {"uv": [0, 0, 4, 4], "texture": "#0"},
				"east": {"uv": [0, 0, 4, 4], "texture": "#0"},
				"south": {"uv": [0, 0, 4, 4], "texture": "#0"},
				"west": {"uv": [0, 0, 4, 4], "texture": "#0"},
				"up": {"uv": [0, 0, 4, 4], "texture": "#0"},
				"down": {"uv": [0, 0, 4, 4], "texture": "#0"}
			}
		},
		{
			"from": [8.66, -2.376, 6.812],
			"to": [10.772, -0.264, 8.924],
			"rotation": {"angle": 45, "axis": "x", "origin": [6.284, -1.32, 7.736]},
			"faces": {
				"north": {"uv": [0, 0, 4, 4], "texture": "#0"},
				"east": {"uv": [0, 0, 4, 4], "texture": "#0"},
				"south": {"uv": [0, 0, 4, 4], "texture": "#0"},
				"west": {"uv": [0, 0, 4, 4], "texture": "#0"},
				"up": {"uv": [0, 0, 4, 4], "texture": "#0"},
				"down": {"uv": [0, 0, 4, 4], "texture": "#0"}
			}
		},
		{
			"from": [5.492, -2.112, 8.924],
			"to": [7.076, -0.528, 11.564],
			"rotation": {"angle": 45, "axis": "x", "origin": [6.284, -1.32, 7.736]},
			"faces": {
				"north": {"uv": [0, 0, 4, 4], "texture": "#0"},
				"east": {"uv": [0, 0, 5.5, 3], "texture": "#0"},
				"south": {"uv": [0, 0, 4, 4], "texture": "#0"},
				"west": {"uv": [0, 0, 5.5, 3], "texture": "#0"},
				"up": {"uv": [0, 0, 3, 5.5], "texture": "#0"},
				"down": {"uv": [0, 0, 3, 5.5], "texture": "#0"}
			}
		},
		{
			"from": [5.756, -6.43483, 8.63072],
			"to": [6.812, -3.53083, 9.68672],
			"rotation": {"angle": 22.5, "axis": "x", "origin": [6.284, -4.58683, 8.76272]},
			"faces": {
				"north": {"uv": [0, 0, 2, 5.5], "texture": "#0"},
				"east": {"uv": [2.5, 2.5, 5, 8], "texture": "#0"},
				"south": {"uv": [2, 0, 4, 5.5], "texture": "#0"},
				"west": {"uv": [5.5, 0, 8, 5.5], "texture": "#0"},
				"up": {"uv": [0, 0, 2, 2], "texture": "#0"},
				"down": {"uv": [0, 0, 2, 2], "texture": "#0"}
			}
		},
		{
			"from": [5.228, -6.732, 6.944],
			"to": [6.284, -6.204, 9.056],
			"rotation": {"angle": 22.5, "axis": "y", "origin": [5.756, -6.468, 8]},
			"faces": {
				"north": {"uv": [0, 0, 1.5, 1], "rotation": 180, "texture": "#0"},
				"east": {"uv": [0, 0, 1, 2.5], "rotation": 270, "texture": "#0"},
				"south": {"uv": [0, 0, 1.5, 1], "texture": "#0"},
				"west": {"uv": [0, 0, 1, 2.5], "rotation": 90, "texture": "#0"},
				"up": {"uv": [0, 0, 1.5, 2.5], "rotation": 180, "texture": "#0"},
				"down": {"uv": [0, 0, 1.5, 2.5], "texture": "#0"}
			}
		},
		{
			"from": [6.284, -6.732, 6.944],
			"to": [7.34, -6.204, 9.056],
			"rotation": {"angle": -22.5, "axis": "y", "origin": [6.812, -6.468, 8]},
			"faces": {
				"north": {"uv": [0, 0, 1.5, 1], "rotation": 180, "texture": "#0"},
				"east": {"uv": [0, 0, 1, 2.5], "rotation": 270, "texture": "#0"},
				"south": {"uv": [0, 0, 1.5, 1], "texture": "#0"},
				"west": {"uv": [0, 0, 1, 2.5], "rotation": 90, "texture": "#0"},
				"up": {"uv": [0, 0, 1.5, 2.5], "rotation": 180, "texture": "#0"},
				"down": {"uv": [0, 0, 1.5, 2.5], "texture": "#0"}
			}
		},
		{
			"from": [8.924, -2.112, 8.924],
			"to": [10.508, -0.528, 11.564],
			"rotation": {"angle": 45, "axis": "x", "origin": [9.716, -1.32, 7.736]},
			"faces": {
				"north": {"uv": [0, 0, 4, 4], "texture": "#0"},
				"east": {"uv": [0, 0, 5.5, 3], "texture": "#0"},
				"south": {"uv": [0, 0, 4, 4], "texture": "#0"},
				"west": {"uv": [0, 0, 5.5, 3], "texture": "#0"},
				"up": {"uv": [0, 0, 3, 5.5], "texture": "#0"},
				"down": {"uv": [0, 0, 3, 5.5], "texture": "#0"}
			}
		},
		{
			"from": [9.188, -6.43483, 8.63072],
			"to": [10.244, -3.53083, 9.68672],
			"rotation": {"angle": 22.5, "axis": "x", "origin": [9.716, -4.58683, 8.76272]},
			"faces": {
				"north": {"uv": [0, 0, 2, 5.5], "texture": "#0"},
				"east": {"uv": [2.5, 2.5, 5, 8], "texture": "#0"},
				"south": {"uv": [2, 0, 4, 5.5], "texture": "#0"},
				"west": {"uv": [5.5, 0, 8, 5.5], "texture": "#0"},
				"up": {"uv": [0, 0, 2, 2], "texture": "#0"},
				"down": {"uv": [0, 0, 2, 2], "texture": "#0"}
			}
		},
		{
			"from": [8.66, -6.732, 6.944],
			"to": [9.716, -6.204, 9.056],
			"rotation": {"angle": 22.5, "axis": "y", "origin": [9.188, -6.468, 8]},
			"faces": {
				"north": {"uv": [0, 0, 1.5, 1], "rotation": 180, "texture": "#0"},
				"east": {"uv": [0, 0, 1, 2.5], "rotation": 270, "texture": "#0"},
				"south": {"uv": [0, 0, 1.5, 1], "texture": "#0"},
				"west": {"uv": [0, 0, 1, 2.5], "rotation": 90, "texture": "#0"},
				"up": {"uv": [0, 0, 1.5, 2.5], "rotation": 180, "texture": "#0"},
				"down": {"uv": [0, 0, 1.5, 2.5], "texture": "#0"}
			}
		},
		{
			"from": [9.716, -6.732, 6.944],
			"to": [10.772, -6.204, 9.056],
			"rotation": {"angle": -22.5, "axis": "y", "origin": [10.244, -6.468, 8]},
			"faces": {
				"north": {"uv": [0, 0, 1.5, 1], "rotation": 180, "texture": "#0"},
				"east": {"uv": [0, 0, 1, 2.5], "rotation": 270, "texture": "#0"},
				"south": {"uv": [0, 0, 1.5, 1], "texture": "#0"},
				"west": {"uv": [0, 0, 1, 2.5], "rotation": 90, "texture": "#0"},
				"up": {"uv": [0, 0, 1.5, 2.5], "rotation": 180, "texture": "#0"},
				"down": {"uv": [0, 0, 1.5, 2.5], "texture": "#0"}
			}
		},
		{
			"from": [6.152, 3.38362, 5.4789],
			"to": [7.736, 4.96762, 7.0629],
			"rotation": {"angle": 22.5, "axis": "y", "origin": [6.944, 4.17562, 6.2709]},
			"faces": {
				"north": {"uv": [5, 0, 8, 3], "rotation": 180, "texture": "#0"},
				"east": {"uv": [0, 0, 3, 3], "rotation": 270, "texture": "#0"},
				"south": {"uv": [0, 4, 3, 7], "texture": "#0"},
				"west": {"uv": [4, 3.5, 7, 6.5], "rotation": 90, "texture": "#0"},
				"up": {"uv": [1.5, 0, 4.5, 3], "rotation": 180, "texture": "#0"},
				"down": {"uv": [2, 2, 5, 5], "texture": "#0"}
			}
		},
		{
			"from": [5.803, 4.30762, 4.4889],
			"to": [7.123, 5.62762, 5.8089],
			"rotation": {"angle": 22.5, "axis": "y", "origin": [6.482, 5.29762, 5.8089]},
			"faces": {
				"north": {"uv": [5, 2.5, 8, 5.5], "rotation": 180, "texture": "#0"},
				"east": {"uv": [5, 5, 8, 8], "rotation": 270, "texture": "#0"},
				"south": {"uv": [2, 4, 5, 7], "texture": "#0"},
				"west": {"uv": [2, 0.5, 5, 3.5], "rotation": 90, "texture": "#0"},
				"up": {"uv": [3.5, 0.5, 6.5, 3.5], "rotation": 180, "texture": "#0"},
				"down": {"uv": [1, 4, 4, 7], "texture": "#0"}
			}
		},
		{
			"from": [5.468, 4.47262, 3.4989],
			"to": [6.458, 5.46262, 4.4889],
			"rotation": {"angle": 22.5, "axis": "y", "origin": [6.482, 5.29762, 5.8089]},
			"faces": {
				"north": {"uv": [3, 2, 5.5, 4.5], "rotation": 180, "texture": "#0"},
				"east": {"uv": [5, 4.5, 7.5, 7], "rotation": 270, "texture": "#0"},
				"south": {"uv": [1, 5, 3.5, 7.5], "texture": "#0"},
				"west": {"uv": [5, 1.5, 7.5, 4], "rotation": 90, "texture": "#0"},
				"up": {"uv": [5.5, 0, 8, 2.5], "rotation": 180, "texture": "#0"},
				"down": {"uv": [1, 1, 3.5, 3.5], "texture": "#0"}
			}
		},
		{
			"from": [8.53373, 3.38362, 5.53532],
			"to": [10.11773, 4.96762, 7.11932],
			"rotation": {"angle": -22.5, "axis": "y", "origin": [9.31304, 5.14362, 5.6499]},
			"faces": {
				"north": {"uv": [5, 0, 8, 3], "rotation": 180, "texture": "#0"},
				"east": {"uv": [0, 0, 3, 3], "rotation": 270, "texture": "#0"},
				"south": {"uv": [0, 4, 3, 7], "texture": "#0"},
				"west": {"uv": [4, 3.5, 7, 6.5], "rotation": 90, "texture": "#0"},
				"up": {"uv": [1.5, 0, 4.5, 3], "rotation": 180, "texture": "#0"},
				"down": {"uv": [2, 2, 5, 5], "texture": "#0"}
			}
		},
		{
			"from": [8.89669, 4.30762, 4.40369],
			"to": [10.21669, 5.62762, 5.72369],
			"rotation": {"angle": -22.5, "axis": "y", "origin": [9.31304, 5.14362, 5.6499]},
			"faces": {
				"north": {"uv": [5, 2.5, 8, 5.5], "rotation": 180, "texture": "#0"},
				"east": {"uv": [5, 5, 8, 8], "rotation": 270, "texture": "#0"},
				"south": {"uv": [2, 4, 5, 7], "texture": "#0"},
				"west": {"uv": [2, 0.5, 5, 3.5], "rotation": 90, "texture": "#0"},
				"up": {"uv": [3.5, 0.5, 6.5, 3.5], "rotation": 180, "texture": "#0"},
				"down": {"uv": [1, 4, 4, 7], "texture": "#0"}
			}
		},
		{
			"from": [9.56169, 4.47262, 3.41369],
			"to": [10.55169, 5.46262, 4.40369],
			"rotation": {"angle": -22.5, "axis": "y", "origin": [9.31304, 5.14362, 5.6499]},
			"faces": {
				"north": {"uv": [3, 2, 5.5, 4.5], "rotation": 180, "texture": "#0"},
				"east": {"uv": [5, 4.5, 7.5, 7], "rotation": 270, "texture": "#0"},
				"south": {"uv": [1, 5, 3.5, 7.5], "texture": "#0"},
				"west": {"uv": [5, 1.5, 7.5, 4], "rotation": 90, "texture": "#0"},
				"up": {"uv": [5.5, 0, 8, 2.5], "rotation": 180, "texture": "#0"},
				"down": {"uv": [1, 1, 3.5, 3.5], "texture": "#0"}
			}
		},
		{
			"from": [8.60598, 3.1267, -1.67545],
			"to": [13.00598, 4.5267, 3.72455],
			"rotation": {"angle": -22.5, "axis": "x", "origin": [10.78962, 4.57367, 3.7043]},
			"faces": {
				"north": {"uv": [3.5, 0, 8, 1.5], "rotation": 180, "texture": "#0"},
				"east": {"uv": [0, 0, 1.5, 5], "rotation": 270, "texture": "#0"},
				"south": {"uv": [0, 5.5, 4.5, 7], "texture": "#0"},
				"west": {"uv": [4, 1.5, 5.5, 6.5], "rotation": 90, "texture": "#0"},
				"up": {"uv": [8, 1, 13, 6], "texture": "#0"},
				"down": {"uv": [2, 0.5, 6.5, 5], "texture": "#0"}
			}
		},
		{
			"from": [9.10598, 2.7267, -0.67545],
			"to": [12.50598, 3.1267, 2.72455],
			"rotation": {"angle": -22.5, "axis": "x", "origin": [10.78962, 4.57367, 3.7043]},
			"faces": {
				"north": {"uv": [1, 1, 5, 1.5], "rotation": 180, "texture": "#0"},
				"east": {"uv": [0, 1, 0.5, 5], "rotation": 270, "texture": "#0"},
				"south": {"uv": [0, 6.5, 4, 7], "texture": "#0"},
				"west": {"uv": [4, 2.5, 4.5, 6.5], "rotation": 90, "texture": "#0"},
				"up": {"uv": [2, 0.5, 6.5, 5], "texture": "#0"},
				"down": {"uv": [2, 0.5, 6.5, 5], "texture": "#0"}
			}
		},
		{
			"from": [8.60598, 4.5267, -0.92545],
			"to": [13.00598, 5.9267, 3.72455],
			"rotation": {"angle": 22.5, "axis": "x", "origin": [10.78962, 4.57367, 3.8043]},
			"faces": {
				"north": {"uv": [3, 3.5, 6.5, 5], "rotation": 180, "texture": "#0"},
				"east": {"uv": [4.5, 2, 6, 6.5], "rotation": 270, "texture": "#0"},
				"south": {"uv": [0, 5.5, 4, 7], "texture": "#0"},
				"west": {"uv": [4, 2, 5.5, 6.5], "rotation": 90, "texture": "#0"},
				"up": {"uv": [2, 0.5, 6.5, 5], "texture": "#0"},
				"down": {"uv": [8.5, 0.5, 11.5, 2], "texture": "#0"}
			}
		},
		{
			"from": [9.10598, 5.9267, -0.67545],
			"to": [12.50598, 6.8267, 3.72455],
			"rotation": {"angle": 22.5, "axis": "x", "origin": [10.78962, 4.57367, 3.8043]},
			"faces": {
				"north": {"uv": [3, 5, 6.5, 6], "rotation": 180, "texture": "#0"},
				"east": {"uv": [4.5, 2.5, 5.5, 7], "rotation": 270, "texture": "#0"},
				"south": {"uv": [0, 4.5, 3.5, 5.5], "texture": "#0"},
				"west": {"uv": [6.5, 2.5, 7.5, 7], "rotation": 90, "texture": "#0"},
				"up": {"uv": [2, 1, 5.5, 5], "texture": "#0"},
				"down": {"uv": [8.5, 0.5, 11.5, 2], "texture": "#0"}
			}
		},
		{
			"from": [8.67483, 4.5, -1.61929],
			"to": [9.37483, 5.3, -0.96929],
			"rotation": {"angle": -22.5, "axis": "x", "origin": [10.78962, 4.57367, 3.7043]},
			"faces": {
				"north": {"uv": [14, 1, 14.8, 1.8], "texture": "#0"},
				"east": {"uv": [14.5, 1, 15.2, 1.8], "texture": "#0"},
				"south": {"uv": [14, 0.5, 14.8, 1.3], "texture": "#0"},
				"west": {"uv": [14, 1, 14.7, 1.8], "texture": "#0"},
				"up": {"uv": [14, 1, 14.8, 1.7], "texture": "#0"},
				"down": {"uv": [14.5, 0.5, 15.3, 1.2], "texture": "#0"}
			}
		},
		{
			"from": [12.24483, 4.5, -1.61929],
			"to": [12.94483, 5.3, -0.96929],
			"rotation": {"angle": -22.5, "axis": "x", "origin": [10.78962, 4.57367, 3.7043]},
			"faces": {
				"north": {"uv": [14, 1, 14.8, 1.8], "texture": "#0"},
				"east": {"uv": [14.5, 1, 15.2, 1.8], "texture": "#0"},
				"south": {"uv": [14, 0.5, 14.8, 1.3], "texture": "#0"},
				"west": {"uv": [14, 1, 14.7, 1.8], "texture": "#0"},
				"up": {"uv": [14, 1, 14.8, 1.7], "texture": "#0"},
				"down": {"uv": [14.5, 0.5, 15.3, 1.2], "texture": "#0"}
			}
		},
		{
			"from": [12.29483, 5.5, 1.73071],
			"to": [13.29483, 6.5, 2.73071],
			"rotation": {"angle": 22.5, "axis": "x", "origin": [10.78962, 4.57367, 3.8043]},
			"faces": {
				"north": {"uv": [14, 1, 14.8, 1.8], "texture": "#0"},
				"east": {"uv": [14.5, 1, 15.2, 1.8], "texture": "#0"},
				"south": {"uv": [14, 0.5, 14.8, 1.3], "texture": "#0"},
				"west": {"uv": [14, 1, 14.7, 1.8], "texture": "#0"},
				"up": {"uv": [14, 1, 14.8, 1.7], "texture": "#0"},
				"down": {"uv": [14.5, 0.5, 15.3, 1.2], "texture": "#0"}
			}
		},
		{
			"from": [8.29483, 5.5, 1.73071],
			"to": [9.29483, 6.5, 2.73071],
			"rotation": {"angle": 22.5, "axis": "x", "origin": [10.78962, 4.57367, 3.8043]},
			"faces": {
				"north": {"uv": [14, 1, 14.8, 1.8], "texture": "#0"},
				"east": {"uv": [14.5, 1, 15.2, 1.8], "texture": "#0"},
				"south": {"uv": [14, 0.5, 14.8, 1.3], "texture": "#0"},
				"west": {"uv": [14, 1, 14.7, 1.8], "texture": "#0"},
				"up": {"uv": [14, 1, 14.8, 1.7], "texture": "#0"},
				"down": {"uv": [14.5, 0.5, 15.3, 1.2], "texture": "#0"}
			}
		},
		{
			"from": [8.19483, 5.75, 2.08071],
			"to": [8.29483, 6.25, 2.58071],
			"rotation": {"angle": 22.5, "axis": "x", "origin": [10.78962, 4.57367, 3.8043]},
			"faces": {
				"north": {"uv": [14, 4, 14.8, 4.8], "texture": "#0"},
				"east": {"uv": [14.5, 4, 15.2, 4.8], "texture": "#0"},
				"south": {"uv": [14, 4, 14.8, 4.8], "texture": "#0"},
				"west": {"uv": [14.5, 4, 15.2, 4.8], "texture": "#0"},
				"up": {"uv": [14, 4, 14.8, 4.7], "texture": "#0"},
				"down": {"uv": [14, 4, 14.8, 4.7], "texture": "#0"}
			}
		},
		{
			"from": [13.29483, 5.75, 2.08071],
			"to": [13.39483, 6.25, 2.58071],
			"rotation": {"angle": 22.5, "axis": "x", "origin": [10.78962, 4.57367, 3.8043]},
			"faces": {
				"north": {"uv": [14, 4, 14.8, 4.8], "texture": "#0"},
				"east": {"uv": [14.5, 4, 15.2, 4.8], "texture": "#0"},
				"south": {"uv": [14, 4, 14.8, 4.8], "texture": "#0"},
				"west": {"uv": [14.5, 4, 15.2, 4.8], "texture": "#0"},
				"up": {"uv": [14, 4, 14.8, 4.7], "texture": "#0"},
				"down": {"uv": [14, 4, 14.8, 4.7], "texture": "#0"}
			}
		},
		{
			"from": [11.34483, 6.75, 2.63071],
			"to": [12.04483, 7.75, 3.28071],
			"rotation": {"angle": 22.5, "axis": "x", "origin": [10.78962, 4.57367, 3.8043]},
			"faces": {
				"north": {"uv": [9, 0.5, 9.8, 1.3], "texture": "#0"},
				"east": {"uv": [9.5, 0.5, 10.2, 1.3], "texture": "#0"},
				"south": {"uv": [8.5, 0.5, 9.3, 1.3], "texture": "#0"},
				"west": {"uv": [9, 0.5, 9.7, 1.3], "texture": "#0"},
				"up": {"uv": [9, 0.5, 9.8, 1.2], "texture": "#0"},
				"down": {"uv": [9.5, 1, 10.3, 1.7], "texture": "#0"}
			}
		},
		{
			"from": [9.59483, 6.75, 2.63071],
			"to": [10.29483, 7.75, 3.28071],
			"rotation": {"angle": 22.5, "axis": "x", "origin": [10.78962, 4.57367, 3.8043]},
			"faces": {
				"north": {"uv": [9, 0.5, 9.8, 1.3], "texture": "#0"},
				"east": {"uv": [9.5, 0.5, 10.2, 1.3], "texture": "#0"},
				"south": {"uv": [8.5, 0.5, 9.3, 1.3], "texture": "#0"},
				"west": {"uv": [9, 0.5, 9.7, 1.3], "texture": "#0"},
				"up": {"uv": [9, 0.5, 9.8, 1.2], "texture": "#0"},
				"down": {"uv": [9.5, 1, 10.3, 1.7], "texture": "#0"}
			}
		},
		{
			"from": [4.09483, 6.75, 2.63071],
			"to": [4.79483, 7.75, 3.28071],
			"rotation": {"angle": 22.5, "axis": "x", "origin": [5.28962, 4.57367, 3.8043]},
			"faces": {
				"north": {"uv": [9, 0.5, 9.8, 1.3], "texture": "#0"},
				"east": {"uv": [9.5, 0.5, 10.2, 1.3], "texture": "#0"},
				"south": {"uv": [8.5, 0.5, 9.3, 1.3], "texture": "#0"},
				"west": {"uv": [9, 0.5, 9.7, 1.3], "texture": "#0"},
				"up": {"uv": [9, 0.5, 9.8, 1.2], "texture": "#0"},
				"down": {"uv": [9.5, 1, 10.3, 1.7], "texture": "#0"}
			}
		},
		{
			"from": [3.10598, 4.5267, -0.92545],
			"to": [7.50598, 5.9267, 3.72455],
			"rotation": {"angle": 22.5, "axis": "x", "origin": [5.28962, 4.57367, 3.8043]},
			"faces": {
				"north": {"uv": [3, 3.5, 6.5, 5], "rotation": 180, "texture": "#0"},
				"east": {"uv": [4.5, 2, 6, 6.5], "rotation": 270, "texture": "#0"},
				"south": {"uv": [0, 5.5, 4, 7], "texture": "#0"},
				"west": {"uv": [4, 2, 5.5, 6.5], "rotation": 90, "texture": "#0"},
				"up": {"uv": [2, 0.5, 6.5, 5], "texture": "#0"},
				"down": {"uv": [8.5, 0.5, 11.5, 2], "texture": "#0"}
			}
		},
		{
			"from": [3.60598, 2.7267, -0.67545],
			"to": [7.00598, 3.1267, 2.72455],
			"rotation": {"angle": -22.5, "axis": "x", "origin": [5.28962, 4.57367, 3.7043]},
			"faces": {
				"north": {"uv": [1, 1, 5, 1.5], "rotation": 180, "texture": "#0"},
				"east": {"uv": [0, 1, 0.5, 5], "rotation": 270, "texture": "#0"},
				"south": {"uv": [0, 6.5, 4, 7], "texture": "#0"},
				"west": {"uv": [4, 2.5, 4.5, 6.5], "rotation": 90, "texture": "#0"},
				"up": {"uv": [2, 0.5, 6.5, 5], "texture": "#0"},
				"down": {"uv": [2, 0.5, 6.5, 5], "texture": "#0"}
			}
		},
		{
			"from": [3.10598, 3.1267, -1.67545],
			"to": [7.50598, 4.5267, 3.72455],
			"rotation": {"angle": -22.5, "axis": "x", "origin": [5.28962, 4.57367, 3.7043]},
			"faces": {
				"north": {"uv": [3.5, 0, 8, 1.5], "rotation": 180, "texture": "#0"},
				"east": {"uv": [0, 0, 1.5, 5], "rotation": 270, "texture": "#0"},
				"south": {"uv": [0, 5.5, 4.5, 7], "texture": "#0"},
				"west": {"uv": [4, 1.5, 5.5, 6.5], "rotation": 90, "texture": "#0"},
				"up": {"uv": [8, 1, 13, 6], "texture": "#0"},
				"down": {"uv": [2, 0.5, 6.5, 5], "texture": "#0"}
			}
		},
		{
			"from": [6.74483, 4.5, -1.61929],
			"to": [7.44483, 5.3, -0.96929],
			"rotation": {"angle": -22.5, "axis": "x", "origin": [5.28962, 4.57367, 3.7043]},
			"faces": {
				"north": {"uv": [14, 1, 14.8, 1.8], "texture": "#0"},
				"east": {"uv": [14.5, 1, 15.2, 1.8], "texture": "#0"},
				"south": {"uv": [14, 0.5, 14.8, 1.3], "texture": "#0"},
				"west": {"uv": [14, 1, 14.7, 1.8], "texture": "#0"},
				"up": {"uv": [14, 1, 14.8, 1.7], "texture": "#0"},
				"down": {"uv": [14.5, 0.5, 15.3, 1.2], "texture": "#0"}
			}
		},
		{
			"from": [3.17483, 4.5, -1.61929],
			"to": [3.87483, 5.3, -0.96929],
			"rotation": {"angle": -22.5, "axis": "x", "origin": [5.28962, 4.57367, 3.7043]},
			"faces": {
				"north": {"uv": [14, 1, 14.8, 1.8], "texture": "#0"},
				"east": {"uv": [14.5, 1, 15.2, 1.8], "texture": "#0"},
				"south": {"uv": [14, 0.5, 14.8, 1.3], "texture": "#0"},
				"west": {"uv": [14, 1, 14.7, 1.8], "texture": "#0"},
				"up": {"uv": [14, 1, 14.8, 1.7], "texture": "#0"},
				"down": {"uv": [14.5, 0.5, 15.3, 1.2], "texture": "#0"}
			}
		},
		{
			"from": [3.60598, 5.9267, -0.67545],
			"to": [7.00598, 6.8267, 3.72455],
			"rotation": {"angle": 22.5, "axis": "x", "origin": [5.28962, 4.57367, 3.8043]},
			"faces": {
				"north": {"uv": [3, 5, 6.5, 6], "rotation": 180, "texture": "#0"},
				"east": {"uv": [4.5, 2.5, 5.5, 7], "rotation": 270, "texture": "#0"},
				"south": {"uv": [0, 4.5, 3.5, 5.5], "texture": "#0"},
				"west": {"uv": [6.5, 2.5, 7.5, 7], "rotation": 90, "texture": "#0"},
				"up": {"uv": [2, 1, 5.5, 5], "texture": "#0"},
				"down": {"uv": [8.5, 0.5, 11.5, 2], "texture": "#0"}
			}
		},
		{
			"from": [5.84483, 6.75, 2.63071],
			"to": [6.54483, 7.75, 3.28071],
			"rotation": {"angle": 22.5, "axis": "x", "origin": [5.28962, 4.57367, 3.8043]},
			"faces": {
				"north": {"uv": [9, 0.5, 9.8, 1.3], "texture": "#0"},
				"east": {"uv": [9.5, 0.5, 10.2, 1.3], "texture": "#0"},
				"south": {"uv": [8.5, 0.5, 9.3, 1.3], "texture": "#0"},
				"west": {"uv": [9, 0.5, 9.7, 1.3], "texture": "#0"},
				"up": {"uv": [9, 0.5, 9.8, 1.2], "texture": "#0"},
				"down": {"uv": [9.5, 1, 10.3, 1.7], "texture": "#0"}
			}
		},
		{
			"from": [7.79483, 5.75, 2.08071],
			"to": [7.89483, 6.25, 2.58071],
			"rotation": {"angle": 22.5, "axis": "x", "origin": [5.28962, 4.57367, 3.8043]},
			"faces": {
				"north": {"uv": [14, 4, 14.8, 4.8], "texture": "#0"},
				"east": {"uv": [14.5, 4, 15.2, 4.8], "texture": "#0"},
				"south": {"uv": [14, 4, 14.8, 4.8], "texture": "#0"},
				"west": {"uv": [14.5, 4, 15.2, 4.8], "texture": "#0"},
				"up": {"uv": [14, 4, 14.8, 4.7], "texture": "#0"},
				"down": {"uv": [14, 4, 14.8, 4.7], "texture": "#0"}
			}
		},
		{
			"from": [2.69483, 5.75, 2.08071],
			"to": [2.79483, 6.25, 2.58071],
			"rotation": {"angle": 22.5, "axis": "x", "origin": [5.28962, 4.57367, 3.8043]},
			"faces": {
				"north": {"uv": [14, 4, 14.8, 4.8], "texture": "#0"},
				"east": {"uv": [14.5, 4, 15.2, 4.8], "texture": "#0"},
				"south": {"uv": [14, 4, 14.8, 4.8], "texture": "#0"},
				"west": {"uv": [14.5, 4, 15.2, 4.8], "texture": "#0"},
				"up": {"uv": [14, 4, 14.8, 4.7], "texture": "#0"},
				"down": {"uv": [14, 4, 14.8, 4.7], "texture": "#0"}
			}
		},
		{
			"from": [2.79483, 5.5, 1.73071],
			"to": [3.79483, 6.5, 2.73071],
			"rotation": {"angle": 22.5, "axis": "x", "origin": [5.28962, 4.57367, 3.8043]},
			"faces": {
				"north": {"uv": [14, 1, 14.8, 1.8], "texture": "#0"},
				"east": {"uv": [14.5, 1, 15.2, 1.8], "texture": "#0"},
				"south": {"uv": [14, 0.5, 14.8, 1.3], "texture": "#0"},
				"west": {"uv": [14, 1, 14.7, 1.8], "texture": "#0"},
				"up": {"uv": [14, 1, 14.8, 1.7], "texture": "#0"},
				"down": {"uv": [14.5, 0.5, 15.3, 1.2], "texture": "#0"}
			}
		},
		{
			"from": [6.79483, 5.5, 1.73071],
			"to": [7.79483, 6.5, 2.73071],
			"rotation": {"angle": 22.5, "axis": "x", "origin": [5.28962, 4.57367, 3.8043]},
			"faces": {
				"north": {"uv": [14, 1, 14.8, 1.8], "texture": "#0"},
				"east": {"uv": [14.5, 1, 15.2, 1.8], "texture": "#0"},
				"south": {"uv": [14, 0.5, 14.8, 1.3], "texture": "#0"},
				"west": {"uv": [14, 1, 14.7, 1.8], "texture": "#0"},
				"up": {"uv": [14, 1, 14.8, 1.7], "texture": "#0"},
				"down": {"uv": [14.5, 0.5, 15.3, 1.2], "texture": "#0"}
			}
		},
		{
			"from": [7.208, -2.81433, 11.70283],
			"to": [8.792, 0.35367, 13.41883],
			"rotation": {"angle": -45, "axis": "x", "origin": [8, -3.54033, 11.24083]},
			"faces": {
				"north": {"uv": [3, 0, 6.5, 8], "texture": "#0"},
				"east": {"uv": [4.5, 0, 8, 8], "texture": "#0"},
				"south": {"uv": [0, 0, 3.5, 8], "texture": "#0"},
				"west": {"uv": [2, 0, 5.5, 8], "texture": "#0"},
				"up": {"uv": [4, 1.5, 7, 5], "texture": "#0"},
				"down": {"uv": [0, 0, 3, 3.5], "texture": "#0"}
			}
		},
		{
			"from": [7.373, -3.24665, 11.03191],
			"to": [8.627, -1.86065, 14.19991],
			"rotation": {"angle": 22.5, "axis": "x", "origin": [8, -3.21365, 12.78091]},
			"faces": {
				"north": {"uv": [4, 1.5, 7, 5], "rotation": 180, "texture": "#0"},
				"east": {"uv": [4.5, 0, 8, 8], "rotation": 90, "texture": "#0"},
				"south": {"uv": [0, 0, 3, 3.5], "texture": "#0"},
				"west": {"uv": [2, 0, 5.5, 8], "rotation": 270, "texture": "#0"},
				"up": {"uv": [0, 0, 3.5, 8], "texture": "#0"},
				"down": {"uv": [3, 0, 6.5, 8], "rotation": 180, "texture": "#0"}
			}
		},
		{
			"from": [7.538, -3.08165, 14.19991],
			"to": [8.462, -2.02565, 16.04791],
			"rotation": {"angle": 22.5, "axis": "x", "origin": [8, -3.21365, 12.78091]},
			"faces": {
				"north": {"uv": [5, 4, 7.5, 7], "rotation": 180, "texture": "#0"},
				"east": {"uv": [5.5, 3, 8, 8], "rotation": 90, "texture": "#0"},
				"south": {"uv": [2, 1.5, 4.5, 4.5], "texture": "#0"},
				"west": {"uv": [2, 0, 4.5, 5], "rotation": 270, "texture": "#0"},
				"up": {"uv": [0, 3, 2.5, 8], "texture": "#0"},
				"down": {"uv": [4, 3, 6.5, 8], "rotation": 180, "texture": "#0"}
			}
		},
		{
			"name": "joint",
			"from": [4.5812, 2.90738, 6.44364],
			"to": [5.888, 4.21418, 7.31484],
			"rotation": {"angle": 0, "axis": "y", "origin": [5.97975, 3.53991, 6.89013]},
			"faces": {
				"north": {"uv": [11, 0.5, 10, 1.5], "rotation": 270, "texture": "#0"},
				"east": {"uv": [10, 0.5, 9, 1.5], "rotation": 270, "texture": "#0"},
				"south": {"uv": [10, 0.5, 9, 1.5], "rotation": 270, "texture": "#0"},
				"west": {"uv": [9.5, 0.5, 8.5, 1.5], "rotation": 90, "texture": "#0"},
				"up": {"uv": [9.5, 0.5, 8.5, 1.5], "rotation": 180, "texture": "#0"},
				"down": {"uv": [10, 0.5, 9, 1.5], "texture": "#0"}
			}
		},
		{
			"name": "bone",
			"from": [0.82548, 3.73298, 6.55254],
			"to": [5.18148, 4.38638, 7.20594],
			"rotation": {"angle": 45, "axis": "z", "origin": [5.97975, 3.53991, 6.89013]},
			"faces": {
				"north": {"uv": [11, 0.5, 10, 1.5], "rotation": 270, "texture": "#0"},
				"east": {"uv": [10, 0.5, 9, 1.5], "rotation": 270, "texture": "#0"},
				"south": {"uv": [10, 0.5, 9, 1.5], "rotation": 270, "texture": "#0"},
				"west": {"uv": [9.5, 0.5, 8.5, 1.5], "rotation": 90, "texture": "#0"},
				"up": {"uv": [9.5, 0.5, 8.5, 1.5], "rotation": 180, "texture": "#0"},
				"down": {"uv": [10, 0.5, 9, 1.5], "texture": "#0"}
			}
		},
		{
			"name": "bone",
			"from": [0.81524, 0.07455, 6.57432],
			"to": [2.27054, 0.72795, 7.20594],
			"rotation": {"angle": 0, "axis": "y", "origin": [0.96539, 0.89625, 6.89013]},
			"faces": {
				"north": {"uv": [10, 1.5, 11, 0.5], "rotation": 180, "texture": "#0"},
				"east": {"uv": [10, 0.5, 9, 1.5], "rotation": 270, "texture": "#0"},
				"south": {"uv": [9, 1.5, 10, 0.5], "texture": "#0"},
				"west": {"uv": [9.5, 0.5, 8.5, 1.5], "rotation": 90, "texture": "#0"},
				"up": {"uv": [9.5, 0.5, 8.5, 1.5], "rotation": 180, "texture": "#0"},
				"down": {"uv": [10, 0.5, 9, 1.5], "texture": "#0"}
			}
		},
		{
			"name": "bone",
			"from": [-0.83476, 0.43755, 6.57432],
			"to": [1.08254, 1.09095, 7.20594],
			"rotation": {"angle": -22.5, "axis": "z", "origin": [0.09089, 0.89625, 6.89013]},
			"faces": {
				"north": {"uv": [10, 1.5, 11, 0.5], "rotation": 180, "texture": "#0"},
				"east": {"uv": [10, 0.5, 9, 1.5], "rotation": 270, "texture": "#0"},
				"south": {"uv": [9, 1.5, 10, 0.5], "texture": "#0"},
				"west": {"uv": [9.5, 0.5, 8.5, 1.5], "rotation": 90, "texture": "#0"},
				"up": {"uv": [9.5, 0.5, 8.5, 1.5], "rotation": 180, "texture": "#0"},
				"down": {"uv": [10, 0.5, 9, 1.5], "texture": "#0"}
			}
		},
		{
			"name": "bone",
			"from": [-0.91179, 6.5425, 6.5961],
			"to": [-0.25839, 12.72802, 7.20594],
			"rotation": {"angle": 45, "axis": "z", "origin": [6.00336, 3.57524, 6.91191]},
			"faces": {
				"north": {"uv": [11, 0.5, 10, 1.5], "rotation": 270, "texture": "#0"},
				"east": {"uv": [10, 0.5, 9, 1.5], "rotation": 270, "texture": "#0"},
				"south": {"uv": [10, 0.5, 9, 1.5], "rotation": 270, "texture": "#0"},
				"west": {"uv": [9.5, 0.5, 8.5, 1.5], "rotation": 90, "texture": "#0"},
				"up": {"uv": [9.5, 0.5, 8.5, 1.5], "rotation": 180, "texture": "#0"},
				"down": {"uv": [10, 0.5, 9, 1.5], "texture": "#0"}
			}
		},
		{
			"name": "bone",
			"from": [-4.51288, 6.69776, 6.63966],
			"to": [-3.85948, 9.23216, 7.20594],
			"rotation": {"angle": -45, "axis": "z", "origin": [-3.85618, 8.03096, 6.9228]},
			"faces": {
				"north": {"uv": [11, 0.5, 10, 1.5], "rotation": 270, "texture": "#0"},
				"east": {"uv": [10, 0.5, 9, 1.5], "rotation": 270, "texture": "#0"},
				"south": {"uv": [10, 0.5, 9, 1.5], "rotation": 270, "texture": "#0"},
				"west": {"uv": [9.5, 0.5, 8.5, 1.5], "rotation": 90, "texture": "#0"},
				"up": {"uv": [9.5, 0.5, 8.5, 1.5], "rotation": 180, "texture": "#0"},
				"down": {"uv": [10, 0.5, 9, 1.5], "texture": "#0"}
			}
		},
		{
			"name": "bone",
			"from": [-5.27059, 5.16548, 6.63966],
			"to": [-4.61719, 7.56788, 7.20594],
			"rotation": {"angle": 0, "axis": "y", "origin": [-4.61389, 6.20168, 6.9228]},
			"faces": {
				"north": {"uv": [11, 0.5, 10, 1.5], "rotation": 270, "texture": "#0"},
				"east": {"uv": [10, 0.5, 9, 1.5], "rotation": 270, "texture": "#0"},
				"south": {"uv": [10, 0.5, 9, 1.5], "rotation": 270, "texture": "#0"},
				"west": {"uv": [9.5, 0.5, 8.5, 1.5], "rotation": 90, "texture": "#0"},
				"up": {"uv": [9.5, 0.5, 8.5, 1.5], "rotation": 180, "texture": "#0"},
				"down": {"uv": [10, 0.5, 9, 1.5], "texture": "#0"}
			}
		},
		{
			"name": "flap",
			"from": [-6.091, 0.72938, 6.90102],
			"to": [4.5812, 9.22358, 6.93402],
			"rotation": {"angle": 0, "axis": "y", "origin": [5.97975, 3.53991, 6.89013]},
			"faces": {
				"north": {"uv": [16, 0, 0, 16], "rotation": 270, "texture": "#1"},
				"east": {"uv": [9.058, 0.941, 0.471, 1.691], "rotation": 270, "texture": "#1"},
				"south": {"uv": [16, 0, 0, 16], "rotation": 270, "texture": "#2"},
				"west": {"uv": [8.117, 0.941, 0.941, 1.691], "rotation": 90, "texture": "#1"},
				"up": {"uv": [3.883, 1.412, 1.883, 2.162], "rotation": 180, "texture": "#1"},
				"down": {"uv": [2.941, 0.941, 0.941, 1.691], "texture": "#1"}
			}
		},
		{
			"name": "tendon",
			"from": [1.60183, 0.49402, 6.73767],
			"to": [2.03743, 2.84626, 6.97725],
			"rotation": {"angle": 0, "axis": "y", "origin": [1.81963, 1.67014, 6.85746]},
			"faces": {
				"north": {"uv": [11, 0.5, 10, 1.5], "rotation": 270, "texture": "#0"},
				"east": {"uv": [10, 0.5, 9, 1.5], "rotation": 270, "texture": "#0"},
				"south": {"uv": [10, 0.5, 9, 1.5], "rotation": 270, "texture": "#0"},
				"west": {"uv": [9.5, 0.5, 8.5, 1.5], "rotation": 90, "texture": "#0"},
				"up": {"uv": [9.5, 0.5, 8.5, 1.5], "rotation": 180, "texture": "#0"},
				"down": {"uv": [10, 0.5, 9, 1.5], "texture": "#0"}
			}
		},
		{
			"name": "tendon",
			"from": [2.22917, 1.06309, 6.74856],
			"to": [2.66477, 2.74874, 6.96636],
			"rotation": {"angle": -22.5, "axis": "z", "origin": [5.97975, 3.53991, 6.89013]},
			"faces": {
				"north": {"uv": [11, 0.5, 10, 1.5], "rotation": 270, "texture": "#0"},
				"east": {"uv": [10, 0.5, 9, 1.5], "rotation": 270, "texture": "#0"},
				"south": {"uv": [10, 0.5, 9, 1.5], "rotation": 270, "texture": "#0"},
				"west": {"uv": [9.5, 0.5, 8.5, 1.5], "rotation": 90, "texture": "#0"},
				"up": {"uv": [9.5, 0.5, 8.5, 1.5], "rotation": 180, "texture": "#0"},
				"down": {"uv": [10, 0.5, 9, 1.5], "texture": "#0"}
			}
		},
		{
			"name": "tendon",
			"from": [-0.7164, 0.99311, 6.73767],
			"to": [-0.2808, 4.43435, 6.97725],
			"rotation": {"angle": 0, "axis": "y", "origin": [-0.4986, 2.71373, 6.85746]},
			"faces": {
				"north": {"uv": [11, 0.5, 10, 1.5], "rotation": 270, "texture": "#0"},
				"east": {"uv": [10, 0.5, 9, 1.5], "rotation": 270, "texture": "#0"},
				"south": {"uv": [10, 0.5, 9, 1.5], "rotation": 270, "texture": "#0"},
				"west": {"uv": [9.5, 0.5, 8.5, 1.5], "rotation": 90, "texture": "#0"},
				"up": {"uv": [9.5, 0.5, 8.5, 1.5], "rotation": 180, "texture": "#0"},
				"down": {"uv": [10, 0.5, 9, 1.5], "texture": "#0"}
			}
		},
		{
			"name": "tendon",
			"from": [-1.94419, -1.55445, 6.74856],
			"to": [-1.50859, 0.01371, 6.96636],
			"rotation": {"angle": -45, "axis": "z", "origin": [5.97975, 3.53991, 6.89013]},
			"faces": {
				"north": {"uv": [11, 0.5, 10, 1.5], "rotation": 270, "texture": "#0"},
				"east": {"uv": [10, 0.5, 9, 1.5], "rotation": 270, "texture": "#0"},
				"south": {"uv": [10, 0.5, 9, 1.5], "rotation": 270, "texture": "#0"},
				"west": {"uv": [9.5, 0.5, 8.5, 1.5], "rotation": 90, "texture": "#0"},
				"up": {"uv": [9.5, 0.5, 8.5, 1.5], "rotation": 180, "texture": "#0"},
				"down": {"uv": [10, 0.5, 9, 1.5], "texture": "#0"}
			}
		},
		{
			"name": "tendon",
			"from": [-3.31055, 0.36901, 6.73767],
			"to": [-2.87495, 1.96984, 6.97725],
			"rotation": {"angle": -22.5, "axis": "z", "origin": [5.97975, 3.53991, 6.89013]},
			"faces": {
				"north": {"uv": [11, 0.5, 10, 1.5], "rotation": 270, "texture": "#0"},
				"east": {"uv": [10, 0.5, 9, 1.5], "rotation": 270, "texture": "#0"},
				"south": {"uv": [10, 0.5, 9, 1.5], "rotation": 270, "texture": "#0"},
				"west": {"uv": [9.5, 0.5, 8.5, 1.5], "rotation": 90, "texture": "#0"},
				"up": {"uv": [9.5, 0.5, 8.5, 1.5], "rotation": 180, "texture": "#0"},
				"down": {"uv": [10, 0.5, 9, 1.5], "texture": "#0"}
			}
		},
		{
			"name": "tendon",
			"from": [-0.56497, 1.69011, 6.74856],
			"to": [-0.12937, 3.02727, 6.96636],
			"rotation": {"angle": -22.5, "axis": "z", "origin": [5.97975, 3.53991, 6.89013]},
			"faces": {
				"north": {"uv": [11, 0.5, 10, 1.5], "rotation": 270, "texture": "#0"},
				"east": {"uv": [10, 0.5, 9, 1.5], "rotation": 270, "texture": "#0"},
				"south": {"uv": [10, 0.5, 9, 1.5], "rotation": 270, "texture": "#0"},
				"west": {"uv": [9.5, 0.5, 8.5, 1.5], "rotation": 90, "texture": "#0"},
				"up": {"uv": [9.5, 0.5, 8.5, 1.5], "rotation": 180, "texture": "#0"},
				"down": {"uv": [10, 0.5, 9, 1.5], "texture": "#0"}
			}
		},
		{
			"name": "joint",
			"from": [10.112, 2.90738, 6.44364],
			"to": [11.4188, 4.21418, 7.31484],
			"rotation": {"angle": 0, "axis": "y", "origin": [10.02025, 3.53991, 6.89013]},
			"faces": {
				"north": {"uv": [11, 0.5, 10, 1.5], "rotation": 270, "texture": "#0"},
				"east": {"uv": [10, 0.5, 9, 1.5], "rotation": 270, "texture": "#0"},
				"south": {"uv": [10, 0.5, 9, 1.5], "rotation": 270, "texture": "#0"},
				"west": {"uv": [9.5, 0.5, 8.5, 1.5], "rotation": 90, "texture": "#0"},
				"up": {"uv": [9.5, 0.5, 8.5, 1.5], "rotation": 180, "texture": "#0"},
				"down": {"uv": [10, 0.5, 9, 1.5], "texture": "#0"}
			}
		},
		{
			"name": "bone",
			"from": [10.81852, 3.73298, 6.55254],
			"to": [15.17452, 4.38638, 7.20594],
			"rotation": {"angle": -45, "axis": "z", "origin": [10.02025, 3.53991, 6.89013]},
			"faces": {
				"north": {"uv": [11, 0.5, 10, 1.5], "rotation": 270, "texture": "#0"},
				"east": {"uv": [10, 0.5, 9, 1.5], "rotation": 270, "texture": "#0"},
				"south": {"uv": [10, 0.5, 9, 1.5], "rotation": 270, "texture": "#0"},
				"west": {"uv": [9.5, 0.5, 8.5, 1.5], "rotation": 90, "texture": "#0"},
				"up": {"uv": [9.5, 0.5, 8.5, 1.5], "rotation": 180, "texture": "#0"},
				"down": {"uv": [10, 0.5, 9, 1.5], "texture": "#0"}
			}
		},
		{
			"name": "bone",
			"from": [13.76246, 0.07455, 6.57432],
			"to": [15.21776, 0.72795, 7.20594],
			"rotation": {"angle": 0, "axis": "y", "origin": [15.03461, 0.89625, 6.89013]},
			"faces": {
				"north": {"uv": [10, 1.5, 11, 0.5], "rotation": 180, "texture": "#0"},
				"east": {"uv": [10, 0.5, 9, 1.5], "rotation": 270, "texture": "#0"},
				"south": {"uv": [9, 1.5, 10, 0.5], "texture": "#0"},
				"west": {"uv": [9.5, 0.5, 8.5, 1.5], "rotation": 90, "texture": "#0"},
				"up": {"uv": [9.5, 0.5, 8.5, 1.5], "rotation": 180, "texture": "#0"},
				"down": {"uv": [10, 0.5, 9, 1.5], "texture": "#0"}
			}
		},
		{
			"name": "bone",
			"from": [15.14846, 0.33855, 6.57432],
			"to": [17.06576, 0.99195, 7.20594],
			"rotation": {"angle": 22.5, "axis": "z", "origin": [15.79361, 0.40125, 6.89013]},
			"faces": {
				"north": {"uv": [10, 1.5, 11, 0.5], "rotation": 180, "texture": "#0"},
				"east": {"uv": [10, 0.5, 9, 1.5], "rotation": 270, "texture": "#0"},
				"south": {"uv": [9, 1.5, 10, 0.5], "texture": "#0"},
				"west": {"uv": [9.5, 0.5, 8.5, 1.5], "rotation": 90, "texture": "#0"},
				"up": {"uv": [9.5, 0.5, 8.5, 1.5], "rotation": 180, "texture": "#0"},
				"down": {"uv": [10, 0.5, 9, 1.5], "texture": "#0"}
			}
		},
		{
			"name": "bone",
			"from": [12.96391, -3.33991, 6.5961],
			"to": [19.14943, -2.68651, 7.20594],
			"rotation": {"angle": 45, "axis": "z", "origin": [9.99664, 3.57524, 6.91191]},
			"faces": {
				"north": {"uv": [10, 1.5, 11, 0.5], "rotation": 180, "texture": "#0"},
				"east": {"uv": [10, 0.5, 9, 1.5], "rotation": 270, "texture": "#0"},
				"south": {"uv": [9, 1.5, 10, 0.5], "texture": "#0"},
				"west": {"uv": [9.5, 0.5, 8.5, 1.5], "rotation": 90, "texture": "#0"},
				"up": {"uv": [9.5, 0.5, 8.5, 1.5], "rotation": 180, "texture": "#0"},
				"down": {"uv": [10, 0.5, 9, 1.5], "texture": "#0"}
			}
		},
		{
			"name": "bone",
			"from": [19.85948, 6.69776, 6.63966],
			"to": [20.51288, 9.23216, 7.20594],
			"rotation": {"angle": 45, "axis": "z", "origin": [19.85618, 8.03096, 6.9228]},
			"faces": {
				"north": {"uv": [11, 0.5, 10, 1.5], "rotation": 270, "texture": "#0"},
				"east": {"uv": [10, 0.5, 9, 1.5], "rotation": 270, "texture": "#0"},
				"south": {"uv": [10, 0.5, 9, 1.5], "rotation": 270, "texture": "#0"},
				"west": {"uv": [9.5, 0.5, 8.5, 1.5], "rotation": 90, "texture": "#0"},
				"up": {"uv": [9.5, 0.5, 8.5, 1.5], "rotation": 180, "texture": "#0"},
				"down": {"uv": [10, 0.5, 9, 1.5], "texture": "#0"}
			}
		},
		{
			"name": "bone",
			"from": [20.61719, 5.16548, 6.63966],
			"to": [21.27059, 7.56788, 7.20594],
			"rotation": {"angle": 0, "axis": "y", "origin": [20.61389, 6.20168, 6.9228]},
			"faces": {
				"north": {"uv": [11, 0.5, 10, 1.5], "rotation": 270, "texture": "#0"},
				"east": {"uv": [10, 0.5, 9, 1.5], "rotation": 270, "texture": "#0"},
				"south": {"uv": [10, 0.5, 9, 1.5], "rotation": 270, "texture": "#0"},
				"west": {"uv": [9.5, 0.5, 8.5, 1.5], "rotation": 90, "texture": "#0"},
				"up": {"uv": [9.5, 0.5, 8.5, 1.5], "rotation": 180, "texture": "#0"},
				"down": {"uv": [10, 0.5, 9, 1.5], "texture": "#0"}
			}
		},
		{
			"name": "flap",
			"from": [11.4188, 0.72938, 6.90102],
			"to": [22.091, 9.22358, 6.93402],
			"rotation": {"angle": 0, "axis": "y", "origin": [10.02025, 3.53991, 6.89013]},
			"faces": {
				"north": {"uv": [16, 16, 0, 0], "rotation": 270, "texture": "#1"},
				"east": {"uv": [0.471, 0.941, 7.647, 2.632], "rotation": 270, "texture": "#1"},
				"south": {"uv": [16, 16, 0, 0], "rotation": 270, "texture": "#2"},
				"west": {"uv": [0.941, 1.883, 7.647, 3.103], "rotation": 90, "texture": "#1"},
				"up": {"uv": [1.412, 1.412, 3.412, 2.162], "rotation": 180, "texture": "#1"},
				"down": {"uv": [1.412, 0.941, 3.412, 1.691], "texture": "#1"}
			}
		},
		{
			"name": "tendon",
			"from": [13.96257, 0.49402, 6.73767],
			"to": [14.39817, 2.84626, 6.97725],
			"rotation": {"angle": 0, "axis": "y", "origin": [14.18037, 1.67014, 6.85746]},
			"faces": {
				"north": {"uv": [11, 0.5, 10, 1.5], "rotation": 270, "texture": "#0"},
				"east": {"uv": [10, 0.5, 9, 1.5], "rotation": 270, "texture": "#0"},
				"south": {"uv": [10, 0.5, 9, 1.5], "rotation": 270, "texture": "#0"},
				"west": {"uv": [9.5, 0.5, 8.5, 1.5], "rotation": 90, "texture": "#0"},
				"up": {"uv": [9.5, 0.5, 8.5, 1.5], "rotation": 180, "texture": "#0"},
				"down": {"uv": [10, 0.5, 9, 1.5], "texture": "#0"}
			}
		},
		{
			"name": "tendon",
			"from": [13.33523, 1.06309, 6.74856],
			"to": [13.77083, 2.74874, 6.96636],
			"rotation": {"angle": 22.5, "axis": "z", "origin": [10.02025, 3.53991, 6.89013]},
			"faces": {
				"north": {"uv": [11, 0.5, 10, 1.5], "rotation": 270, "texture": "#0"},
				"east": {"uv": [10, 0.5, 9, 1.5], "rotation": 270, "texture": "#0"},
				"south": {"uv": [10, 0.5, 9, 1.5], "rotation": 270, "texture": "#0"},
				"west": {"uv": [9.5, 0.5, 8.5, 1.5], "rotation": 90, "texture": "#0"},
				"up": {"uv": [9.5, 0.5, 8.5, 1.5], "rotation": 180, "texture": "#0"},
				"down": {"uv": [10, 0.5, 9, 1.5], "texture": "#0"}
			}
		},
		{
			"name": "tendon",
			"from": [16.2808, 0.99311, 6.73767],
			"to": [16.7164, 4.43435, 6.97725],
			"rotation": {"angle": 0, "axis": "y", "origin": [16.4986, 2.71373, 6.85746]},
			"faces": {
				"north": {"uv": [11, 0.5, 10, 1.5], "rotation": 270, "texture": "#0"},
				"east": {"uv": [10, 0.5, 9, 1.5], "rotation": 270, "texture": "#0"},
				"south": {"uv": [10, 0.5, 9, 1.5], "rotation": 270, "texture": "#0"},
				"west": {"uv": [9.5, 0.5, 8.5, 1.5], "rotation": 90, "texture": "#0"},
				"up": {"uv": [9.5, 0.5, 8.5, 1.5], "rotation": 180, "texture": "#0"},
				"down": {"uv": [10, 0.5, 9, 1.5], "texture": "#0"}
			}
		},
		{
			"name": "tendon",
			"from": [17.50859, -1.55445, 6.74856],
			"to": [17.94419, 0.01371, 6.96636],
			"rotation": {"angle": 45, "axis": "z", "origin": [10.02025, 3.53991, 6.89013]},
			"faces": {
				"north": {"uv": [11, 0.5, 10, 1.5], "rotation": 270, "texture": "#0"},
				"east": {"uv": [10, 0.5, 9, 1.5], "rotation": 270, "texture": "#0"},
				"south": {"uv": [10, 0.5, 9, 1.5], "rotation": 270, "texture": "#0"},
				"west": {"uv": [9.5, 0.5, 8.5, 1.5], "rotation": 90, "texture": "#0"},
				"up": {"uv": [9.5, 0.5, 8.5, 1.5], "rotation": 180, "texture": "#0"},
				"down": {"uv": [10, 0.5, 9, 1.5], "texture": "#0"}
			}
		},
		{
			"name": "tendon",
			"from": [18.87495, 0.36901, 6.73767],
			"to": [19.31055, 1.96984, 6.97725],
			"rotation": {"angle": 22.5, "axis": "z", "origin": [10.02025, 3.53991, 6.89013]},
			"faces": {
				"north": {"uv": [11, 0.5, 10, 1.5], "rotation": 270, "texture": "#0"},
				"east": {"uv": [10, 0.5, 9, 1.5], "rotation": 270, "texture": "#0"},
				"south": {"uv": [10, 0.5, 9, 1.5], "rotation": 270, "texture": "#0"},
				"west": {"uv": [9.5, 0.5, 8.5, 1.5], "rotation": 90, "texture": "#0"},
				"up": {"uv": [9.5, 0.5, 8.5, 1.5], "rotation": 180, "texture": "#0"},
				"down": {"uv": [10, 0.5, 9, 1.5], "texture": "#0"}
			}
		},
		{
			"name": "tendon",
			"from": [16.12937, 1.69011, 6.74856],
			"to": [16.56497, 3.02727, 6.96636],
			"rotation": {"angle": 22.5, "axis": "z", "origin": [10.02025, 3.53991, 6.89013]},
			"faces": {
				"north": {"uv": [11, 0.5, 10, 1.5], "rotation": 270, "texture": "#0"},
				"east": {"uv": [10, 0.5, 9, 1.5], "rotation": 270, "texture": "#0"},
				"south": {"uv": [10, 0.5, 9, 1.5], "rotation": 270, "texture": "#0"},
				"west": {"uv": [9.5, 0.5, 8.5, 1.5], "rotation": 90, "texture": "#0"},
				"up": {"uv": [9.5, 0.5, 8.5, 1.5], "rotation": 180, "texture": "#0"},
				"down": {"uv": [10, 0.5, 9, 1.5], "texture": "#0"}
			}
		}
	],
	"display": {
		"head": {
			"translation": [0, -13.8, 0],
			"scale": [2, 2, 2]
		}
	},
	"groups": [
		{
			"name": "BodyLegs",
			"origin": [11.4, -9.8, 8],
			"children": [0, 1, 2, 3, 4, 5, 6, 7, 8, 9, 10, 11]
		},
		{
			"name": "Heads",
			"origin": [5.30507, 9.55473, 0.70775],
			"children": [12, 13, 14, 15, 16, 17, 18, 19, 20, 21, 22, 23, 24, 25, 26, 27, 28, 29, 30, 31, 32, 33, 34, 35, 36, 37, 38, 39, 40, 41]
		},
		{
			"name": "Tail",
			"origin": [8, -4.86917, 15.24381],
			"children": [42, 43, 44]
		},
		{
			"name": "dragwingleft",
			"origin": [8, 8, 8],
			"children": [
				{
					"name": "dragonwingleft",
					"origin": [8, 8, 8],
					"children": [45, 46, 47, 48, 49, 50, 51, 52, 53, 54, 55, 56, 57, 58]
				}
			]
		},
		{
			"name": "dragwingright",
			"origin": [8, 8, 8],
			"children": [
				{
					"name": "dragonwingright",
					"origin": [8, 8, 8],
					"children": [59, 60, 61, 62, 63, 64, 65, 66, 67, 68, 69, 70, 71, 72]
				}
			]
		}
	]
}