{
	"credit": "Made with Blockbench",
	"textures": {
		"0": "blocks/p3blackdragon",
		"1": "blocks/p3blackdragonwingdown",
		"2": "blocks/p3blackdragonwingup",
		"particle": "blocks/p3blackdragon"
	},
	"elements": [
		{
			"from": [4.7, -2.64, 3.38],
			"to": [11.3, 5.28, 9.32],
			"rotation": {"angle": -45, "axis": "x", "origin": [8, 3.96, 5.69]},
			"faces": {
				"north": {"uv": [0.5, 8, 8, 16], "texture": "#0"},
				"east": {"uv": [0, 0, 8, 8], "texture": "#0"},
				"south": {"uv": [0, 0, 8, 8], "texture": "#0"},
				"west": {"uv": [0, 0, 8, 8], "texture": "#0"},
				"up": {"uv": [0.5, 4, 8, 12], "rotation": 180, "texture": "#0"},
				"down": {"uv": [0, 0, 8, 8], "texture": "#0"}
			}
		},
		{
			"from": [4.865, -1.98, 3.71],
			"to": [11.135, 3.3, 8.66],
			"rotation": {"angle": 0, "axis": "x", "origin": [8, 1.98, 5.69]},
			"faces": {
				"north": {"uv": [0.5, 8, 8, 16], "texture": "#0"},
				"east": {"uv": [0, 0, 8, 8], "texture": "#0"},
				"south": {"uv": [0, 0, 8, 8], "texture": "#0"},
				"west": {"uv": [0, 0, 8, 8], "texture": "#0"},
				"up": {"uv": [0, 0, 8, 8], "texture": "#0"},
				"down": {"uv": [0.5, 8, 8, 16], "texture": "#0"}
			}
		},
		{
			"from": [3.545, -2.64, 7.01],
			"to": [6.845, 0.66, 10.31],
			"rotation": {"angle": 0, "axis": "x", "origin": [8, 1.98, 5.69]},
			"faces": {
				"north": {"uv": [0, 0, 8, 8], "texture": "#0"},
				"east": {"uv": [0, 0, 8, 8], "texture": "#0"},
				"south": {"uv": [0, 0, 8, 8], "texture": "#0"},
				"west": {"uv": [0, 0, 8, 8], "texture": "#0"},
				"up": {"uv": [0, 0, 8, 8], "texture": "#0"},
				"down": {"uv": [0, 0, 8, 8], "texture": "#0"}
			}
		},
		{
			"from": [9.155, -2.64, 7.01],
			"to": [12.455, 0.66, 10.31],
			"rotation": {"angle": 0, "axis": "x", "origin": [8, 1.98, 5.69]},
			"faces": {
				"north": {"uv": [0, 0, 8, 8], "texture": "#0"},
				"east": {"uv": [0, 0, 8, 8], "texture": "#0"},
				"south": {"uv": [0, 0, 8, 8], "texture": "#0"},
				"west": {"uv": [0, 0, 8, 8], "texture": "#0"},
				"up": {"uv": [0, 0, 8, 8], "texture": "#0"},
				"down": {"uv": [0, 0, 8, 8], "texture": "#0"}
			}
		},
		{
			"from": [9.815, -5.28, 7.01],
			"to": [11.795, -1.98, 8.99],
			"rotation": {"angle": 22.5, "axis": "x", "origin": [10.805, -3.96, 8.66]},
			"faces": {
				"north": {"uv": [0, 0, 4, 8], "texture": "#0"},
				"east": {"uv": [4, 0, 8, 8], "texture": "#0"},
				"south": {"uv": [2, 0, 6, 8], "texture": "#0"},
				"west": {"uv": [4, 0, 8, 8], "texture": "#0"},
				"up": {"uv": [4, 3.5, 8, 8], "texture": "#0"},
				"down": {"uv": [0, 0, 4, 4], "texture": "#0"}
			}
		},
		{
			"from": [9.155, -5.94, 5.69],
			"to": [12.455, -4.29, 8.99],
			"rotation": {"angle": 0, "axis": "x", "origin": [8, 1.98, 5.69]},
			"faces": {
				"north": {"uv": [0, 0, 4, 2], "texture": "#0"},
				"east": {"uv": [4, 0, 8, 2], "texture": "#0"},
				"south": {"uv": [4, 6, 8, 8], "texture": "#0"},
				"west": {"uv": [0, 6, 4, 8], "texture": "#0"},
				"up": {"uv": [0, 0, 4, 4], "texture": "#0"},
				"down": {"uv": [0, 4, 4, 8], "texture": "#0"}
			}
		},
		{
			"from": [8.825, -5.94, 4.205],
			"to": [10.145, -4.95, 6.185],
			"rotation": {"angle": 22.5, "axis": "y", "origin": [9.815, -5.445, 4.7]},
			"faces": {
				"north": {"uv": [2.5, 2, 4, 3.5], "texture": "#0"},
				"east": {"uv": [5.5, 0, 8, 1.5], "texture": "#0"},
				"south": {"uv": [4.5, 4.5, 6, 6], "texture": "#0"},
				"west": {"uv": [0, 6.5, 2.5, 8], "texture": "#0"},
				"up": {"uv": [2.5, 1.5, 4, 4], "texture": "#0"},
				"down": {"uv": [0, 5.5, 1.5, 8], "texture": "#0"}
			}
		},
		{
			"from": [8.1846, -5.94, 6.97059],
			"to": [9.5046, -4.95, 8.95059],
			"rotation": {"angle": 45, "axis": "y", "origin": [9.1746, -5.445, 7.46559]},
			"faces": {
				"north": {"uv": [2.5, 2, 4, 3.5], "texture": "#0"},
				"east": {"uv": [5.5, 0, 8, 1.5], "texture": "#0"},
				"south": {"uv": [4.5, 4.5, 6, 6], "texture": "#0"},
				"west": {"uv": [0, 6.5, 2.5, 8], "texture": "#0"},
				"up": {"uv": [2.5, 1.5, 4, 4], "texture": "#0"},
				"down": {"uv": [0, 5.5, 1.5, 8], "texture": "#0"}
			}
		},
		{
			"from": [11.432, -5.94, 3.875],
			"to": [12.752, -4.95, 5.855],
			"rotation": {"angle": -22.5, "axis": "y", "origin": [11.135, -5.445, 4.7]},
			"faces": {
				"north": {"uv": [2.5, 2, 4, 3.5], "texture": "#0"},
				"east": {"uv": [5.5, 0, 8, 1.5], "texture": "#0"},
				"south": {"uv": [4.5, 4.5, 6, 6], "texture": "#0"},
				"west": {"uv": [0, 6.5, 2.5, 8], "texture": "#0"},
				"up": {"uv": [2.5, 1.5, 4, 4], "texture": "#0"},
				"down": {"uv": [0, 5.5, 1.5, 8], "texture": "#0"}
			}
		},
		{
			"from": [4.205, -5.28, 7.01],
			"to": [6.185, -1.98, 8.99],
			"rotation": {"angle": 22.5, "axis": "x", "origin": [5.195, -3.96, 8.66]},
			"faces": {
				"north": {"uv": [0, 0, 4, 8], "texture": "#0"},
				"east": {"uv": [4, 0, 8, 8], "texture": "#0"},
				"south": {"uv": [2, 0, 6, 8], "texture": "#0"},
				"west": {"uv": [4, 0, 8, 8], "texture": "#0"},
				"up": {"uv": [4, 3.5, 8, 8], "texture": "#0"},
				"down": {"uv": [0, 0, 4, 4], "texture": "#0"}
			}
		},
		{
			"from": [3.545, -5.94, 5.69],
			"to": [6.845, -4.29, 8.99],
			"rotation": {"angle": 0, "axis": "x", "origin": [2.39, 1.98, 5.69]},
			"faces": {
				"north": {"uv": [0, 0, 4, 2], "texture": "#0"},
				"east": {"uv": [4, 0, 8, 2], "texture": "#0"},
				"south": {"uv": [4, 6, 8, 8], "texture": "#0"},
				"west": {"uv": [0, 6, 4, 8], "texture": "#0"},
				"up": {"uv": [0, 0, 4, 4], "texture": "#0"},
				"down": {"uv": [0, 4, 4, 8], "texture": "#0"}
			}
		},
		{
			"from": [3.215, -5.94, 4.205],
			"to": [4.535, -4.95, 6.185],
			"rotation": {"angle": 22.5, "axis": "y", "origin": [4.205, -5.445, 4.7]},
			"faces": {
				"north": {"uv": [2.5, 2, 4, 3.5], "texture": "#0"},
				"east": {"uv": [5.5, 0, 8, 1.5], "texture": "#0"},
				"south": {"uv": [4.5, 4.5, 6, 6], "texture": "#0"},
				"west": {"uv": [0, 6.5, 2.5, 8], "texture": "#0"},
				"up": {"uv": [2.5, 1.5, 4, 4], "texture": "#0"},
				"down": {"uv": [0, 5.5, 1.5, 8], "texture": "#0"}
			}
		},
		{
			"from": [6.2046, -5.94, 7.10728],
			"to": [7.5246, -4.95, 9.08728],
			"rotation": {"angle": -45, "axis": "y", "origin": [6.8646, -5.445, 7.93228]},
			"faces": {
				"north": {"uv": [2.5, 2, 4, 3.5], "texture": "#0"},
				"east": {"uv": [5.5, 0, 8, 1.5], "texture": "#0"},
				"south": {"uv": [4.5, 4.5, 6, 6], "texture": "#0"},
				"west": {"uv": [0, 6.5, 2.5, 8], "texture": "#0"},
				"up": {"uv": [2.5, 1.5, 4, 4], "texture": "#0"},
				"down": {"uv": [0, 5.5, 1.5, 8], "texture": "#0"}
			}
		},
		{
			"from": [5.822, -5.94, 3.875],
			"to": [7.142, -4.95, 5.855],
			"rotation": {"angle": -22.5, "axis": "y", "origin": [5.525, -5.445, 4.7]},
			"faces": {
				"north": {"uv": [2.5, 2, 4, 3.5], "texture": "#0"},
				"east": {"uv": [5.5, 0, 8, 1.5], "texture": "#0"},
				"south": {"uv": [4.5, 4.5, 6, 6], "texture": "#0"},
				"west": {"uv": [0, 6.5, 2.5, 8], "texture": "#0"},
				"up": {"uv": [2.5, 1.5, 4, 4], "texture": "#0"},
				"down": {"uv": [0, 5.5, 1.5, 8], "texture": "#0"}
			}
		},
		{
			"from": [7.505, 4.29, 7.175],
			"to": [8.495, 7.26, 9.65],
			"rotation": {"angle": 0, "axis": "x", "origin": [8, 1.98, 5.69]},
			"faces": {
				"north": {"uv": [10.5, 11, 13, 12.5], "texture": "#0"},
				"east": {"uv": [11, 10.5, 13, 12], "texture": "#0"},
				"south": {"uv": [11, 11.5, 13, 13], "texture": "#0"},
				"west": {"uv": [11, 11, 13, 12.5], "texture": "#0"},
				"up": {"uv": [11, 10.5, 13, 12], "texture": "#0"},
				"down": {"uv": [11.5, 11, 13, 12], "texture": "#0"}
			}
		},
		{
			"from": [7.505, 1.98, 8.825],
			"to": [8.495, 4.95, 11.3],
			"rotation": {"angle": 0, "axis": "x", "origin": [8, 1.98, 5.69]},
			"faces": {
				"north": {"uv": [10.5, 11, 13, 12.5], "texture": "#0"},
				"east": {"uv": [11, 10.5, 13, 12], "texture": "#0"},
				"south": {"uv": [11, 11.5, 13, 13], "texture": "#0"},
				"west": {"uv": [11, 11, 13, 12.5], "texture": "#0"},
				"up": {"uv": [11, 10.5, 13, 12], "texture": "#0"},
				"down": {"uv": [11.5, 11, 13, 12], "texture": "#0"}
			}
		},
		{
			"from": [7.505, 0.33, 10.145],
			"to": [8.495, 3.3, 12.62],
			"rotation": {"angle": 0, "axis": "x", "origin": [8, 1.98, 5.69]},
			"faces": {
				"north": {"uv": [10.5, 11, 13, 12.5], "texture": "#0"},
				"east": {"uv": [11, 10.5, 13, 12], "texture": "#0"},
				"south": {"uv": [11, 11.5, 13, 13], "texture": "#0"},
				"west": {"uv": [11, 11, 13, 12.5], "texture": "#0"},
				"up": {"uv": [11, 10.5, 13, 12], "texture": "#0"},
				"down": {"uv": [11.5, 11, 13, 12], "texture": "#0"}
			}
		},
		{
			"from": [7.505, 0.66, 12.455],
			"to": [8.495, 1.65, 13.61],
			"rotation": {"angle": 0, "axis": "x", "origin": [8, 1.98, 5.69]},
			"faces": {
				"north": {"uv": [10.5, 11, 13, 12.5], "texture": "#0"},
				"east": {"uv": [11, 10.5, 13, 12], "texture": "#0"},
				"south": {"uv": [11, 11.5, 13, 13], "texture": "#0"},
				"west": {"uv": [11, 11, 13, 12.5], "texture": "#0"},
				"up": {"uv": [11, 10.5, 13, 12], "texture": "#0"},
				"down": {"uv": [11.5, 11, 13, 12], "texture": "#0"}
			}
		},
		{
			"from": [5.195, 2.64, 3.71],
			"to": [10.805, 6.468, 8],
			"rotation": {"angle": -22.5, "axis": "x", "origin": [8, 5.28, 5.195]},
			"faces": {
				"north": {"uv": [1, 8, 7.5, 16], "texture": "#0"},
				"east": {"uv": [4, 0, 8, 8], "texture": "#0"},
				"south": {"uv": [0, 0, 8, 8], "texture": "#0"},
				"west": {"uv": [0, 0, 4, 8], "texture": "#0"},
				"up": {"uv": [0, 0, 7.5, 6], "texture": "#0"},
				"down": {"uv": [0.5, 8, 8, 16], "texture": "#0"}
			}
		},
		{
			"from": [1.75, 6, 1.5],
			"to": [14.25, 12, 6],
			"rotation": {"angle": 22.5, "axis": "x", "origin": [8, 8, 1.75]},
			"faces": {
				"north": {"uv": [0.5, 5, 7.5, 8], "texture": "#0"},
				"east": {"uv": [5, 3, 7, 6], "texture": "#0"},
				"south": {"uv": [0.5, 2.5, 7.5, 5.5], "texture": "#0"},
				"west": {"uv": [4, 2, 6, 5], "texture": "#0"},
				"up": {"uv": [0.5, 0, 7.5, 2], "texture": "#0"},
				"down": {"uv": [0.5, 13.5, 8, 16], "texture": "#0"}
			}
		},
		{
			"from": [1.75, 12, 1.5],
			"to": [2, 16.25, 6],
			"rotation": {"angle": 22.5, "axis": "x", "origin": [8, 8, 1.75]},
			"faces": {
				"north": {"uv": [0.5, 0, 1, 0.5], "texture": "#0"},
				"east": {"uv": [5, 4, 7, 6], "texture": "#0"},
				"south": {"uv": [0.5, 0, 1, 0.5], "texture": "#0"},
				"west": {"uv": [2, 0, 4, 2], "texture": "#0"},
				"up": {"uv": [0.5, 0, 1, 0.5], "texture": "#0"},
				"down": {"uv": [0.5, 0, 1, 0.5], "texture": "#0"}
			}
		},
		{
			"from": [9.85, 12, 1.5],
			"to": [10.1, 16.25, 6],
			"rotation": {"angle": 22.5, "axis": "x", "origin": [8, 8, 1.75]},
			"faces": {
				"north": {"uv": [0.5, 0, 1, 0.5], "texture": "#0"},
				"east": {"uv": [5, 4, 7, 6], "texture": "#0"},
				"south": {"uv": [0.5, 0, 1, 0.5], "texture": "#0"},
				"west": {"uv": [2, 0, 4, 2], "texture": "#0"},
				"up": {"uv": [0.5, 0, 1, 0.5], "texture": "#0"},
				"down": {"uv": [0.5, 0, 1, 0.5], "texture": "#0"}
			}
		},
		{
			"from": [5.9, 12, 1.5],
			"to": [6.15, 16.25, 6],
			"rotation": {"angle": 22.5, "axis": "x", "origin": [8, 8, 1.75]},
			"faces": {
				"north": {"uv": [0.5, 0, 1, 0.5], "texture": "#0"},
				"east": {"uv": [6, 0, 8, 2], "texture": "#0"},
				"south": {"uv": [0.5, 0, 1, 0.5], "texture": "#0"},
				"west": {"uv": [4, 0, 6, 2], "texture": "#0"},
				"up": {"uv": [0.5, 0, 1, 0.5], "texture": "#0"},
				"down": {"uv": [0.5, 0, 1, 0.5], "texture": "#0"}
			}
		},
		{
			"from": [2, 16, 1.5],
			"to": [5.9, 16.25, 6],
			"rotation": {"angle": 22.5, "axis": "x", "origin": [8, 8, 1.75]},
			"faces": {
				"north": {"uv": [0.5, 0, 1, 0.5], "rotation": 90, "texture": "#0"},
				"east": {"uv": [0.5, 0, 1, 0.5], "rotation": 270, "texture": "#0"},
				"south": {"uv": [0.5, 0, 1, 0.5], "rotation": 270, "texture": "#0"},
				"west": {"uv": [0.5, 0, 1, 0.5], "rotation": 270, "texture": "#0"},
				"up": {"uv": [4, 0, 6, 2], "rotation": 270, "texture": "#0"},
				"down": {"uv": [4, 0, 6, 2], "rotation": 270, "texture": "#0"}
			}
		},
		{
			"from": [2, 12.025, 5.875],
			"to": [5.9, 16.225, 6.125],
			"rotation": {"angle": 22.5, "axis": "x", "origin": [8, 8, 1.75]},
			"faces": {
				"north": {"uv": [4, 0, 6, 2], "rotation": 90, "texture": "#0"},
				"east": {"uv": [0.5, 0, 1, 0.5], "rotation": 180, "texture": "#0"},
				"south": {"uv": [0, 0, 2, 2], "rotation": 270, "texture": "#0"},
				"west": {"uv": [0.5, 0, 1, 0.5], "texture": "#0"},
				"up": {"uv": [0.5, 0, 1, 0.5], "rotation": 270, "texture": "#0"},
				"down": {"uv": [0.5, 0, 1, 0.5], "rotation": 270, "texture": "#0"}
			}
		},
		{
			"from": [10.1, 16, 1.5],
			"to": [14, 16.25, 6],
			"rotation": {"angle": 22.5, "axis": "x", "origin": [8, 8, 1.75]},
			"faces": {
				"north": {"uv": [0.5, 0, 1, 0.5], "rotation": 90, "texture": "#0"},
				"east": {"uv": [0.5, 0, 1, 0.5], "rotation": 270, "texture": "#0"},
				"south": {"uv": [0.5, 0, 1, 0.5], "rotation": 270, "texture": "#0"},
				"west": {"uv": [0.5, 0, 1, 0.5], "rotation": 270, "texture": "#0"},
				"up": {"uv": [4, 0, 6, 2], "rotation": 270, "texture": "#0"},
				"down": {"uv": [4, 0, 6, 2], "rotation": 270, "texture": "#0"}
			}
		},
		{
			"from": [10.1, 12.025, 5.875],
			"to": [14, 16.225, 6.125],
			"rotation": {"angle": 22.5, "axis": "x", "origin": [8, 8, 1.75]},
			"faces": {
				"north": {"uv": [4, 0, 6, 2], "rotation": 90, "texture": "#0"},
				"east": {"uv": [0.5, 0, 1, 0.5], "rotation": 180, "texture": "#0"},
				"south": {"uv": [0, 0, 2, 2], "rotation": 270, "texture": "#0"},
				"west": {"uv": [0.5, 0, 1, 0.5], "texture": "#0"},
				"up": {"uv": [0.5, 0, 1, 0.5], "rotation": 270, "texture": "#0"},
				"down": {"uv": [0.5, 0, 1, 0.5], "rotation": 270, "texture": "#0"}
			}
		},
		{
			"from": [14, 12, 1.5],
			"to": [14.25, 16.25, 6],
			"rotation": {"angle": 22.5, "axis": "x", "origin": [8, 8, 1.75]},
			"faces": {
				"north": {"uv": [0.5, 0, 1, 0.5], "texture": "#0"},
				"east": {"uv": [6, 0, 8, 2], "texture": "#0"},
				"south": {"uv": [0.5, 0, 1, 0.5], "texture": "#0"},
				"west": {"uv": [4, 0, 6, 2], "texture": "#0"},
				"up": {"uv": [0.5, 0, 1, 0.5], "texture": "#0"},
				"down": {"uv": [0.5, 0, 1, 0.5], "texture": "#0"}
			}
		},
		{
			"from": [1.65, 6, -7],
			"to": [14.35, 8, 1.5],
			"rotation": {"angle": -22.5, "axis": "x", "origin": [7.96698, 8.44502, 1.50471]},
			"faces": {
				"north": {"uv": [0.5, 7, 7.5, 8], "texture": "#0"},
				"east": {"uv": [2, 5, 7, 6], "texture": "#0"},
				"south": {"uv": [0.5, 4.5, 7.5, 5.5], "texture": "#0"},
				"west": {"uv": [3, 4, 8, 5], "texture": "#0"},
				"up": {"uv": [8, 1.5, 13, 6], "texture": "#0"},
				"down": {"uv": [0.5, 11.5, 8, 16], "texture": "#0"}
			}
		},
		{
			"from": [2.75, 8, -6],
			"to": [13.25, 10, 1.5],
			"rotation": {"angle": 22.5, "axis": "x", "origin": [8, 8, 1.75]},
			"faces": {
				"north": {"uv": [0.5, 6, 7.5, 7], "texture": "#0"},
				"east": {"uv": [0.5, 5.5, 5.5, 6.5], "texture": "#0"},
				"south": {"uv": [0.5, 3.5, 7.5, 4.5], "texture": "#0"},
				"west": {"uv": [3, 3, 8, 4], "texture": "#0"},
				"up": {"uv": [0, 0, 7, 4], "texture": "#0"},
				"down": {"uv": [8.5, 0.5, 12, 2], "texture": "#0"}
			}
		},
		{
			"from": [4.75, 10, -6],
			"to": [11.25, 11, 1.5],
			"rotation": {"angle": 22.5, "axis": "x", "origin": [8, 8, 1.75]},
			"faces": {
				"north": {"uv": [0.5, 6.5, 4.5, 7], "texture": "#0"},
				"east": {"uv": [0, 5, 4, 5.5], "texture": "#0"},
				"south": {"uv": [2, 5, 6, 5.5], "texture": "#0"},
				"west": {"uv": [2.5, 4, 6.5, 4.5], "texture": "#0"},
				"up": {"uv": [0, 0, 4, 4.5], "texture": "#0"},
				"down": {"uv": [8.5, 0.5, 12, 2], "texture": "#0"}
			}
		},
		{
			"from": [1.95, 12, 1.7],
			"to": [5.95, 16, 5.7],
			"rotation": {"angle": 22.5, "axis": "x", "origin": [8, 8, 1.75]},
			"faces": {
				"north": {"uv": [13.5, 0.5, 15.5, 2], "texture": "#0"},
				"east": {"uv": [13.5, 0.5, 15, 2], "texture": "#0"},
				"south": {"uv": [13.5, 1, 15, 2], "texture": "#0"},
				"west": {"uv": [14, 1, 15, 2], "texture": "#0"},
				"up": {"uv": [14, 1, 15.5, 2.5], "texture": "#0"},
				"down": {"uv": [14, 0.5, 15.5, 2], "texture": "#0"}
			}
		},
		{
			"from": [10.05, 12, 1.7],
			"to": [14.05, 16, 5.7],
			"rotation": {"angle": 22.5, "axis": "x", "origin": [8, 8, 1.75]},
			"faces": {
				"north": {"uv": [13.5, 0.5, 15.5, 2], "texture": "#0"},
				"east": {"uv": [13.5, 0.5, 15, 2], "texture": "#0"},
				"south": {"uv": [13.5, 1, 15, 2], "texture": "#0"},
				"west": {"uv": [14, 1, 15, 2], "texture": "#0"},
				"up": {"uv": [14, 1, 15.5, 2.5], "texture": "#0"},
				"down": {"uv": [14, 0.5, 15.5, 2], "texture": "#0"}
			}
		},
		{
			"from": [13.25, 8, -7],
			"to": [14.25, 11, -6],
			"rotation": {"angle": -22.5, "axis": "x", "origin": [7.96698, 8.44502, 1.50471]},
			"faces": {
				"north": {"uv": [13.5, 0.5, 15.5, 2], "texture": "#0"},
				"east": {"uv": [13.5, 0.5, 15, 2], "texture": "#0"},
				"south": {"uv": [13.5, 1, 15, 2], "texture": "#0"},
				"west": {"uv": [14, 1, 15, 2], "texture": "#0"},
				"up": {"uv": [14, 1, 15.5, 2.5], "texture": "#0"},
				"down": {"uv": [14, 0.5, 15.5, 2], "texture": "#0"}
			}
		},
		{
			"from": [1.75, 8, -7],
			"to": [2.75, 11, -6],
			"rotation": {"angle": -22.5, "axis": "x", "origin": [7.96698, 8.44502, 1.50471]},
			"faces": {
				"north": {"uv": [13.5, 0.5, 15.5, 2], "texture": "#0"},
				"east": {"uv": [13.5, 0.5, 15, 2], "texture": "#0"},
				"south": {"uv": [13.5, 1, 15, 2], "texture": "#0"},
				"west": {"uv": [14, 1, 15, 2], "texture": "#0"},
				"up": {"uv": [14, 1, 15.5, 2.5], "texture": "#0"},
				"down": {"uv": [14, 0.5, 15.5, 2], "texture": "#0"}
			}
		},
		{
			"from": [12.25, 13, 1.5],
			"to": [13.25, 14.25, 2],
			"rotation": {"angle": 22.5, "axis": "x", "origin": [8, 8, 1.75]},
			"faces": {
				"north": {"uv": [13.5, 3.5, 15.5, 5], "texture": "#0"},
				"east": {"uv": [14, 4, 15.5, 5.5], "texture": "#0"},
				"south": {"uv": [13.5, 4, 15, 5], "texture": "#0"},
				"west": {"uv": [13.5, 4, 14.5, 5], "texture": "#0"},
				"up": {"uv": [13.5, 4, 15, 5.5], "texture": "#0"},
				"down": {"uv": [14, 4, 15.5, 5.5], "texture": "#0"}
			}
		},
		{
			"from": [2.5, 13, 1.5],
			"to": [3.5, 14.25, 2],
			"rotation": {"angle": 22.5, "axis": "x", "origin": [8, 8, 1.75]},
			"faces": {
				"north": {"uv": [13.5, 3.5, 15.5, 5], "texture": "#0"},
				"east": {"uv": [14, 4, 15.5, 5.5], "texture": "#0"},
				"south": {"uv": [13.5, 4, 15, 5], "texture": "#0"},
				"west": {"uv": [13.5, 4, 14.5, 5], "texture": "#0"},
				"up": {"uv": [13.5, 4, 15, 5.5], "texture": "#0"},
				"down": {"uv": [14, 4, 15.5, 5.5], "texture": "#0"}
			}
		},
		{
			"from": [6, 9, -6.1],
			"to": [7, 9.75, -5.6],
			"rotation": {"angle": 22.5, "axis": "x", "origin": [8, 8, 1.75]},
			"faces": {
				"north": {"uv": [13.5, 3.5, 15.5, 5], "texture": "#0"},
				"east": {"uv": [14, 4, 15.5, 5.5], "texture": "#0"},
				"south": {"uv": [13.5, 4, 15, 5], "texture": "#0"},
				"west": {"uv": [13.5, 4, 14.5, 5], "texture": "#0"},
				"up": {"uv": [13.5, 4, 15, 5.5], "texture": "#0"},
				"down": {"uv": [14, 4, 15.5, 5.5], "texture": "#0"}
			}
		},
		{
			"from": [9, 9, -6.1],
			"to": [10, 9.75, -5.6],
			"rotation": {"angle": 22.5, "axis": "x", "origin": [8, 8, 1.75]},
			"faces": {
				"north": {"uv": [13.5, 3.5, 15.5, 5], "texture": "#0"},
				"east": {"uv": [14, 4, 15.5, 5.5], "texture": "#0"},
				"south": {"uv": [13.5, 4, 15, 5], "texture": "#0"},
				"west": {"uv": [13.5, 4, 14.5, 5], "texture": "#0"},
				"up": {"uv": [13.5, 4, 15, 5.5], "texture": "#0"},
				"down": {"uv": [14, 4, 15.5, 5.5], "texture": "#0"}
			}
		},
		{
			"from": [6.68, -6.6, 6.515],
			"to": [9.32, -2.64, 9.155],
			"rotation": {"angle": -45, "axis": "x", "origin": [8, 3.96, 5.69]},
			"faces": {
				"north": {"uv": [0.5, 3.5, 4, 8], "texture": "#0"},
				"east": {"uv": [4.5, 3.5, 8, 8], "texture": "#0"},
				"south": {"uv": [3.5, 0, 7, 4.5], "texture": "#0"},
				"west": {"uv": [0, 0, 3.5, 5], "texture": "#0"},
				"up": {"uv": [0, 0, 4, 4], "rotation": 180, "texture": "#0"},
				"down": {"uv": [3.5, 4, 7.5, 8], "texture": "#0"}
			}
		},
		{
			"from": [7.175, -3.15703, 14.02552],
			"to": [8.825, -1.50703, 17.32552],
			"rotation": {"angle": 22.5, "axis": "x", "origin": [8, -3.15703, 15.84052]},
			"faces": {
				"north": {"uv": [0, 0, 2, 2], "texture": "#0"},
				"east": {"uv": [6, 4.5, 8, 8], "rotation": 90, "texture": "#0"},
				"south": {"uv": [5.5, 6, 7.5, 8], "texture": "#0"},
				"west": {"uv": [0, 0, 2, 3.5], "rotation": 270, "texture": "#0"},
				"up": {"uv": [5, 1, 7, 4.5], "texture": "#0"},
				"down": {"uv": [2, 4.5, 4, 8], "rotation": 180, "texture": "#0"}
			}
		},
		{
			"from": [7.505, -3.44668, 17.24696],
			"to": [8.495, -2.45669, 18.56696],
			"rotation": {"angle": 0, "axis": "x", "origin": [8, -3.21568, 18.13796]},
			"faces": {
				"north": {"uv": [0, 0, 2, 2], "texture": "#0"},
				"east": {"uv": [2.5, 5, 4.5, 7], "rotation": 90, "texture": "#0"},
				"south": {"uv": [5.5, 4, 7.5, 6], "texture": "#0"},
				"west": {"uv": [3, 2, 5, 4], "rotation": 270, "texture": "#0"},
				"up": {"uv": [0.5, 5.5, 2.5, 7.5], "texture": "#0"},
				"down": {"uv": [1, 3.5, 3, 5.5], "rotation": 180, "texture": "#0"}
			}
		},
		{
			"name": "joint",
			"from": [3.3652, 5.02582, 6.44364],
			"to": [4.672, 6.33262, 7.31484],
			"rotation": {"angle": 0, "axis": "y", "origin": [4.76375, 5.70009, 6.89013]},
			"faces": {
				"north": {"uv": [9, 0.5, 10, 1.5], "rotation": 270, "texture": "#0"},
				"east": {"uv": [9, 0.5, 10, 1.5], "rotation": 270, "texture": "#0"},
				"south": {"uv": [9, 0.5, 10, 1.5], "rotation": 270, "texture": "#0"},
				"west": {"uv": [9, 0.5, 10, 1.5], "rotation": 90, "texture": "#0"},
				"up": {"uv": [9.5, 0.5, 10.5, 1.5], "rotation": 180, "texture": "#0"},
				"down": {"uv": [9.5, 0.5, 10.5, 1.5], "texture": "#0"}
			}
		},
		{
			"name": "bone",
			"from": [-0.39052, 4.85362, 6.55254],
			"to": [3.96548, 5.50702, 7.20594],
			"rotation": {"angle": -45, "axis": "z", "origin": [4.76375, 5.70009, 6.89013]},
			"faces": {
				"north": {"uv": [9, 0.5, 10, 1.5], "rotation": 270, "texture": "#0"},
				"east": {"uv": [9, 0.5, 10, 1.5], "rotation": 270, "texture": "#0"},
				"south": {"uv": [9, 0.5, 10, 1.5], "rotation": 270, "texture": "#0"},
				"west": {"uv": [9, 0.5, 10, 1.5], "rotation": 90, "texture": "#0"},
				"up": {"uv": [9.5, 0.5, 10.5, 1.5], "rotation": 180, "texture": "#0"},
				"down": {"uv": [9.5, 0.5, 10.5, 1.5], "texture": "#0"}
			}
		},
		{
			"name": "bone",
			"from": [-0.33706, 9.7361, 6.57432],
			"to": [2.60324, 10.3895, 7.20594],
			"rotation": {"angle": 22.5, "axis": "z", "origin": [4.76235, 5.72513, 6.90102]},
			"faces": {
				"north": {"uv": [9, 0.5, 10, 1.5], "rotation": 180, "texture": "#0"},
				"east": {"uv": [9, 0.5, 10, 1.5], "rotation": 270, "texture": "#0"},
				"south": {"uv": [9, 0.5, 10, 1.5], "texture": "#0"},
				"west": {"uv": [9, 0.5, 10, 1.5], "rotation": 90, "texture": "#0"},
				"up": {"uv": [9.5, 0.5, 10.5, 1.5], "rotation": 180, "texture": "#0"},
				"down": {"uv": [9.5, 0.5, 10.5, 1.5], "texture": "#0"}
			}
		},
		{
			"name": "bone",
			"from": [-1.53379, -3.42202, 6.5961],
			"to": [-0.88039, 2.7635, 7.20594],
			"rotation": {"angle": -45, "axis": "z", "origin": [4.78736, 5.66476, 6.91191]},
			"faces": {
				"north": {"uv": [9, 0.5, 10, 1.5], "rotation": 270, "texture": "#0"},
				"east": {"uv": [9, 0.5, 10, 1.5], "rotation": 270, "texture": "#0"},
				"south": {"uv": [9, 0.5, 10, 1.5], "rotation": 270, "texture": "#0"},
				"west": {"uv": [9, 0.5, 10, 1.5], "rotation": 90, "texture": "#0"},
				"up": {"uv": [9.5, 0.5, 10.5, 1.5], "rotation": 180, "texture": "#0"},
				"down": {"uv": [9.5, 0.5, 10.5, 1.5], "texture": "#0"}
			}
		},
		{
			"name": "bone",
			"from": [-4.52998, -4.23174, 6.63966],
			"to": [-3.87658, -0.31134, 7.20594],
			"rotation": {"angle": -22.5, "axis": "z", "origin": [4.78735, 5.66476, 6.93369]},
			"faces": {
				"north": {"uv": [9, 0.5, 10, 1.5], "rotation": 270, "texture": "#0"},
				"east": {"uv": [9, 0.5, 10, 1.5], "rotation": 270, "texture": "#0"},
				"south": {"uv": [9, 0.5, 10, 1.5], "rotation": 270, "texture": "#0"},
				"west": {"uv": [9, 0.5, 10, 1.5], "rotation": 90, "texture": "#0"},
				"up": {"uv": [9.5, 0.5, 10.5, 1.5], "rotation": 180, "texture": "#0"},
				"down": {"uv": [9.5, 0.5, 10.5, 1.5], "texture": "#0"}
			}
		},
		{
			"name": "flap",
			"from": [-7.307, 0.01642, 6.90102],
			"to": [3.3652, 8.51062, 6.93402],
			"rotation": {"angle": 0, "axis": "y", "origin": [4.76375, 5.70009, 6.89013]},
			"faces": {
				"north": {"uv": [0, 0, 16, 16], "rotation": 270, "texture": "#1"},
				"east": {"uv": [0.941, 0.941, 4.352, 1.691], "rotation": 270, "texture": "#1"},
				"south": {"uv": [0, 0, 16, 16], "rotation": 270, "texture": "#2"},
				"west": {"uv": [0.471, 0.471, 4.823, 1.221], "rotation": 90, "texture": "#1"},
				"up": {"uv": [0.941, 0.941, 2.941, 1.691], "rotation": 180, "texture": "#1"},
				"down": {"uv": [1.412, 0.941, 3.412, 1.691], "texture": "#1"}
			}
		},
		{
			"name": "tendon",
			"from": [-0.01303, 4.6594, 6.73767],
			"to": [0.42257, 7.01164, 6.97725],
			"rotation": {"angle": -22.5, "axis": "z", "origin": [4.76375, 5.70009, 6.89013]},
			"faces": {
				"north": {"uv": [9, 0.5, 10, 1.5], "rotation": 270, "texture": "#0"},
				"east": {"uv": [9, 0.5, 10, 1.5], "rotation": 270, "texture": "#0"},
				"south": {"uv": [9, 0.5, 10, 1.5], "rotation": 270, "texture": "#0"},
				"west": {"uv": [9, 0.5, 10, 1.5], "rotation": 90, "texture": "#0"},
				"up": {"uv": [9.5, 0.5, 10.5, 1.5], "rotation": 180, "texture": "#0"},
				"down": {"uv": [9.5, 0.5, 10.5, 1.5], "texture": "#0"}
			}
		},
		{
			"name": "tendon",
			"from": [0.65017, 5.33627, 6.74856],
			"to": [1.08577, 8.34191, 6.96636],
			"rotation": {"angle": 22.5, "axis": "z", "origin": [4.76375, 5.70009, 6.89013]},
			"faces": {
				"north": {"uv": [9, 0.5, 10, 1.5], "rotation": 270, "texture": "#0"},
				"east": {"uv": [9, 0.5, 10, 1.5], "rotation": 270, "texture": "#0"},
				"south": {"uv": [9, 0.5, 10, 1.5], "rotation": 270, "texture": "#0"},
				"west": {"uv": [9, 0.5, 10, 1.5], "rotation": 90, "texture": "#0"},
				"up": {"uv": [9.5, 0.5, 10.5, 1.5], "rotation": 180, "texture": "#0"},
				"down": {"uv": [9.5, 0.5, 10.5, 1.5], "texture": "#0"}
			}
		},
		{
			"name": "tendon",
			"from": [-1.75543, 2.2636, 6.73767],
			"to": [-1.31983, 5.70484, 6.97725],
			"rotation": {"angle": -22.5, "axis": "z", "origin": [4.76375, 5.70009, 6.89013]},
			"faces": {
				"north": {"uv": [9, 0.5, 10, 1.5], "rotation": 270, "texture": "#0"},
				"east": {"uv": [9, 0.5, 10, 1.5], "rotation": 270, "texture": "#0"},
				"south": {"uv": [9, 0.5, 10, 1.5], "rotation": 270, "texture": "#0"},
				"west": {"uv": [9, 0.5, 10, 1.5], "rotation": 90, "texture": "#0"},
				"up": {"uv": [9.5, 0.5, 10.5, 1.5], "rotation": 180, "texture": "#0"},
				"down": {"uv": [9.5, 0.5, 10.5, 1.5], "texture": "#0"}
			}
		},
		{
			"name": "tendon",
			"from": [-4.81019, 8.73129, 6.74856],
			"to": [-4.37459, 10.29945, 6.96636],
			"rotation": {"angle": 45, "axis": "z", "origin": [4.76375, 5.70009, 6.89013]},
			"faces": {
				"north": {"uv": [9, 0.5, 10, 1.5], "rotation": 270, "texture": "#0"},
				"east": {"uv": [9, 0.5, 10, 1.5], "rotation": 270, "texture": "#0"},
				"south": {"uv": [9, 0.5, 10, 1.5], "rotation": 270, "texture": "#0"},
				"west": {"uv": [9, 0.5, 10, 1.5], "rotation": 90, "texture": "#0"},
				"up": {"uv": [9.5, 0.5, 10.5, 1.5], "rotation": 180, "texture": "#0"},
				"down": {"uv": [9.5, 0.5, 10.5, 1.5], "texture": "#0"}
			}
		},
		{
			"name": "tendon",
			"from": [-5.84655, 6.28016, 6.73767],
			"to": [-5.41095, 7.88099, 6.97725],
			"rotation": {"angle": 22.5, "axis": "z", "origin": [4.76375, 5.70009, 6.89013]},
			"faces": {
				"north": {"uv": [9, 0.5, 10, 1.5], "rotation": 270, "texture": "#0"},
				"east": {"uv": [9, 0.5, 10, 1.5], "rotation": 270, "texture": "#0"},
				"south": {"uv": [9, 0.5, 10, 1.5], "rotation": 270, "texture": "#0"},
				"west": {"uv": [9, 0.5, 10, 1.5], "rotation": 90, "texture": "#0"},
				"up": {"uv": [9.5, 0.5, 10.5, 1.5], "rotation": 180, "texture": "#0"},
				"down": {"uv": [9.5, 0.5, 10.5, 1.5], "texture": "#0"}
			}
		},
		{
			"name": "tendon",
			"from": [-2.27597, 5.22273, 6.74856],
			"to": [-1.84037, 7.87989, 6.96636],
			"rotation": {"angle": 22.5, "axis": "z", "origin": [4.76375, 5.70009, 6.89013]},
			"faces": {
				"north": {"uv": [9, 0.5, 10, 1.5], "rotation": 270, "texture": "#0"},
				"east": {"uv": [9, 0.5, 10, 1.5], "rotation": 270, "texture": "#0"},
				"south": {"uv": [9, 0.5, 10, 1.5], "rotation": 270, "texture": "#0"},
				"west": {"uv": [9, 0.5, 10, 1.5], "rotation": 90, "texture": "#0"},
				"up": {"uv": [9.5, 0.5, 10.5, 1.5], "rotation": 180, "texture": "#0"},
				"down": {"uv": [9.5, 0.5, 10.5, 1.5], "texture": "#0"}
			}
		},
		{
			"name": "joint",
			"from": [11.328, 5.02582, 6.44364],
			"to": [12.6348, 6.33262, 7.31484],
			"rotation": {"angle": 0, "axis": "y", "origin": [11.23625, 5.70009, 6.89013]},
			"faces": {
				"north": {"uv": [9, 0.5, 10, 1.5], "rotation": 270, "texture": "#0"},
				"east": {"uv": [9, 0.5, 10, 1.5], "rotation": 270, "texture": "#0"},
				"south": {"uv": [9, 0.5, 10, 1.5], "rotation": 270, "texture": "#0"},
				"west": {"uv": [9, 0.5, 10, 1.5], "rotation": 90, "texture": "#0"},
				"up": {"uv": [9.5, 0.5, 10.5, 1.5], "rotation": 180, "texture": "#0"},
				"down": {"uv": [9.5, 0.5, 10.5, 1.5], "texture": "#0"}
			}
		},
		{
			"name": "bone",
			"from": [12.03452, 4.85362, 6.55254],
			"to": [16.39052, 5.50702, 7.20594],
			"rotation": {"angle": 45, "axis": "z", "origin": [11.23625, 5.70009, 6.89013]},
			"faces": {
				"north": {"uv": [9, 0.5, 10, 1.5], "rotation": 270, "texture": "#0"},
				"east": {"uv": [9, 0.5, 10, 1.5], "rotation": 270, "texture": "#0"},
				"south": {"uv": [9, 0.5, 10, 1.5], "rotation": 270, "texture": "#0"},
				"west": {"uv": [9, 0.5, 10, 1.5], "rotation": 90, "texture": "#0"},
				"up": {"uv": [9.5, 0.5, 10.5, 1.5], "rotation": 180, "texture": "#0"},
				"down": {"uv": [9.5, 0.5, 10.5, 1.5], "texture": "#0"}
			}
		},
		{
			"name": "bone",
			"from": [13.39676, 9.7361, 6.57432],
			"to": [16.33706, 10.3895, 7.20594],
			"rotation": {"angle": -22.5, "axis": "z", "origin": [11.23765, 5.72513, 6.90102]},
			"faces": {
				"north": {"uv": [9, 0.5, 10, 1.5], "rotation": 180, "texture": "#0"},
				"east": {"uv": [9, 0.5, 10, 1.5], "rotation": 270, "texture": "#0"},
				"south": {"uv": [9, 0.5, 10, 1.5], "texture": "#0"},
				"west": {"uv": [9, 0.5, 10, 1.5], "rotation": 90, "texture": "#0"},
				"up": {"uv": [9.5, 0.5, 10.5, 1.5], "rotation": 180, "texture": "#0"},
				"down": {"uv": [9.5, 0.5, 10.5, 1.5], "texture": "#0"}
			}
		},
		{
			"name": "bone",
			"from": [14.11391, 11.33251, 6.5961],
			"to": [20.29943, 11.98591, 7.20594],
			"rotation": {"angle": -45, "axis": "z", "origin": [11.21264, 5.66476, 6.91191]},
			"faces": {
				"north": {"uv": [9, 0.5, 10, 1.5], "rotation": 180, "texture": "#0"},
				"east": {"uv": [9, 0.5, 10, 1.5], "rotation": 270, "texture": "#0"},
				"south": {"uv": [9, 0.5, 10, 1.5], "texture": "#0"},
				"west": {"uv": [9, 0.5, 10, 1.5], "rotation": 90, "texture": "#0"},
				"up": {"uv": [9.5, 0.5, 10.5, 1.5], "rotation": 180, "texture": "#0"},
				"down": {"uv": [9.5, 0.5, 10.5, 1.5], "texture": "#0"}
			}
		},
		{
			"name": "bone",
			"from": [19.87658, -4.23174, 6.63966],
			"to": [20.52998, -0.31134, 7.20594],
			"rotation": {"angle": 22.5, "axis": "z", "origin": [11.21265, 5.66476, 6.93369]},
			"faces": {
				"north": {"uv": [9, 0.5, 10, 1.5], "rotation": 270, "texture": "#0"},
				"east": {"uv": [9, 0.5, 10, 1.5], "rotation": 270, "texture": "#0"},
				"south": {"uv": [9, 0.5, 10, 1.5], "rotation": 270, "texture": "#0"},
				"west": {"uv": [9, 0.5, 10, 1.5], "rotation": 90, "texture": "#0"},
				"up": {"uv": [9.5, 0.5, 10.5, 1.5], "rotation": 180, "texture": "#0"},
				"down": {"uv": [9.5, 0.5, 10.5, 1.5], "texture": "#0"}
			}
		},
		{
			"name": "flap",
			"from": [12.6348, 0.01642, 6.90102],
			"to": [23.307, 8.51062, 6.93402],
			"rotation": {"angle": 0, "axis": "y", "origin": [11.23625, 5.70009, 6.89013]},
			"faces": {
				"north": {"uv": [0, 16, 16, 0], "rotation": 270, "texture": "#1"},
				"east": {"uv": [4.353, 0.941, 1.412, 1.691], "rotation": 270, "texture": "#1"},
				"south": {"uv": [0, 16, 16, 0], "rotation": 270, "texture": "#2"},
				"west": {"uv": [3.882, 0.471, 1.412, 1.221], "rotation": 90, "texture": "#1"},
				"up": {"uv": [3.412, 0.941, 1.412, 1.691], "rotation": 180, "texture": "#1"},
				"down": {"uv": [3.412, 0.941, 1.412, 1.691], "texture": "#1"}
			}
		},
		{
			"name": "tendon",
			"from": [15.57743, 4.6594, 6.73767],
			"to": [16.01303, 7.01164, 6.97725],
			"rotation": {"angle": 22.5, "axis": "z", "origin": [11.23625, 5.70009, 6.89013]},
			"faces": {
				"north": {"uv": [9, 0.5, 10, 1.5], "rotation": 270, "texture": "#0"},
				"east": {"uv": [9, 0.5, 10, 1.5], "rotation": 270, "texture": "#0"},
				"south": {"uv": [9, 0.5, 10, 1.5], "rotation": 270, "texture": "#0"},
				"west": {"uv": [9, 0.5, 10, 1.5], "rotation": 90, "texture": "#0"},
				"up": {"uv": [9.5, 0.5, 10.5, 1.5], "rotation": 180, "texture": "#0"},
				"down": {"uv": [9.5, 0.5, 10.5, 1.5], "texture": "#0"}
			}
		},
		{
			"name": "tendon",
			"from": [14.91423, 5.33627, 6.74856],
			"to": [15.34983, 8.34191, 6.96636],
			"rotation": {"angle": -22.5, "axis": "z", "origin": [11.23625, 5.70009, 6.89013]},
			"faces": {
				"north": {"uv": [9, 0.5, 10, 1.5], "rotation": 270, "texture": "#0"},
				"east": {"uv": [9, 0.5, 10, 1.5], "rotation": 270, "texture": "#0"},
				"south": {"uv": [9, 0.5, 10, 1.5], "rotation": 270, "texture": "#0"},
				"west": {"uv": [9, 0.5, 10, 1.5], "rotation": 90, "texture": "#0"},
				"up": {"uv": [9.5, 0.5, 10.5, 1.5], "rotation": 180, "texture": "#0"},
				"down": {"uv": [9.5, 0.5, 10.5, 1.5], "texture": "#0"}
			}
		},
		{
			"name": "tendon",
			"from": [17.31983, 2.2636, 6.73767],
			"to": [17.75543, 5.70484, 6.97725],
			"rotation": {"angle": 22.5, "axis": "z", "origin": [11.23625, 5.70009, 6.89013]},
			"faces": {
				"north": {"uv": [9, 0.5, 10, 1.5], "rotation": 270, "texture": "#0"},
				"east": {"uv": [9, 0.5, 10, 1.5], "rotation": 270, "texture": "#0"},
				"south": {"uv": [9, 0.5, 10, 1.5], "rotation": 270, "texture": "#0"},
				"west": {"uv": [9, 0.5, 10, 1.5], "rotation": 90, "texture": "#0"},
				"up": {"uv": [9.5, 0.5, 10.5, 1.5], "rotation": 180, "texture": "#0"},
				"down": {"uv": [9.5, 0.5, 10.5, 1.5], "texture": "#0"}
			}
		},
		{
			"name": "tendon",
			"from": [20.37459, 8.73129, 6.74856],
			"to": [20.81019, 10.29945, 6.96636],
			"rotation": {"angle": -45, "axis": "z", "origin": [11.23625, 5.70009, 6.89013]},
			"faces": {
				"north": {"uv": [9, 0.5, 10, 1.5], "rotation": 270, "texture": "#0"},
				"east": {"uv": [9, 0.5, 10, 1.5], "rotation": 270, "texture": "#0"},
				"south": {"uv": [9, 0.5, 10, 1.5], "rotation": 270, "texture": "#0"},
				"west": {"uv": [9, 0.5, 10, 1.5], "rotation": 90, "texture": "#0"},
				"up": {"uv": [9.5, 0.5, 10.5, 1.5], "rotation": 180, "texture": "#0"},
				"down": {"uv": [9.5, 0.5, 10.5, 1.5], "texture": "#0"}
			}
		},
		{
			"name": "tendon",
			"from": [21.41095, 6.28016, 6.73767],
			"to": [21.84655, 7.88099, 6.97725],
			"rotation": {"angle": -22.5, "axis": "z", "origin": [11.23625, 5.70009, 6.89013]},
			"faces": {
				"north": {"uv": [9, 0.5, 10, 1.5], "rotation": 270, "texture": "#0"},
				"east": {"uv": [9, 0.5, 10, 1.5], "rotation": 270, "texture": "#0"},
				"south": {"uv": [9, 0.5, 10, 1.5], "rotation": 270, "texture": "#0"},
				"west": {"uv": [9, 0.5, 10, 1.5], "rotation": 90, "texture": "#0"},
				"up": {"uv": [9.5, 0.5, 10.5, 1.5], "rotation": 180, "texture": "#0"},
				"down": {"uv": [9.5, 0.5, 10.5, 1.5], "texture": "#0"}
			}
		},
		{
			"name": "tendon",
			"from": [17.84037, 5.22273, 6.74856],
			"to": [18.27597, 7.87989, 6.96636],
			"rotation": {"angle": -22.5, "axis": "z", "origin": [11.23625, 5.70009, 6.89013]},
			"faces": {
				"north": {"uv": [9, 0.5, 10, 1.5], "rotation": 270, "texture": "#0"},
				"east": {"uv": [9, 0.5, 10, 1.5], "rotation": 270, "texture": "#0"},
				"south": {"uv": [9, 0.5, 10, 1.5], "rotation": 270, "texture": "#0"},
				"west": {"uv": [9, 0.5, 10, 1.5], "rotation": 90, "texture": "#0"},
				"up": {"uv": [9.5, 0.5, 10.5, 1.5], "rotation": 180, "texture": "#0"},
				"down": {"uv": [9.5, 0.5, 10.5, 1.5], "texture": "#0"}
			}
		}
	],
	"display": {
		"head": {
			"translation": [0, -22.3, 0],
			"scale": [1.5, 1.5, 1.5]
		}
	},
	"groups": [
		{
			"name": "BodyLegs",
			"origin": [4.25, -8.25, 3],
			"children": [0, 1, 2, 3, 4, 5, 6, 7, 8, 9, 10, 11, 12, 13, 14, 15, 16, 17]
		},
		{
			"name": "Head",
			"origin": [8, 8, 3.75],
			"children": [18, 19, 20, 21, 22, 23, 24, 25, 26, 27, 28, 29, 30, 31, 32, 33, 34, 35, 36, 37, 38]
		},
		{
			"name": "Tail",
			"origin": [8, -4.87225, 23.36054],
			"children": [39, 40, 41]
		},
		{
			"name": "dragwingleft",
			"origin": [8, 8, 8],
			"children": [
				{
					"name": "dragonwingleft",
					"origin": [8, 8, 8],
					"children": [42, 43, 44, 45, 46, 47, 48, 49, 50, 51, 52, 53]
				}
			]
		},
		{
			"name": "dragwingright",
			"origin": [8, 8, 8],
			"children": [
				{
					"name": "dragonwingright",
					"origin": [8, 8, 8],
					"children": [54, 55, 56, 57, 58, 59, 60, 61, 62, 63, 64, 65]
				}
			]
		}
	]
}