{
	"credit": "Made with Blockbench",
	"textures": {
		"0": "blocks/p3greendragon",
		"1": "blocks/p3greendragonwingdown",
		"2": "blocks/p3greendragonwingup",
		"particle": "blocks/p3greendragon"
	},
	"elements": [
		{
			"from": [3, -4, 1],
			"to": [13, 8, 10],
			"rotation": {"angle": -45, "axis": "x", "origin": [8, 6, 4.5]},
			"faces": {
				"north": {"uv": [0.5, 8, 8, 16], "texture": "#0"},
				"east": {"uv": [0, 0, 8, 8], "texture": "#0"},
				"south": {"uv": [0, 0, 8, 8], "texture": "#0"},
				"west": {"uv": [0, 0, 8, 8], "texture": "#0"},
				"up": {"uv": [0.5, 4, 8, 12], "rotation": 180, "texture": "#0"},
				"down": {"uv": [0, 0, 8, 8], "texture": "#0"}
			}
		},
		{
			"from": [3.25, -3, 1.5],
			"to": [12.75, 5, 9],
			"rotation": {"angle": 0, "axis": "x", "origin": [8, 3, 4.5]},
			"faces": {
				"north": {"uv": [0.5, 8, 8, 16], "texture": "#0"},
				"east": {"uv": [0, 0, 8, 8], "texture": "#0"},
				"south": {"uv": [0, 0, 8, 8], "texture": "#0"},
				"west": {"uv": [0, 0, 8, 8], "texture": "#0"},
				"up": {"uv": [0, 0, 8, 8], "texture": "#0"},
				"down": {"uv": [0.5, 8, 8, 16], "texture": "#0"}
			}
		},
		{
			"from": [1.25, -4, 6.5],
			"to": [6.25, 1, 11.5],
			"rotation": {"angle": 0, "axis": "x", "origin": [8, 3, 4.5]},
			"faces": {
				"north": {"uv": [0, 0, 8, 8], "texture": "#0"},
				"east": {"uv": [0, 0, 8, 8], "texture": "#0"},
				"south": {"uv": [0, 0, 8, 8], "texture": "#0"},
				"west": {"uv": [0, 0, 8, 8], "texture": "#0"},
				"up": {"uv": [0, 0, 8, 8], "texture": "#0"},
				"down": {"uv": [0, 0, 8, 8], "texture": "#0"}
			}
		},
		{
			"from": [9.75, -4, 6.5],
			"to": [14.75, 1, 11.5],
			"rotation": {"angle": 0, "axis": "x", "origin": [8, 3, 4.5]},
			"faces": {
				"north": {"uv": [0, 0, 8, 8], "texture": "#0"},
				"east": {"uv": [0, 0, 8, 8], "texture": "#0"},
				"south": {"uv": [0, 0, 8, 8], "texture": "#0"},
				"west": {"uv": [0, 0, 8, 8], "texture": "#0"},
				"up": {"uv": [0, 0, 8, 8], "texture": "#0"},
				"down": {"uv": [0, 0, 8, 8], "texture": "#0"}
			}
		},
		{
			"from": [10.75, -8, 6.5],
			"to": [13.75, -3, 9.5],
			"rotation": {"angle": 22.5, "axis": "x", "origin": [12.25, -6, 9]},
			"faces": {
				"north": {"uv": [0, 0, 4, 8], "texture": "#0"},
				"east": {"uv": [4, 0, 8, 8], "texture": "#0"},
				"south": {"uv": [2, 0, 6, 8], "texture": "#0"},
				"west": {"uv": [4, 0, 8, 8], "texture": "#0"},
				"up": {"uv": [4, 3.5, 8, 8], "texture": "#0"},
				"down": {"uv": [0, 0, 4, 4], "texture": "#0"}
			}
		},
		{
			"from": [9.75, -9, 4.5],
			"to": [14.75, -6.5, 9.5],
			"rotation": {"angle": 0, "axis": "x", "origin": [8, 3, 4.5]},
			"faces": {
				"north": {"uv": [0, 0, 4, 2], "texture": "#0"},
				"east": {"uv": [4, 0, 8, 2], "texture": "#0"},
				"south": {"uv": [4, 6, 8, 8], "texture": "#0"},
				"west": {"uv": [0, 6, 4, 8], "texture": "#0"},
				"up": {"uv": [0, 0, 4, 4], "texture": "#0"},
				"down": {"uv": [0, 4, 4, 8], "texture": "#0"}
			}
		},
		{
			"from": [9.25, -9, 2.25],
			"to": [11.25, -7.5, 5.25],
			"rotation": {"angle": 22.5, "axis": "y", "origin": [10.75, -8.25, 3]},
			"faces": {
				"north": {"uv": [2.5, 2, 4, 3.5], "texture": "#0"},
				"east": {"uv": [5.5, 0, 8, 1.5], "texture": "#0"},
				"south": {"uv": [4.5, 4.5, 6, 6], "texture": "#0"},
				"west": {"uv": [0, 6.5, 2.5, 8], "texture": "#0"},
				"up": {"uv": [2.5, 1.5, 4, 4], "texture": "#0"},
				"down": {"uv": [0, 5.5, 1.5, 8], "texture": "#0"}
			}
		},
		{
			"from": [8.27969, -9, 6.44029],
			"to": [10.27969, -7.5, 9.44029],
			"rotation": {"angle": 45, "axis": "y", "origin": [9.77969, -8.25, 7.19029]},
			"faces": {
				"north": {"uv": [2.5, 2, 4, 3.5], "texture": "#0"},
				"east": {"uv": [5.5, 0, 8, 1.5], "texture": "#0"},
				"south": {"uv": [4.5, 4.5, 6, 6], "texture": "#0"},
				"west": {"uv": [0, 6.5, 2.5, 8], "texture": "#0"},
				"up": {"uv": [2.5, 1.5, 4, 4], "texture": "#0"},
				"down": {"uv": [0, 5.5, 1.5, 8], "texture": "#0"}
			}
		},
		{
			"from": [13.2, -9, 1.75],
			"to": [15.2, -7.5, 4.75],
			"rotation": {"angle": -22.5, "axis": "y", "origin": [12.75, -8.25, 3]},
			"faces": {
				"north": {"uv": [2.5, 2, 4, 3.5], "texture": "#0"},
				"east": {"uv": [5.5, 0, 8, 1.5], "texture": "#0"},
				"south": {"uv": [4.5, 4.5, 6, 6], "texture": "#0"},
				"west": {"uv": [0, 6.5, 2.5, 8], "texture": "#0"},
				"up": {"uv": [2.5, 1.5, 4, 4], "texture": "#0"},
				"down": {"uv": [0, 5.5, 1.5, 8], "texture": "#0"}
			}
		},
		{
			"from": [2.25, -8, 6.5],
			"to": [5.25, -3, 9.5],
			"rotation": {"angle": 22.5, "axis": "x", "origin": [3.75, -6, 9]},
			"faces": {
				"north": {"uv": [0, 0, 4, 8], "texture": "#0"},
				"east": {"uv": [4, 0, 8, 8], "texture": "#0"},
				"south": {"uv": [2, 0, 6, 8], "texture": "#0"},
				"west": {"uv": [4, 0, 8, 8], "texture": "#0"},
				"up": {"uv": [4, 3.5, 8, 8], "texture": "#0"},
				"down": {"uv": [0, 0, 4, 4], "texture": "#0"}
			}
		},
		{
			"from": [1.25, -9, 4.5],
			"to": [6.25, -6.5, 9.5],
			"rotation": {"angle": 0, "axis": "x", "origin": [-0.5, 3, 4.5]},
			"faces": {
				"north": {"uv": [0, 0, 4, 2], "texture": "#0"},
				"east": {"uv": [4, 0, 8, 2], "texture": "#0"},
				"south": {"uv": [4, 6, 8, 8], "texture": "#0"},
				"west": {"uv": [0, 6, 4, 8], "texture": "#0"},
				"up": {"uv": [0, 0, 4, 4], "texture": "#0"},
				"down": {"uv": [0, 4, 4, 8], "texture": "#0"}
			}
		},
		{
			"from": [0.75, -9, 2.25],
			"to": [2.75, -7.5, 5.25],
			"rotation": {"angle": 22.5, "axis": "y", "origin": [2.25, -8.25, 3]},
			"faces": {
				"north": {"uv": [2.5, 2, 4, 3.5], "texture": "#0"},
				"east": {"uv": [5.5, 0, 8, 1.5], "texture": "#0"},
				"south": {"uv": [4.5, 4.5, 6, 6], "texture": "#0"},
				"west": {"uv": [0, 6.5, 2.5, 8], "texture": "#0"},
				"up": {"uv": [2.5, 1.5, 4, 4], "texture": "#0"},
				"down": {"uv": [0, 5.5, 1.5, 8], "texture": "#0"}
			}
		},
		{
			"from": [5.27969, -9, 6.64739],
			"to": [7.27969, -7.5, 9.64739],
			"rotation": {"angle": -45, "axis": "y", "origin": [6.27969, -8.25, 7.89739]},
			"faces": {
				"north": {"uv": [2.5, 2, 4, 3.5], "texture": "#0"},
				"east": {"uv": [5.5, 0, 8, 1.5], "texture": "#0"},
				"south": {"uv": [4.5, 4.5, 6, 6], "texture": "#0"},
				"west": {"uv": [0, 6.5, 2.5, 8], "texture": "#0"},
				"up": {"uv": [2.5, 1.5, 4, 4], "texture": "#0"},
				"down": {"uv": [0, 5.5, 1.5, 8], "texture": "#0"}
			}
		},
		{
			"from": [4.7, -9, 1.75],
			"to": [6.7, -7.5, 4.75],
			"rotation": {"angle": -22.5, "axis": "y", "origin": [4.25, -8.25, 3]},
			"faces": {
				"north": {"uv": [2.5, 2, 4, 3.5], "texture": "#0"},
				"east": {"uv": [5.5, 0, 8, 1.5], "texture": "#0"},
				"south": {"uv": [4.5, 4.5, 6, 6], "texture": "#0"},
				"west": {"uv": [0, 6.5, 2.5, 8], "texture": "#0"},
				"up": {"uv": [2.5, 1.5, 4, 4], "texture": "#0"},
				"down": {"uv": [0, 5.5, 1.5, 8], "texture": "#0"}
			}
		},
		{
			"from": [7.25, 6.5, 6.75],
			"to": [8.75, 11, 10.5],
			"rotation": {"angle": 0, "axis": "x", "origin": [8, 3, 4.5]},
			"faces": {
				"north": {"uv": [8.5, 0.5, 11, 2], "texture": "#0"},
				"east": {"uv": [10, 0.5, 12, 2], "texture": "#0"},
				"south": {"uv": [8.5, 0.5, 10.5, 2], "texture": "#0"},
				"west": {"uv": [9, 0.5, 11, 2], "texture": "#0"},
				"up": {"uv": [10, 0.5, 12, 2], "texture": "#0"},
				"down": {"uv": [10, 0.5, 11.5, 1.5], "texture": "#0"}
			}
		},
		{
			"from": [7.25, 3, 9.25],
			"to": [8.75, 7.5, 13],
			"rotation": {"angle": 0, "axis": "x", "origin": [8, 3, 4.5]},
			"faces": {
				"north": {"uv": [8.5, 0.5, 11, 2], "texture": "#0"},
				"east": {"uv": [10, 0.5, 12, 2], "texture": "#0"},
				"south": {"uv": [8.5, 0.5, 10.5, 2], "texture": "#0"},
				"west": {"uv": [9, 0.5, 11, 2], "texture": "#0"},
				"up": {"uv": [10, 0.5, 12, 2], "texture": "#0"},
				"down": {"uv": [10, 0.5, 11.5, 1.5], "texture": "#0"}
			}
		},
		{
			"from": [7.25, 0.5, 11.25],
			"to": [8.75, 5, 15],
			"rotation": {"angle": 0, "axis": "x", "origin": [8, 3, 4.5]},
			"faces": {
				"north": {"uv": [8.5, 0.5, 11, 2], "texture": "#0"},
				"east": {"uv": [10, 0.5, 12, 2], "texture": "#0"},
				"south": {"uv": [8.5, 0.5, 10.5, 2], "texture": "#0"},
				"west": {"uv": [9, 0.5, 11, 2], "texture": "#0"},
				"up": {"uv": [10, 0.5, 12, 2], "texture": "#0"},
				"down": {"uv": [10, 0.5, 11.5, 1.5], "texture": "#0"}
			}
		},
		{
			"from": [7.25, 1, 14.75],
			"to": [8.75, 2.5, 16.5],
			"rotation": {"angle": 0, "axis": "x", "origin": [8, 3, 4.5]},
			"faces": {
				"north": {"uv": [8.5, 0.5, 11, 2], "texture": "#0"},
				"east": {"uv": [10, 0.5, 12, 2], "texture": "#0"},
				"south": {"uv": [8.5, 0.5, 10.5, 2], "texture": "#0"},
				"west": {"uv": [9, 0.5, 11, 2], "texture": "#0"},
				"up": {"uv": [10, 0.5, 12, 2], "texture": "#0"},
				"down": {"uv": [10, 0.5, 11.5, 1.5], "texture": "#0"}
			}
		},
		{
			"from": [3.75, 4, 1.5],
			"to": [12.25, 9.8, 8],
			"rotation": {"angle": -22.5, "axis": "x", "origin": [8, 8, 3.75]},
			"faces": {
				"north": {"uv": [1, 8, 7.5, 16], "texture": "#0"},
				"east": {"uv": [4, 0, 8, 8], "texture": "#0"},
				"south": {"uv": [0, 0, 8, 8], "texture": "#0"},
				"west": {"uv": [0, 0, 4, 8], "texture": "#0"},
				"up": {"uv": [0, 0, 7.5, 6], "texture": "#0"},
				"down": {"uv": [0.5, 8, 8, 16], "texture": "#0"}
			}
		},
		{
			"from": [1.75, 8, -1.5],
			"to": [14.25, 14, 3],
			"rotation": {"angle": 0, "axis": "x", "origin": [8, 8, 3.75]},
			"faces": {
				"north": {"uv": [0.5, 5, 7.5, 8], "texture": "#0"},
				"east": {"uv": [5, 3, 7, 6], "texture": "#0"},
				"south": {"uv": [0.5, 2.5, 7.5, 5.5], "texture": "#0"},
				"west": {"uv": [4, 2, 6, 5], "texture": "#0"},
				"up": {"uv": [0.5, 0, 7.5, 2], "texture": "#0"},
				"down": {"uv": [0.5, 13.5, 8, 16], "texture": "#0"}
			}
		},
		{
			"from": [1.75, 14, -1.5],
			"to": [2, 18.25, 3],
			"rotation": {"angle": 0, "axis": "x", "origin": [8, 8, 3.75]},
			"faces": {
				"north": {"uv": [0.5, 0, 1, 0.5], "texture": "#0"},
				"east": {"uv": [5, 4, 7, 6], "texture": "#0"},
				"south": {"uv": [0.5, 0, 1, 0.5], "texture": "#0"},
				"west": {"uv": [2, 0, 4, 2], "texture": "#0"},
				"up": {"uv": [0.5, 0, 1, 0.5], "texture": "#0"},
				"down": {"uv": [0.5, 0, 1, 0.5], "texture": "#0"}
			}
		},
		{
			"from": [9.85, 14, -1.5],
			"to": [10.1, 18.25, 3],
			"rotation": {"angle": 0, "axis": "x", "origin": [16.1, 8, 3.75]},
			"faces": {
				"north": {"uv": [0.5, 0, 1, 0.5], "texture": "#0"},
				"east": {"uv": [5, 4, 7, 6], "texture": "#0"},
				"south": {"uv": [0.5, 0, 1, 0.5], "texture": "#0"},
				"west": {"uv": [2, 0, 4, 2], "texture": "#0"},
				"up": {"uv": [0.5, 0, 1, 0.5], "texture": "#0"},
				"down": {"uv": [0.5, 0, 1, 0.5], "texture": "#0"}
			}
		},
		{
			"from": [5.9, 14, -1.5],
			"to": [6.15, 18.25, 3],
			"rotation": {"angle": 0, "axis": "x", "origin": [8, 8, 3.75]},
			"faces": {
				"north": {"uv": [0.5, 0, 1, 0.5], "texture": "#0"},
				"east": {"uv": [6, 0, 8, 2], "texture": "#0"},
				"south": {"uv": [0.5, 0, 1, 0.5], "texture": "#0"},
				"west": {"uv": [4, 0, 6, 2], "texture": "#0"},
				"up": {"uv": [0.5, 0, 1, 0.5], "texture": "#0"},
				"down": {"uv": [0.5, 0, 1, 0.5], "texture": "#0"}
			}
		},
		{
			"from": [2, 18, -1.5],
			"to": [5.9, 18.25, 3],
			"rotation": {"angle": 0, "axis": "z", "origin": [8, 8, 3.75]},
			"faces": {
				"north": {"uv": [0.5, 0, 1, 0.5], "rotation": 90, "texture": "#0"},
				"east": {"uv": [0.5, 0, 1, 0.5], "rotation": 270, "texture": "#0"},
				"south": {"uv": [0.5, 0, 1, 0.5], "rotation": 270, "texture": "#0"},
				"west": {"uv": [0.5, 0, 1, 0.5], "rotation": 270, "texture": "#0"},
				"up": {"uv": [4, 0, 6, 2], "rotation": 270, "texture": "#0"},
				"down": {"uv": [4, 0, 6, 2], "rotation": 270, "texture": "#0"}
			}
		},
		{
			"from": [2, 14.025, 2.875],
			"to": [5.9, 18.225, 3.125],
			"rotation": {"angle": 0, "axis": "x", "origin": [8, 14.025, 3]},
			"faces": {
				"north": {"uv": [4, 0, 6, 2], "rotation": 90, "texture": "#0"},
				"east": {"uv": [0.5, 0, 1, 0.5], "rotation": 180, "texture": "#0"},
				"south": {"uv": [0, 0, 2, 2], "rotation": 270, "texture": "#0"},
				"west": {"uv": [0.5, 0, 1, 0.5], "texture": "#0"},
				"up": {"uv": [0.5, 0, 1, 0.5], "rotation": 270, "texture": "#0"},
				"down": {"uv": [0.5, 0, 1, 0.5], "rotation": 270, "texture": "#0"}
			}
		},
		{
			"from": [10.1, 18, -1.5],
			"to": [14, 18.25, 3],
			"rotation": {"angle": 0, "axis": "z", "origin": [8, 8, 3.75]},
			"faces": {
				"north": {"uv": [0.5, 0, 1, 0.5], "rotation": 90, "texture": "#0"},
				"east": {"uv": [0.5, 0, 1, 0.5], "rotation": 270, "texture": "#0"},
				"south": {"uv": [0.5, 0, 1, 0.5], "rotation": 270, "texture": "#0"},
				"west": {"uv": [0.5, 0, 1, 0.5], "rotation": 270, "texture": "#0"},
				"up": {"uv": [4, 0, 6, 2], "rotation": 270, "texture": "#0"},
				"down": {"uv": [4, 0, 6, 2], "rotation": 270, "texture": "#0"}
			}
		},
		{
			"from": [10.1, 14.025, 2.875],
			"to": [14, 18.225, 3.125],
			"rotation": {"angle": 0, "axis": "x", "origin": [8, 14.025, 3]},
			"faces": {
				"north": {"uv": [4, 0, 6, 2], "rotation": 90, "texture": "#0"},
				"east": {"uv": [0.5, 0, 1, 0.5], "rotation": 180, "texture": "#0"},
				"south": {"uv": [0, 0, 2, 2], "rotation": 270, "texture": "#0"},
				"west": {"uv": [0.5, 0, 1, 0.5], "texture": "#0"},
				"up": {"uv": [0.5, 0, 1, 0.5], "rotation": 270, "texture": "#0"},
				"down": {"uv": [0.5, 0, 1, 0.5], "rotation": 270, "texture": "#0"}
			}
		},
		{
			"from": [14, 14, -1.5],
			"to": [14.25, 18.25, 3],
			"rotation": {"angle": 0, "axis": "x", "origin": [16.1, 8, 3.75]},
			"faces": {
				"north": {"uv": [0.5, 0, 1, 0.5], "texture": "#0"},
				"east": {"uv": [6, 0, 8, 2], "texture": "#0"},
				"south": {"uv": [0.5, 0, 1, 0.5], "texture": "#0"},
				"west": {"uv": [4, 0, 6, 2], "texture": "#0"},
				"up": {"uv": [0.5, 0, 1, 0.5], "texture": "#0"},
				"down": {"uv": [0.5, 0, 1, 0.5], "texture": "#0"}
			}
		},
		{
			"from": [1.65, 8, -10],
			"to": [14.35, 10, -1.5],
			"rotation": {"angle": 0, "axis": "x", "origin": [8, 8, 3.75]},
			"faces": {
				"north": {"uv": [0.5, 7, 7.5, 8], "texture": "#0"},
				"east": {"uv": [2, 5, 7, 6], "texture": "#0"},
				"south": {"uv": [0.5, 4.5, 7.5, 5.5], "texture": "#0"},
				"west": {"uv": [3, 4, 8, 5], "texture": "#0"},
				"up": {"uv": [8, 1.5, 13, 6], "texture": "#0"},
				"down": {"uv": [0.5, 11.5, 8, 16], "texture": "#0"}
			}
		},
		{
			"from": [2.75, 10, -9],
			"to": [13.25, 12, -1.5],
			"rotation": {"angle": 0, "axis": "x", "origin": [8, 8, 3.75]},
			"faces": {
				"north": {"uv": [0.5, 6, 7.5, 7], "texture": "#0"},
				"east": {"uv": [0.5, 5, 5.5, 6], "texture": "#0"},
				"south": {"uv": [0.5, 3.5, 7.5, 4.5], "texture": "#0"},
				"west": {"uv": [3, 3, 8, 4], "texture": "#0"},
				"up": {"uv": [0, 0, 7, 4], "texture": "#0"},
				"down": {"uv": [8.5, 0.5, 12, 2], "texture": "#0"}
			}
		},
		{
			"from": [4.75, 12, -9],
			"to": [11.25, 13, -1.5],
			"rotation": {"angle": 0, "axis": "x", "origin": [8, 8, 3.75]},
			"faces": {
				"north": {"uv": [0.5, 6.5, 4.5, 7], "texture": "#0"},
				"east": {"uv": [0, 5, 4, 5.5], "texture": "#0"},
				"south": {"uv": [2, 5, 6, 5.5], "texture": "#0"},
				"west": {"uv": [2.5, 4, 6.5, 4.5], "texture": "#0"},
				"up": {"uv": [0, 0, 4, 4.5], "texture": "#0"},
				"down": {"uv": [8.5, 0.5, 12, 2], "texture": "#0"}
			}
		},
		{
			"from": [1.95, 14, -1.3],
			"to": [5.95, 18, 2.7],
			"rotation": {"angle": 0, "axis": "x", "origin": [8, 8, 3.75]},
			"faces": {
				"north": {"uv": [13.5, 0.5, 15.5, 2], "texture": "#0"},
				"east": {"uv": [13.5, 0.5, 15, 2], "texture": "#0"},
				"south": {"uv": [13.5, 1, 15, 2], "texture": "#0"},
				"west": {"uv": [14, 1, 15, 2], "texture": "#0"},
				"up": {"uv": [14, 1, 15.5, 2.5], "texture": "#0"},
				"down": {"uv": [14, 0.5, 15.5, 2], "texture": "#0"}
			}
		},
		{
			"from": [10.05, 14, -1.3],
			"to": [14.05, 18, 2.7],
			"rotation": {"angle": 0, "axis": "x", "origin": [8, 8, 3.75]},
			"faces": {
				"north": {"uv": [13.5, 0.5, 15.5, 2], "texture": "#0"},
				"east": {"uv": [13.5, 0.5, 15, 2], "texture": "#0"},
				"south": {"uv": [13.5, 1, 15, 2], "texture": "#0"},
				"west": {"uv": [14, 1, 15, 2], "texture": "#0"},
				"up": {"uv": [14, 1, 15.5, 2.5], "texture": "#0"},
				"down": {"uv": [14, 0.5, 15.5, 2], "texture": "#0"}
			}
		},
		{
			"from": [13.25, 10, -10],
			"to": [14.25, 13, -9],
			"rotation": {"angle": 0, "axis": "x", "origin": [8, 8, 3.75]},
			"faces": {
				"north": {"uv": [13.5, 0.5, 15.5, 2], "texture": "#0"},
				"east": {"uv": [13.5, 0.5, 15, 2], "texture": "#0"},
				"south": {"uv": [13.5, 1, 15, 2], "texture": "#0"},
				"west": {"uv": [14, 1, 15, 2], "texture": "#0"},
				"up": {"uv": [14, 1, 15.5, 2.5], "texture": "#0"},
				"down": {"uv": [14, 0.5, 15.5, 2], "texture": "#0"}
			}
		},
		{
			"from": [1.75, 10, -10],
			"to": [2.75, 13, -9],
			"rotation": {"angle": 0, "axis": "x", "origin": [8, 8, 3.75]},
			"faces": {
				"north": {"uv": [13.5, 0.5, 15.5, 2], "texture": "#0"},
				"east": {"uv": [13.5, 0.5, 15, 2], "texture": "#0"},
				"south": {"uv": [13.5, 1, 15, 2], "texture": "#0"},
				"west": {"uv": [14, 1, 15, 2], "texture": "#0"},
				"up": {"uv": [14, 1, 15.5, 2.5], "texture": "#0"},
				"down": {"uv": [14, 0.5, 15.5, 2], "texture": "#0"}
			}
		},
		{
			"from": [12.25, 15, -1.5],
			"to": [13.25, 16.25, -1],
			"rotation": {"angle": 0, "axis": "x", "origin": [8, 8, 3.75]},
			"faces": {
				"north": {"uv": [13.5, 3.5, 15.5, 5], "texture": "#0"},
				"east": {"uv": [14, 4, 15.5, 5.5], "texture": "#0"},
				"south": {"uv": [13.5, 4, 15, 5], "texture": "#0"},
				"west": {"uv": [13.5, 4, 14.5, 5], "texture": "#0"},
				"up": {"uv": [13.5, 4, 15, 5.5], "texture": "#0"},
				"down": {"uv": [14, 4, 15.5, 5.5], "texture": "#0"}
			}
		},
		{
			"from": [2.5, 15, -1.5],
			"to": [3.5, 16.25, -1],
			"rotation": {"angle": 0, "axis": "x", "origin": [8, 8, 3.75]},
			"faces": {
				"north": {"uv": [13.5, 3.5, 15.5, 5], "texture": "#0"},
				"east": {"uv": [14, 4, 15.5, 5.5], "texture": "#0"},
				"south": {"uv": [13.5, 4, 15, 5], "texture": "#0"},
				"west": {"uv": [13.5, 4, 14.5, 5], "texture": "#0"},
				"up": {"uv": [13.5, 4, 15, 5.5], "texture": "#0"},
				"down": {"uv": [14, 4, 15.5, 5.5], "texture": "#0"}
			}
		},
		{
			"from": [6, 11, -9.1],
			"to": [7, 11.75, -8.6],
			"rotation": {"angle": 0, "axis": "x", "origin": [8, 8, 3.85]},
			"faces": {
				"north": {"uv": [13.5, 3.5, 15.5, 5], "texture": "#0"},
				"east": {"uv": [14, 4, 15.5, 5.5], "texture": "#0"},
				"south": {"uv": [13.5, 4, 15, 5], "texture": "#0"},
				"west": {"uv": [13.5, 4, 14.5, 5], "texture": "#0"},
				"up": {"uv": [13.5, 4, 15, 5.5], "texture": "#0"},
				"down": {"uv": [14, 4, 15.5, 5.5], "texture": "#0"}
			}
		},
		{
			"from": [9, 11, -9.1],
			"to": [10, 11.75, -8.6],
			"rotation": {"angle": 0, "axis": "x", "origin": [8, 8, 3.85]},
			"faces": {
				"north": {"uv": [13.5, 3.5, 15.5, 5], "texture": "#0"},
				"east": {"uv": [14, 4, 15.5, 5.5], "texture": "#0"},
				"south": {"uv": [13.5, 4, 15, 5], "texture": "#0"},
				"west": {"uv": [13.5, 4, 14.5, 5], "texture": "#0"},
				"up": {"uv": [13.5, 4, 15, 5.5], "texture": "#0"},
				"down": {"uv": [14, 4, 15.5, 5.5], "texture": "#0"}
			}
		},
		{
			"from": [6, -10, 5.75],
			"to": [10, -4, 9.75],
			"rotation": {"angle": -45, "axis": "x", "origin": [8, 6, 4.5]},
			"faces": {
				"north": {"uv": [0.5, 3.5, 4, 8], "texture": "#0"},
				"east": {"uv": [4.5, 3.5, 8, 8], "texture": "#0"},
				"south": {"uv": [3.5, 0, 7, 4.5], "texture": "#0"},
				"west": {"uv": [0, 0, 3.5, 5], "texture": "#0"},
				"up": {"uv": [0, 0, 4, 4], "rotation": 180, "texture": "#0"},
				"down": {"uv": [3.5, 4, 7.5, 8], "texture": "#0"}
			}
		},
		{
			"from": [6.75, -4.78338, 17.12957],
			"to": [9.25, -2.28338, 22.12957],
			"rotation": {"angle": 22.5, "axis": "x", "origin": [8, -4.78338, 19.87957]},
			"faces": {
				"north": {"uv": [0, 0, 2, 2], "texture": "#0"},
				"east": {"uv": [6, 4.5, 8, 8], "rotation": 90, "texture": "#0"},
				"south": {"uv": [5.5, 6, 7.5, 8], "texture": "#0"},
				"west": {"uv": [0, 0, 2, 3.5], "rotation": 270, "texture": "#0"},
				"up": {"uv": [5, 1, 7, 4.5], "texture": "#0"},
				"down": {"uv": [2, 4.5, 4, 8], "rotation": 180, "texture": "#0"}
			}
		},
		{
			"from": [7.25, -5.22225, 22.01054],
			"to": [8.75, -3.72225, 24.01054],
			"rotation": {"angle": 0, "axis": "x", "origin": [8, -4.87225, 23.36054]},
			"faces": {
				"north": {"uv": [0, 0, 2, 2], "texture": "#0"},
				"east": {"uv": [2.5, 5, 4.5, 7], "rotation": 90, "texture": "#0"},
				"south": {"uv": [5.5, 4, 7.5, 6], "texture": "#0"},
				"west": {"uv": [3, 2, 5, 4], "rotation": 270, "texture": "#0"},
				"up": {"uv": [0.5, 5.5, 2.5, 7.5], "texture": "#0"},
				"down": {"uv": [1, 3.5, 3, 5.5], "rotation": 180, "texture": "#0"}
			}
		},
		{
			"name": "joint",
			"from": [1.66252, 7.61488, 6.4574],
			"to": [2.98252, 9.59488, 8.4374],
			"rotation": {"angle": 0, "axis": "y", "origin": [2.33902, 8.6365, 6.31838]},
			"faces": {
				"north": {"uv": [9, 0.5, 10, 1.5], "rotation": 270, "texture": "#0"},
				"east": {"uv": [9, 0.5, 10, 1.5], "rotation": 270, "texture": "#0"},
				"south": {"uv": [9, 0.5, 10, 1.5], "rotation": 90, "texture": "#0"},
				"west": {"uv": [9, 0.5, 10, 1.5], "rotation": 270, "texture": "#0"},
				"up": {"uv": [9.5, 0.5, 10.5, 1.5], "rotation": 90, "texture": "#0"},
				"down": {"uv": [9.5, 0.5, 10.5, 1.5], "rotation": 90, "texture": "#0"}
			}
		},
		{
			"name": "bone",
			"from": [1.82752, 7.35397, 7.52788],
			"to": [2.81752, 8.34397, 14.12788],
			"rotation": {"angle": -45, "axis": "x", "origin": [2.33902, 8.6365, 6.31838]},
			"faces": {
				"north": {"uv": [9, 0.5, 10, 1.5], "rotation": 270, "texture": "#0"},
				"east": {"uv": [9, 0.5, 10, 1.5], "rotation": 270, "texture": "#0"},
				"south": {"uv": [9, 0.5, 10, 1.5], "rotation": 90, "texture": "#0"},
				"west": {"uv": [9, 0.5, 10, 1.5], "rotation": 270, "texture": "#0"},
				"up": {"uv": [9.5, 0.5, 10.5, 1.5], "rotation": 90, "texture": "#0"},
				"down": {"uv": [9.5, 0.5, 10.5, 1.5], "rotation": 90, "texture": "#0"}
			}
		},
		{
			"name": "bone",
			"from": [1.86052, 14.75167, 9.59189],
			"to": [2.81752, 15.74167, 14.04689],
			"rotation": {"angle": 22.5, "axis": "x", "origin": [2.35552, 8.67444, 6.3205]},
			"faces": {
				"north": {"uv": [9, 0.5, 10, 1.5], "rotation": 270, "texture": "#0"},
				"east": {"uv": [9, 0.5, 10, 1.5], "texture": "#0"},
				"south": {"uv": [9, 0.5, 10, 1.5], "rotation": 90, "texture": "#0"},
				"west": {"uv": [9, 0.5, 10, 1.5], "rotation": 180, "texture": "#0"},
				"up": {"uv": [9.5, 0.5, 10.5, 1.5], "rotation": 90, "texture": "#0"},
				"down": {"uv": [9.5, 0.5, 10.5, 1.5], "rotation": 90, "texture": "#0"}
			}
		},
		{
			"name": "bone",
			"from": [1.89352, -5.18488, 14.87011],
			"to": [2.81752, 4.18712, 15.86011],
			"rotation": {"angle": -45, "axis": "x", "origin": [2.37202, 8.58297, 6.28261]},
			"faces": {
				"north": {"uv": [9, 0.5, 10, 1.5], "rotation": 270, "texture": "#0"},
				"east": {"uv": [9, 0.5, 10, 1.5], "rotation": 270, "texture": "#0"},
				"south": {"uv": [9, 0.5, 10, 1.5], "rotation": 90, "texture": "#0"},
				"west": {"uv": [9, 0.5, 10, 1.5], "rotation": 270, "texture": "#0"},
				"up": {"uv": [9.5, 0.5, 10.5, 1.5], "rotation": 90, "texture": "#0"},
				"down": {"uv": [9.5, 0.5, 10.5, 1.5], "rotation": 90, "texture": "#0"}
			}
		},
		{
			"name": "bone",
			"from": [1.95952, -6.41172, 19.4098],
			"to": [2.81752, -0.47172, 20.3998],
			"rotation": {"angle": -22.5, "axis": "x", "origin": [2.40502, 8.58297, 6.28262]},
			"faces": {
				"north": {"uv": [9, 0.5, 10, 1.5], "rotation": 270, "texture": "#0"},
				"east": {"uv": [9, 0.5, 10, 1.5], "rotation": 270, "texture": "#0"},
				"south": {"uv": [9, 0.5, 10, 1.5], "rotation": 90, "texture": "#0"},
				"west": {"uv": [9, 0.5, 10, 1.5], "rotation": 270, "texture": "#0"},
				"up": {"uv": [9.5, 0.5, 10.5, 1.5], "rotation": 90, "texture": "#0"},
				"down": {"uv": [9.5, 0.5, 10.5, 1.5], "rotation": 90, "texture": "#0"}
			}
		},
		{
			"name": "flap",
			"from": [2.35552, 0.02488, 8.4374],
			"to": [2.40552, 12.89488, 24.6074],
			"rotation": {"angle": 0, "axis": "y", "origin": [2.33902, 8.6365, 6.31838]},
			"faces": {
				"north": {"uv": [0.941, 0.941, 4.352, 1.691], "rotation": 270, "texture": "#1"},
				"east": {"uv": [0, 0, 16, 16], "rotation": 270, "texture": "#2"},
				"south": {"uv": [0.471, 0.471, 4.823, 1.221], "rotation": 90, "texture": "#1"},
				"west": {"uv": [0, 0, 16, 16], "rotation": 270, "texture": "#1"},
				"up": {"uv": [0.941, 0.941, 2.941, 1.691], "rotation": 90, "texture": "#1"},
				"down": {"uv": [1.412, 0.941, 3.412, 1.691], "rotation": 90, "texture": "#1"}
			}
		},
		{
			"name": "tendon",
			"from": [2.10802, 7.0597, 12.89593],
			"to": [2.47102, 10.6237, 13.55593],
			"rotation": {"angle": -22.5, "axis": "x", "origin": [2.33902, 8.6365, 6.31838]},
			"faces": {
				"north": {"uv": [9, 0.5, 10, 1.5], "rotation": 270, "texture": "#0"},
				"east": {"uv": [9, 0.5, 10, 1.5], "rotation": 270, "texture": "#0"},
				"south": {"uv": [9, 0.5, 10, 1.5], "rotation": 90, "texture": "#0"},
				"west": {"uv": [9, 0.5, 10, 1.5], "rotation": 270, "texture": "#0"},
				"up": {"uv": [9.5, 0.5, 10.5, 1.5], "rotation": 90, "texture": "#0"},
				"down": {"uv": [9.5, 0.5, 10.5, 1.5], "rotation": 90, "texture": "#0"}
			}
		},
		{
			"name": "tendon",
			"from": [2.12452, 8.08525, 11.89108],
			"to": [2.45452, 12.63925, 12.55108],
			"rotation": {"angle": 22.5, "axis": "x", "origin": [2.33902, 8.6365, 6.31838]},
			"faces": {
				"north": {"uv": [9, 0.5, 10, 1.5], "rotation": 270, "texture": "#0"},
				"east": {"uv": [9, 0.5, 10, 1.5], "rotation": 270, "texture": "#0"},
				"south": {"uv": [9, 0.5, 10, 1.5], "rotation": 90, "texture": "#0"},
				"west": {"uv": [9, 0.5, 10, 1.5], "rotation": 270, "texture": "#0"},
				"up": {"uv": [9.5, 0.5, 10.5, 1.5], "rotation": 90, "texture": "#0"},
				"down": {"uv": [9.5, 0.5, 10.5, 1.5], "rotation": 90, "texture": "#0"}
			}
		},
		{
			"name": "tendon",
			"from": [2.10802, 3.4297, 15.53593],
			"to": [2.47102, 8.6437, 16.19593],
			"rotation": {"angle": -22.5, "axis": "x", "origin": [2.33902, 8.6365, 6.31838]},
			"faces": {
				"north": {"uv": [9, 0.5, 10, 1.5], "rotation": 270, "texture": "#0"},
				"east": {"uv": [9, 0.5, 10, 1.5], "rotation": 270, "texture": "#0"},
				"south": {"uv": [9, 0.5, 10, 1.5], "rotation": 90, "texture": "#0"},
				"west": {"uv": [9, 0.5, 10, 1.5], "rotation": 270, "texture": "#0"},
				"up": {"uv": [9.5, 0.5, 10.5, 1.5], "rotation": 90, "texture": "#0"},
				"down": {"uv": [9.5, 0.5, 10.5, 1.5], "rotation": 90, "texture": "#0"}
			}
		},
		{
			"name": "tendon",
			"from": [2.12452, 13.22922, 20.16436],
			"to": [2.45452, 15.60522, 20.82436],
			"rotation": {"angle": 45, "axis": "x", "origin": [2.33902, 8.6365, 6.31838]},
			"faces": {
				"north": {"uv": [9, 0.5, 10, 1.5], "rotation": 270, "texture": "#0"},
				"east": {"uv": [9, 0.5, 10, 1.5], "rotation": 270, "texture": "#0"},
				"south": {"uv": [9, 0.5, 10, 1.5], "rotation": 90, "texture": "#0"},
				"west": {"uv": [9, 0.5, 10, 1.5], "rotation": 270, "texture": "#0"},
				"up": {"uv": [9.5, 0.5, 10.5, 1.5], "rotation": 90, "texture": "#0"},
				"down": {"uv": [9.5, 0.5, 10.5, 1.5], "rotation": 90, "texture": "#0"}
			}
		},
		{
			"name": "tendon",
			"from": [2.10802, 9.51539, 21.73459],
			"to": [2.47102, 11.94089, 22.39459],
			"rotation": {"angle": 22.5, "axis": "x", "origin": [2.33902, 8.6365, 6.31838]},
			"faces": {
				"north": {"uv": [9, 0.5, 10, 1.5], "rotation": 270, "texture": "#0"},
				"east": {"uv": [9, 0.5, 10, 1.5], "rotation": 270, "texture": "#0"},
				"south": {"uv": [9, 0.5, 10, 1.5], "rotation": 90, "texture": "#0"},
				"west": {"uv": [9, 0.5, 10, 1.5], "rotation": 270, "texture": "#0"},
				"up": {"uv": [9.5, 0.5, 10.5, 1.5], "rotation": 90, "texture": "#0"},
				"down": {"uv": [9.5, 0.5, 10.5, 1.5], "rotation": 90, "texture": "#0"}
			}
		},
		{
			"name": "tendon",
			"from": [2.12452, 7.91322, 16.32463],
			"to": [2.45452, 11.93922, 16.98463],
			"rotation": {"angle": 22.5, "axis": "x", "origin": [2.33902, 8.6365, 6.31838]},
			"faces": {
				"north": {"uv": [9, 0.5, 10, 1.5], "rotation": 270, "texture": "#0"},
				"east": {"uv": [9, 0.5, 10, 1.5], "rotation": 270, "texture": "#0"},
				"south": {"uv": [9, 0.5, 10, 1.5], "rotation": 90, "texture": "#0"},
				"west": {"uv": [9, 0.5, 10, 1.5], "rotation": 270, "texture": "#0"},
				"up": {"uv": [9.5, 0.5, 10.5, 1.5], "rotation": 90, "texture": "#0"},
				"down": {"uv": [9.5, 0.5, 10.5, 1.5], "rotation": 90, "texture": "#0"}
			}
		},
		{
			"name": "joint",
			"from": [13.01748, 7.61488, 6.4574],
			"to": [14.33748, 9.59488, 8.4374],
			"rotation": {"angle": 0, "axis": "y", "origin": [13.66098, 8.6365, 6.31838]},
			"faces": {
				"north": {"uv": [9, 0.5, 10, 1.5], "rotation": 90, "texture": "#0"},
				"east": {"uv": [9, 0.5, 10, 1.5], "rotation": 270, "texture": "#0"},
				"south": {"uv": [9, 0.5, 10, 1.5], "rotation": 270, "texture": "#0"},
				"west": {"uv": [9, 0.5, 10, 1.5], "rotation": 270, "texture": "#0"},
				"up": {"uv": [9.5, 0.5, 10.5, 1.5], "rotation": 270, "texture": "#0"},
				"down": {"uv": [9.5, 0.5, 10.5, 1.5], "rotation": 270, "texture": "#0"}
			}
		},
		{
			"name": "bone",
			"from": [13.18248, 7.35397, 7.52788],
			"to": [14.17248, 8.34397, 14.12788],
			"rotation": {"angle": -45, "axis": "x", "origin": [13.66098, 8.6365, 6.31838]},
			"faces": {
				"north": {"uv": [9, 0.5, 10, 1.5], "rotation": 90, "texture": "#0"},
				"east": {"uv": [9, 0.5, 10, 1.5], "rotation": 270, "texture": "#0"},
				"south": {"uv": [9, 0.5, 10, 1.5], "rotation": 270, "texture": "#0"},
				"west": {"uv": [9, 0.5, 10, 1.5], "rotation": 270, "texture": "#0"},
				"up": {"uv": [9.5, 0.5, 10.5, 1.5], "rotation": 270, "texture": "#0"},
				"down": {"uv": [9.5, 0.5, 10.5, 1.5], "rotation": 270, "texture": "#0"}
			}
		},
		{
			"name": "bone",
			"from": [13.18248, 14.75167, 9.59189],
			"to": [14.13948, 15.74167, 14.04689],
			"rotation": {"angle": 22.5, "axis": "x", "origin": [13.64448, 8.67444, 6.3205]},
			"faces": {
				"north": {"uv": [9, 0.5, 10, 1.5], "rotation": 90, "texture": "#0"},
				"east": {"uv": [9, 0.5, 10, 1.5], "rotation": 180, "texture": "#0"},
				"south": {"uv": [9, 0.5, 10, 1.5], "rotation": 270, "texture": "#0"},
				"west": {"uv": [9, 0.5, 10, 1.5], "texture": "#0"},
				"up": {"uv": [9.5, 0.5, 10.5, 1.5], "rotation": 270, "texture": "#0"},
				"down": {"uv": [9.5, 0.5, 10.5, 1.5], "rotation": 270, "texture": "#0"}
			}
		},
		{
			"name": "bone",
			"from": [13.18248, 17.17047, 10.67847],
			"to": [14.10648, 18.16047, 20.05047],
			"rotation": {"angle": 45, "axis": "x", "origin": [13.62798, 8.58297, 6.28261]},
			"faces": {
				"north": {"uv": [9, 0.5, 10, 1.5], "rotation": 90, "texture": "#0"},
				"east": {"uv": [9, 0.5, 10, 1.5], "rotation": 180, "texture": "#0"},
				"south": {"uv": [9, 0.5, 10, 1.5], "rotation": 270, "texture": "#0"},
				"west": {"uv": [9, 0.5, 10, 1.5], "texture": "#0"},
				"up": {"uv": [9.5, 0.5, 10.5, 1.5], "rotation": 270, "texture": "#0"},
				"down": {"uv": [9.5, 0.5, 10.5, 1.5], "rotation": 270, "texture": "#0"}
			}
		},
		{
			"name": "bone",
			"from": [13.18248, -6.41172, 19.4098],
			"to": [14.04048, -0.47172, 20.3998],
			"rotation": {"angle": -22.5, "axis": "x", "origin": [13.59498, 8.58297, 6.28262]},
			"faces": {
				"north": {"uv": [9, 0.5, 10, 1.5], "rotation": 90, "texture": "#0"},
				"east": {"uv": [9, 0.5, 10, 1.5], "rotation": 270, "texture": "#0"},
				"south": {"uv": [9, 0.5, 10, 1.5], "rotation": 270, "texture": "#0"},
				"west": {"uv": [9, 0.5, 10, 1.5], "rotation": 270, "texture": "#0"},
				"up": {"uv": [9.5, 0.5, 10.5, 1.5], "rotation": 270, "texture": "#0"},
				"down": {"uv": [9.5, 0.5, 10.5, 1.5], "rotation": 270, "texture": "#0"}
			}
		},
		{
			"name": "flap",
			"from": [13.59448, 0.02488, 8.4374],
			"to": [13.64448, 12.89488, 24.6074],
			"rotation": {"angle": 0, "axis": "y", "origin": [13.66098, 8.6365, 6.31838]},
			"faces": {
				"north": {"uv": [3.882, 0.471, 1.412, 1.221], "rotation": 90, "texture": "#1"},
				"east": {"uv": [0, 16, 16, 0], "rotation": 270, "texture": "#1"},
				"south": {"uv": [4.353, 0.941, 1.412, 1.691], "rotation": 270, "texture": "#1"},
				"west": {"uv": [0, 16, 16, 0], "rotation": 270, "texture": "#2"},
				"up": {"uv": [3.412, 0.941, 1.412, 1.691], "rotation": 270, "texture": "#1"},
				"down": {"uv": [3.412, 0.941, 1.412, 1.691], "rotation": 270, "texture": "#1"}
			}
		},
		{
			"name": "tendon",
			"from": [13.52898, 7.0597, 12.89593],
			"to": [13.89198, 10.6237, 13.55593],
			"rotation": {"angle": -22.5, "axis": "x", "origin": [13.66098, 8.6365, 6.31838]},
			"faces": {
				"north": {"uv": [9, 0.5, 10, 1.5], "rotation": 90, "texture": "#0"},
				"east": {"uv": [9, 0.5, 10, 1.5], "rotation": 270, "texture": "#0"},
				"south": {"uv": [9, 0.5, 10, 1.5], "rotation": 270, "texture": "#0"},
				"west": {"uv": [9, 0.5, 10, 1.5], "rotation": 270, "texture": "#0"},
				"up": {"uv": [9.5, 0.5, 10.5, 1.5], "rotation": 270, "texture": "#0"},
				"down": {"uv": [9.5, 0.5, 10.5, 1.5], "rotation": 270, "texture": "#0"}
			}
		},
		{
			"name": "tendon",
			"from": [13.54548, 8.08525, 11.89108],
			"to": [13.87548, 12.63925, 12.55108],
			"rotation": {"angle": 22.5, "axis": "x", "origin": [13.66098, 8.6365, 6.31838]},
			"faces": {
				"north": {"uv": [9, 0.5, 10, 1.5], "rotation": 90, "texture": "#0"},
				"east": {"uv": [9, 0.5, 10, 1.5], "rotation": 270, "texture": "#0"},
				"south": {"uv": [9, 0.5, 10, 1.5], "rotation": 270, "texture": "#0"},
				"west": {"uv": [9, 0.5, 10, 1.5], "rotation": 270, "texture": "#0"},
				"up": {"uv": [9.5, 0.5, 10.5, 1.5], "rotation": 270, "texture": "#0"},
				"down": {"uv": [9.5, 0.5, 10.5, 1.5], "rotation": 270, "texture": "#0"}
			}
		},
		{
			"name": "tendon",
			"from": [13.52898, 3.4297, 15.53593],
			"to": [13.89198, 8.6437, 16.19593],
			"rotation": {"angle": -22.5, "axis": "x", "origin": [13.66098, 8.6365, 6.31838]},
			"faces": {
				"north": {"uv": [9, 0.5, 10, 1.5], "rotation": 90, "texture": "#0"},
				"east": {"uv": [9, 0.5, 10, 1.5], "rotation": 270, "texture": "#0"},
				"south": {"uv": [9, 0.5, 10, 1.5], "rotation": 270, "texture": "#0"},
				"west": {"uv": [9, 0.5, 10, 1.5], "rotation": 270, "texture": "#0"},
				"up": {"uv": [9.5, 0.5, 10.5, 1.5], "rotation": 270, "texture": "#0"},
				"down": {"uv": [9.5, 0.5, 10.5, 1.5], "rotation": 270, "texture": "#0"}
			}
		},
		{
			"name": "tendon",
			"from": [13.54548, 13.22922, 20.16436],
			"to": [13.87548, 15.60522, 20.82436],
			"rotation": {"angle": 45, "axis": "x", "origin": [13.66098, 8.6365, 6.31838]},
			"faces": {
				"north": {"uv": [9, 0.5, 10, 1.5], "rotation": 90, "texture": "#0"},
				"east": {"uv": [9, 0.5, 10, 1.5], "rotation": 270, "texture": "#0"},
				"south": {"uv": [9, 0.5, 10, 1.5], "rotation": 270, "texture": "#0"},
				"west": {"uv": [9, 0.5, 10, 1.5], "rotation": 270, "texture": "#0"},
				"up": {"uv": [9.5, 0.5, 10.5, 1.5], "rotation": 270, "texture": "#0"},
				"down": {"uv": [9.5, 0.5, 10.5, 1.5], "rotation": 270, "texture": "#0"}
			}
		},
		{
			"name": "tendon",
			"from": [13.52898, 9.51539, 21.73459],
			"to": [13.89198, 11.94089, 22.39459],
			"rotation": {"angle": 22.5, "axis": "x", "origin": [13.66098, 8.6365, 6.31838]},
			"faces": {
				"north": {"uv": [9, 0.5, 10, 1.5], "rotation": 90, "texture": "#0"},
				"east": {"uv": [9, 0.5, 10, 1.5], "rotation": 270, "texture": "#0"},
				"south": {"uv": [9, 0.5, 10, 1.5], "rotation": 270, "texture": "#0"},
				"west": {"uv": [9, 0.5, 10, 1.5], "rotation": 270, "texture": "#0"},
				"up": {"uv": [9.5, 0.5, 10.5, 1.5], "rotation": 270, "texture": "#0"},
				"down": {"uv": [9.5, 0.5, 10.5, 1.5], "rotation": 270, "texture": "#0"}
			}
		},
		{
			"name": "tendon",
			"from": [13.54548, 7.91322, 16.32463],
			"to": [13.87548, 11.93922, 16.98463],
			"rotation": {"angle": 22.5, "axis": "x", "origin": [13.66098, 8.6365, 6.31838]},
			"faces": {
				"north": {"uv": [9, 0.5, 10, 1.5], "rotation": 90, "texture": "#0"},
				"east": {"uv": [9, 0.5, 10, 1.5], "rotation": 270, "texture": "#0"},
				"south": {"uv": [9, 0.5, 10, 1.5], "rotation": 270, "texture": "#0"},
				"west": {"uv": [9, 0.5, 10, 1.5], "rotation": 270, "texture": "#0"},
				"up": {"uv": [9.5, 0.5, 10.5, 1.5], "rotation": 270, "texture": "#0"},
				"down": {"uv": [9.5, 0.5, 10.5, 1.5], "rotation": 270, "texture": "#0"}
			}
		}
	],
	"display": {
		"head": {
			"translation": [0, -7.75, 0],
			"scale": [2.09, 2.09, 2.09]
		}
	},
	"groups": [
		{
			"name": "BodyLegs",
			"origin": [4.25, -8.25, 3],
			"children": [0, 1, 2, 3, 4, 5, 6, 7, 8, 9, 10, 11, 12, 13, 14, 15, 16, 17]
		},
		{
			"name": "Head",
			"origin": [8, 8, 3.75],
			"children": [18, 19, 20, 21, 22, 23, 24, 25, 26, 27, 28, 29, 30, 31, 32, 33, 34, 35, 36, 37, 38]
		},
		{
			"name": "Tail",
			"origin": [8, -4.87225, 23.36054],
			"children": [39, 40, 41]
		},
		{
			"name": "dragwingleft",
			"origin": [8, 8, 8],
			"children": [
				{
					"name": "dragonwingleft",
					"origin": [8, 8, 8],
					"children": [42, 43, 44, 45, 46, 47, 48, 49, 50, 51, 52, 53]
				}
			]
		},
		{
			"name": "dragwingright",
			"origin": [8, 8, 8],
			"children": [
				{
					"name": "dragonwingright",
					"origin": [8, 8, 8],
					"children": [54, 55, 56, 57, 58, 59, 60, 61, 62, 63, 64, 65]
				}
			]
		}
	]
}