{
	"credit": "Made with Blockbench",
	"textures": {
		"0": "blocks/p3reddragon",
		"1": "blocks/p3reddragonwingdown",
		"2": "blocks/p3reddragonwingup",
		"particle": "blocks/p3reddragon"
	},
	"elements": [
		{
			"from": [4.7, -2.64, 3.38],
			"to": [11.3, 5.28, 9.32],
			"rotation": {"angle": -45, "axis": "x", "origin": [8, 3.96, 5.69]},
			"faces": {
				"north": {"uv": [0.5, 8, 8, 16], "texture": "#0"},
				"east": {"uv": [0, 0, 8, 8], "texture": "#0"},
				"south": {"uv": [0, 0, 8, 8], "texture": "#0"},
				"west": {"uv": [0, 0, 8, 8], "texture": "#0"},
				"up": {"uv": [0.5, 4, 8, 12], "rotation": 180, "texture": "#0"},
				"down": {"uv": [0, 0, 8, 8], "texture": "#0"}
			}
		},
		{
			"from": [4.865, -1.98, 3.71],
			"to": [11.135, 3.3, 8.66],
			"rotation": {"angle": 0, "axis": "x", "origin": [8, 1.98, 5.69]},
			"faces": {
				"north": {"uv": [0.5, 8, 8, 16], "texture": "#0"},
				"east": {"uv": [0, 0, 8, 8], "texture": "#0"},
				"south": {"uv": [0, 0, 8, 8], "texture": "#0"},
				"west": {"uv": [0, 0, 8, 8], "texture": "#0"},
				"up": {"uv": [0, 0, 8, 8], "texture": "#0"},
				"down": {"uv": [0.5, 8, 8, 16], "texture": "#0"}
			}
		},
		{
			"from": [3.545, -2.64, 7.01],
			"to": [6.845, 0.66, 10.31],
			"rotation": {"angle": 0, "axis": "x", "origin": [8, 1.98, 5.69]},
			"faces": {
				"north": {"uv": [0, 0, 8, 8], "texture": "#0"},
				"east": {"uv": [0, 0, 8, 8], "texture": "#0"},
				"south": {"uv": [0, 0, 8, 8], "texture": "#0"},
				"west": {"uv": [0, 0, 8, 8], "texture": "#0"},
				"up": {"uv": [0, 0, 8, 8], "texture": "#0"},
				"down": {"uv": [0, 0, 8, 8], "texture": "#0"}
			}
		},
		{
			"from": [9.155, -2.64, 7.01],
			"to": [12.455, 0.66, 10.31],
			"rotation": {"angle": 0, "axis": "x", "origin": [8, 1.98, 5.69]},
			"faces": {
				"north": {"uv": [0, 0, 8, 8], "texture": "#0"},
				"east": {"uv": [0, 0, 8, 8], "texture": "#0"},
				"south": {"uv": [0, 0, 8, 8], "texture": "#0"},
				"west": {"uv": [0, 0, 8, 8], "texture": "#0"},
				"up": {"uv": [0, 0, 8, 8], "texture": "#0"},
				"down": {"uv": [0, 0, 8, 8], "texture": "#0"}
			}
		},
		{
			"from": [9.815, -5.28, 7.01],
			"to": [11.795, -1.98, 8.99],
			"rotation": {"angle": 22.5, "axis": "x", "origin": [10.805, -3.96, 8.66]},
			"faces": {
				"north": {"uv": [0, 0, 4, 8], "texture": "#0"},
				"east": {"uv": [4, 0, 8, 8], "texture": "#0"},
				"south": {"uv": [2, 0, 6, 8], "texture": "#0"},
				"west": {"uv": [4, 0, 8, 8], "texture": "#0"},
				"up": {"uv": [4, 3.5, 8, 8], "texture": "#0"},
				"down": {"uv": [0, 0, 4, 4], "texture": "#0"}
			}
		},
		{
			"from": [9.155, -5.94, 5.69],
			"to": [12.455, -4.29, 8.99],
			"rotation": {"angle": 0, "axis": "x", "origin": [8, 1.98, 5.69]},
			"faces": {
				"north": {"uv": [0, 0, 4, 2], "texture": "#0"},
				"east": {"uv": [4, 0, 8, 2], "texture": "#0"},
				"south": {"uv": [4, 6, 8, 8], "texture": "#0"},
				"west": {"uv": [0, 6, 4, 8], "texture": "#0"},
				"up": {"uv": [0, 0, 4, 4], "texture": "#0"},
				"down": {"uv": [0, 4, 4, 8], "texture": "#0"}
			}
		},
		{
			"from": [8.825, -5.94, 4.205],
			"to": [10.145, -4.95, 6.185],
			"rotation": {"angle": 22.5, "axis": "y", "origin": [9.815, -5.445, 4.7]},
			"faces": {
				"north": {"uv": [2.5, 2, 4, 3.5], "texture": "#0"},
				"east": {"uv": [5.5, 0, 8, 1.5], "texture": "#0"},
				"south": {"uv": [4.5, 4.5, 6, 6], "texture": "#0"},
				"west": {"uv": [0, 6.5, 2.5, 8], "texture": "#0"},
				"up": {"uv": [2.5, 1.5, 4, 4], "texture": "#0"},
				"down": {"uv": [0, 5.5, 1.5, 8], "texture": "#0"}
			}
		},
		{
			"from": [8.1846, -5.94, 6.97059],
			"to": [9.5046, -4.95, 8.95059],
			"rotation": {"angle": 45, "axis": "y", "origin": [9.1746, -5.445, 7.46559]},
			"faces": {
				"north": {"uv": [2.5, 2, 4, 3.5], "texture": "#0"},
				"east": {"uv": [5.5, 0, 8, 1.5], "texture": "#0"},
				"south": {"uv": [4.5, 4.5, 6, 6], "texture": "#0"},
				"west": {"uv": [0, 6.5, 2.5, 8], "texture": "#0"},
				"up": {"uv": [2.5, 1.5, 4, 4], "texture": "#0"},
				"down": {"uv": [0, 5.5, 1.5, 8], "texture": "#0"}
			}
		},
		{
			"from": [11.432, -5.94, 3.875],
			"to": [12.752, -4.95, 5.855],
			"rotation": {"angle": -22.5, "axis": "y", "origin": [11.135, -5.445, 4.7]},
			"faces": {
				"north": {"uv": [2.5, 2, 4, 3.5], "texture": "#0"},
				"east": {"uv": [5.5, 0, 8, 1.5], "texture": "#0"},
				"south": {"uv": [4.5, 4.5, 6, 6], "texture": "#0"},
				"west": {"uv": [0, 6.5, 2.5, 8], "texture": "#0"},
				"up": {"uv": [2.5, 1.5, 4, 4], "texture": "#0"},
				"down": {"uv": [0, 5.5, 1.5, 8], "texture": "#0"}
			}
		},
		{
			"from": [4.205, -5.28, 7.01],
			"to": [6.185, -1.98, 8.99],
			"rotation": {"angle": 22.5, "axis": "x", "origin": [5.195, -3.96, 8.66]},
			"faces": {
				"north": {"uv": [0, 0, 4, 8], "texture": "#0"},
				"east": {"uv": [4, 0, 8, 8], "texture": "#0"},
				"south": {"uv": [2, 0, 6, 8], "texture": "#0"},
				"west": {"uv": [4, 0, 8, 8], "texture": "#0"},
				"up": {"uv": [4, 3.5, 8, 8], "texture": "#0"},
				"down": {"uv": [0, 0, 4, 4], "texture": "#0"}
			}
		},
		{
			"from": [3.545, -5.94, 5.69],
			"to": [6.845, -4.29, 8.99],
			"rotation": {"angle": 0, "axis": "x", "origin": [2.39, 1.98, 5.69]},
			"faces": {
				"north": {"uv": [0, 0, 4, 2], "texture": "#0"},
				"east": {"uv": [4, 0, 8, 2], "texture": "#0"},
				"south": {"uv": [4, 6, 8, 8], "texture": "#0"},
				"west": {"uv": [0, 6, 4, 8], "texture": "#0"},
				"up": {"uv": [0, 0, 4, 4], "texture": "#0"},
				"down": {"uv": [0, 4, 4, 8], "texture": "#0"}
			}
		},
		{
			"from": [3.215, -5.94, 4.205],
			"to": [4.535, -4.95, 6.185],
			"rotation": {"angle": 22.5, "axis": "y", "origin": [4.205, -5.445, 4.7]},
			"faces": {
				"north": {"uv": [2.5, 2, 4, 3.5], "texture": "#0"},
				"east": {"uv": [5.5, 0, 8, 1.5], "texture": "#0"},
				"south": {"uv": [4.5, 4.5, 6, 6], "texture": "#0"},
				"west": {"uv": [0, 6.5, 2.5, 8], "texture": "#0"},
				"up": {"uv": [2.5, 1.5, 4, 4], "texture": "#0"},
				"down": {"uv": [0, 5.5, 1.5, 8], "texture": "#0"}
			}
		},
		{
			"from": [6.2046, -5.94, 7.10728],
			"to": [7.5246, -4.95, 9.08728],
			"rotation": {"angle": -45, "axis": "y", "origin": [6.8646, -5.445, 7.93228]},
			"faces": {
				"north": {"uv": [2.5, 2, 4, 3.5], "texture": "#0"},
				"east": {"uv": [5.5, 0, 8, 1.5], "texture": "#0"},
				"south": {"uv": [4.5, 4.5, 6, 6], "texture": "#0"},
				"west": {"uv": [0, 6.5, 2.5, 8], "texture": "#0"},
				"up": {"uv": [2.5, 1.5, 4, 4], "texture": "#0"},
				"down": {"uv": [0, 5.5, 1.5, 8], "texture": "#0"}
			}
		},
		{
			"from": [5.822, -5.94, 3.875],
			"to": [7.142, -4.95, 5.855],
			"rotation": {"angle": -22.5, "axis": "y", "origin": [5.525, -5.445, 4.7]},
			"faces": {
				"north": {"uv": [2.5, 2, 4, 3.5], "texture": "#0"},
				"east": {"uv": [5.5, 0, 8, 1.5], "texture": "#0"},
				"south": {"uv": [4.5, 4.5, 6, 6], "texture": "#0"},
				"west": {"uv": [0, 6.5, 2.5, 8], "texture": "#0"},
				"up": {"uv": [2.5, 1.5, 4, 4], "texture": "#0"},
				"down": {"uv": [0, 5.5, 1.5, 8], "texture": "#0"}
			}
		},
		{
			"from": [7.505, 4.29, 7.175],
			"to": [8.495, 7.26, 9.65],
			"rotation": {"angle": 0, "axis": "x", "origin": [8, 1.98, 5.69]},
			"faces": {
				"north": {"uv": [8.5, 0.5, 11, 2], "texture": "#0"},
				"east": {"uv": [10, 0.5, 12, 2], "texture": "#0"},
				"south": {"uv": [8.5, 0.5, 10.5, 2], "texture": "#0"},
				"west": {"uv": [9, 0.5, 11, 2], "texture": "#0"},
				"up": {"uv": [10, 0.5, 12, 2], "texture": "#0"},
				"down": {"uv": [10, 0.5, 11.5, 1.5], "texture": "#0"}
			}
		},
		{
			"from": [7.505, 1.98, 8.825],
			"to": [8.495, 4.95, 11.3],
			"rotation": {"angle": 0, "axis": "x", "origin": [8, 1.98, 5.69]},
			"faces": {
				"north": {"uv": [8.5, 0.5, 11, 2], "texture": "#0"},
				"east": {"uv": [10, 0.5, 12, 2], "texture": "#0"},
				"south": {"uv": [8.5, 0.5, 10.5, 2], "texture": "#0"},
				"west": {"uv": [9, 0.5, 11, 2], "texture": "#0"},
				"up": {"uv": [10, 0.5, 12, 2], "texture": "#0"},
				"down": {"uv": [10, 0.5, 11.5, 1.5], "texture": "#0"}
			}
		},
		{
			"from": [7.505, 0.33, 10.145],
			"to": [8.495, 3.3, 12.62],
			"rotation": {"angle": 0, "axis": "x", "origin": [8, 1.98, 5.69]},
			"faces": {
				"north": {"uv": [8.5, 0.5, 11, 2], "texture": "#0"},
				"east": {"uv": [10, 0.5, 12, 2], "texture": "#0"},
				"south": {"uv": [8.5, 0.5, 10.5, 2], "texture": "#0"},
				"west": {"uv": [9, 0.5, 11, 2], "texture": "#0"},
				"up": {"uv": [10, 0.5, 12, 2], "texture": "#0"},
				"down": {"uv": [10, 0.5, 11.5, 1.5], "texture": "#0"}
			}
		},
		{
			"from": [7.505, 0.66, 12.455],
			"to": [8.495, 1.65, 13.61],
			"rotation": {"angle": 0, "axis": "x", "origin": [8, 1.98, 5.69]},
			"faces": {
				"north": {"uv": [8.5, 0.5, 11, 2], "texture": "#0"},
				"east": {"uv": [10, 0.5, 12, 2], "texture": "#0"},
				"south": {"uv": [8.5, 0.5, 10.5, 2], "texture": "#0"},
				"west": {"uv": [9, 0.5, 11, 2], "texture": "#0"},
				"up": {"uv": [10, 0.5, 12, 2], "texture": "#0"},
				"down": {"uv": [10, 0.5, 11.5, 1.5], "texture": "#0"}
			}
		},
		{
			"from": [5.195, 2.64, 3.71],
			"to": [10.805, 6.468, 8],
			"rotation": {"angle": -22.5, "axis": "x", "origin": [8, 5.28, 5.195]},
			"faces": {
				"north": {"uv": [1, 8, 7.5, 16], "texture": "#0"},
				"east": {"uv": [4, 0, 8, 8], "texture": "#0"},
				"south": {"uv": [0, 0, 8, 8], "texture": "#0"},
				"west": {"uv": [0, 0, 4, 8], "texture": "#0"},
				"up": {"uv": [0, 0, 7.5, 6], "texture": "#0"},
				"down": {"uv": [0.5, 8, 8, 16], "texture": "#0"}
			}
		},
		{
			"from": [1.75, 5, 1.5],
			"to": [14.25, 11, 6],
			"rotation": {"angle": 0, "axis": "x", "origin": [8, 5, 6.75]},
			"faces": {
				"north": {"uv": [0.5, 5, 7.5, 8], "texture": "#0"},
				"east": {"uv": [5, 3, 7, 6], "texture": "#0"},
				"south": {"uv": [0.5, 2.5, 7.5, 5.5], "texture": "#0"},
				"west": {"uv": [4, 2, 6, 5], "texture": "#0"},
				"up": {"uv": [0.5, 0, 7.5, 2], "texture": "#0"},
				"down": {"uv": [0.5, 13.5, 8, 16], "texture": "#0"}
			}
		},
		{
			"from": [1.75, 11, 1.5],
			"to": [2, 15.25, 6],
			"rotation": {"angle": 0, "axis": "x", "origin": [8, 5, 6.75]},
			"faces": {
				"north": {"uv": [0.5, 0, 1, 0.5], "texture": "#0"},
				"east": {"uv": [5, 4, 7, 6], "texture": "#0"},
				"south": {"uv": [0.5, 0, 1, 0.5], "texture": "#0"},
				"west": {"uv": [2, 0, 4, 2], "texture": "#0"},
				"up": {"uv": [0.5, 0, 1, 0.5], "texture": "#0"},
				"down": {"uv": [0.5, 0, 1, 0.5], "texture": "#0"}
			}
		},
		{
			"from": [9.85, 11, 1.5],
			"to": [10.1, 15.25, 6],
			"rotation": {"angle": 0, "axis": "x", "origin": [16.1, 5, 6.75]},
			"faces": {
				"north": {"uv": [0.5, 0, 1, 0.5], "texture": "#0"},
				"east": {"uv": [5, 4, 7, 6], "texture": "#0"},
				"south": {"uv": [0.5, 0, 1, 0.5], "texture": "#0"},
				"west": {"uv": [2, 0, 4, 2], "texture": "#0"},
				"up": {"uv": [0.5, 0, 1, 0.5], "texture": "#0"},
				"down": {"uv": [0.5, 0, 1, 0.5], "texture": "#0"}
			}
		},
		{
			"from": [5.9, 11, 1.5],
			"to": [6.15, 15.25, 6],
			"rotation": {"angle": 0, "axis": "x", "origin": [8, 5, 6.75]},
			"faces": {
				"north": {"uv": [0.5, 0, 1, 0.5], "texture": "#0"},
				"east": {"uv": [6, 0, 8, 2], "texture": "#0"},
				"south": {"uv": [0.5, 0, 1, 0.5], "texture": "#0"},
				"west": {"uv": [4, 0, 6, 2], "texture": "#0"},
				"up": {"uv": [0.5, 0, 1, 0.5], "texture": "#0"},
				"down": {"uv": [0.5, 0, 1, 0.5], "texture": "#0"}
			}
		},
		{
			"from": [2, 15, 1.5],
			"to": [5.9, 15.25, 6],
			"rotation": {"angle": 0, "axis": "z", "origin": [8, 5, 6.75]},
			"faces": {
				"north": {"uv": [0.5, 0, 1, 0.5], "rotation": 90, "texture": "#0"},
				"east": {"uv": [0.5, 0, 1, 0.5], "rotation": 270, "texture": "#0"},
				"south": {"uv": [0.5, 0, 1, 0.5], "rotation": 270, "texture": "#0"},
				"west": {"uv": [0.5, 0, 1, 0.5], "rotation": 270, "texture": "#0"},
				"up": {"uv": [4, 0, 6, 2], "rotation": 270, "texture": "#0"},
				"down": {"uv": [4, 0, 6, 2], "rotation": 270, "texture": "#0"}
			}
		},
		{
			"from": [2, 11.025, 5.875],
			"to": [5.9, 15.225, 6.125],
			"rotation": {"angle": 0, "axis": "x", "origin": [8, 11.025, 6]},
			"faces": {
				"north": {"uv": [4, 0, 6, 2], "rotation": 90, "texture": "#0"},
				"east": {"uv": [0.5, 0, 1, 0.5], "rotation": 180, "texture": "#0"},
				"south": {"uv": [0, 0, 2, 2], "rotation": 270, "texture": "#0"},
				"west": {"uv": [0.5, 0, 1, 0.5], "texture": "#0"},
				"up": {"uv": [0.5, 0, 1, 0.5], "rotation": 270, "texture": "#0"},
				"down": {"uv": [0.5, 0, 1, 0.5], "rotation": 270, "texture": "#0"}
			}
		},
		{
			"from": [10.1, 15, 1.5],
			"to": [14, 15.25, 6],
			"rotation": {"angle": 0, "axis": "z", "origin": [8, 5, 6.75]},
			"faces": {
				"north": {"uv": [0.5, 0, 1, 0.5], "rotation": 90, "texture": "#0"},
				"east": {"uv": [0.5, 0, 1, 0.5], "rotation": 270, "texture": "#0"},
				"south": {"uv": [0.5, 0, 1, 0.5], "rotation": 270, "texture": "#0"},
				"west": {"uv": [0.5, 0, 1, 0.5], "rotation": 270, "texture": "#0"},
				"up": {"uv": [4, 0, 6, 2], "rotation": 270, "texture": "#0"},
				"down": {"uv": [4, 0, 6, 2], "rotation": 270, "texture": "#0"}
			}
		},
		{
			"from": [10.1, 11.025, 5.875],
			"to": [14, 15.225, 6.125],
			"rotation": {"angle": 0, "axis": "x", "origin": [8, 11.025, 6]},
			"faces": {
				"north": {"uv": [4, 0, 6, 2], "rotation": 90, "texture": "#0"},
				"east": {"uv": [0.5, 0, 1, 0.5], "rotation": 180, "texture": "#0"},
				"south": {"uv": [0, 0, 2, 2], "rotation": 270, "texture": "#0"},
				"west": {"uv": [0.5, 0, 1, 0.5], "texture": "#0"},
				"up": {"uv": [0.5, 0, 1, 0.5], "rotation": 270, "texture": "#0"},
				"down": {"uv": [0.5, 0, 1, 0.5], "rotation": 270, "texture": "#0"}
			}
		},
		{
			"from": [14, 11, 1.5],
			"to": [14.25, 15.25, 6],
			"rotation": {"angle": 0, "axis": "x", "origin": [16.1, 5, 6.75]},
			"faces": {
				"north": {"uv": [0.5, 0, 1, 0.5], "texture": "#0"},
				"east": {"uv": [6, 0, 8, 2], "texture": "#0"},
				"south": {"uv": [0.5, 0, 1, 0.5], "texture": "#0"},
				"west": {"uv": [4, 0, 6, 2], "texture": "#0"},
				"up": {"uv": [0.5, 0, 1, 0.5], "texture": "#0"},
				"down": {"uv": [0.5, 0, 1, 0.5], "texture": "#0"}
			}
		},
		{
			"from": [1.65, 5, -7],
			"to": [14.35, 7, 1.5],
			"rotation": {"angle": 0, "axis": "x", "origin": [8, 5, 6.75]},
			"faces": {
				"north": {"uv": [0.5, 7, 7.5, 8], "texture": "#0"},
				"east": {"uv": [2, 5, 7, 6], "texture": "#0"},
				"south": {"uv": [0.5, 4.5, 7.5, 5.5], "texture": "#0"},
				"west": {"uv": [3, 4, 8, 5], "texture": "#0"},
				"up": {"uv": [8, 1.5, 13, 6], "texture": "#0"},
				"down": {"uv": [0.5, 11.5, 8, 16], "texture": "#0"}
			}
		},
		{
			"from": [2.75, 7, -6],
			"to": [13.25, 9, 1.5],
			"rotation": {"angle": 0, "axis": "x", "origin": [8, 5, 6.75]},
			"faces": {
				"north": {"uv": [0.5, 6, 7.5, 7], "texture": "#0"},
				"east": {"uv": [0.5, 5, 5.5, 6], "texture": "#0"},
				"south": {"uv": [0.5, 3.5, 7.5, 4.5], "texture": "#0"},
				"west": {"uv": [3, 3, 8, 4], "texture": "#0"},
				"up": {"uv": [0, 0, 7, 4], "texture": "#0"},
				"down": {"uv": [8.5, 0.5, 12, 2], "texture": "#0"}
			}
		},
		{
			"from": [4.75, 9, -6],
			"to": [11.25, 10, 1.5],
			"rotation": {"angle": 0, "axis": "x", "origin": [8, 5, 6.75]},
			"faces": {
				"north": {"uv": [0.5, 6.5, 4.5, 7], "texture": "#0"},
				"east": {"uv": [0, 5, 4, 5.5], "texture": "#0"},
				"south": {"uv": [2, 5, 6, 5.5], "texture": "#0"},
				"west": {"uv": [2.5, 4, 6.5, 4.5], "texture": "#0"},
				"up": {"uv": [0, 0, 4, 4.5], "texture": "#0"},
				"down": {"uv": [8.5, 0.5, 12, 2], "texture": "#0"}
			}
		},
		{
			"from": [1.95, 11, 1.7],
			"to": [5.95, 15, 5.7],
			"rotation": {"angle": 0, "axis": "x", "origin": [8, 5, 6.75]},
			"faces": {
				"north": {"uv": [13.5, 0.5, 15.5, 2], "texture": "#0"},
				"east": {"uv": [13.5, 0.5, 15, 2], "texture": "#0"},
				"south": {"uv": [13.5, 1, 15, 2], "texture": "#0"},
				"west": {"uv": [14, 1, 15, 2], "texture": "#0"},
				"up": {"uv": [14, 1, 15.5, 2.5], "texture": "#0"},
				"down": {"uv": [14, 0.5, 15.5, 2], "texture": "#0"}
			}
		},
		{
			"from": [10.05, 11, 1.7],
			"to": [14.05, 15, 5.7],
			"rotation": {"angle": 0, "axis": "x", "origin": [8, 5, 6.75]},
			"faces": {
				"north": {"uv": [13.5, 0.5, 15.5, 2], "texture": "#0"},
				"east": {"uv": [13.5, 0.5, 15, 2], "texture": "#0"},
				"south": {"uv": [13.5, 1, 15, 2], "texture": "#0"},
				"west": {"uv": [14, 1, 15, 2], "texture": "#0"},
				"up": {"uv": [14, 1, 15.5, 2.5], "texture": "#0"},
				"down": {"uv": [14, 0.5, 15.5, 2], "texture": "#0"}
			}
		},
		{
			"from": [13.25, 7, -7],
			"to": [14.25, 10, -6],
			"rotation": {"angle": 0, "axis": "x", "origin": [8, 5, 6.75]},
			"faces": {
				"north": {"uv": [13.5, 0.5, 15.5, 2], "texture": "#0"},
				"east": {"uv": [13.5, 0.5, 15, 2], "texture": "#0"},
				"south": {"uv": [13.5, 1, 15, 2], "texture": "#0"},
				"west": {"uv": [14, 1, 15, 2], "texture": "#0"},
				"up": {"uv": [14, 1, 15.5, 2.5], "texture": "#0"},
				"down": {"uv": [14, 0.5, 15.5, 2], "texture": "#0"}
			}
		},
		{
			"from": [1.75, 7, -7],
			"to": [2.75, 10, -6],
			"rotation": {"angle": 0, "axis": "x", "origin": [8, 5, 6.75]},
			"faces": {
				"north": {"uv": [13.5, 0.5, 15.5, 2], "texture": "#0"},
				"east": {"uv": [13.5, 0.5, 15, 2], "texture": "#0"},
				"south": {"uv": [13.5, 1, 15, 2], "texture": "#0"},
				"west": {"uv": [14, 1, 15, 2], "texture": "#0"},
				"up": {"uv": [14, 1, 15.5, 2.5], "texture": "#0"},
				"down": {"uv": [14, 0.5, 15.5, 2], "texture": "#0"}
			}
		},
		{
			"from": [12.25, 12, 1.5],
			"to": [13.25, 13.25, 2],
			"rotation": {"angle": 0, "axis": "x", "origin": [8, 5, 6.75]},
			"faces": {
				"north": {"uv": [13.5, 3.5, 15.5, 5], "texture": "#0"},
				"east": {"uv": [14, 4, 15.5, 5.5], "texture": "#0"},
				"south": {"uv": [13.5, 4, 15, 5], "texture": "#0"},
				"west": {"uv": [13.5, 4, 14.5, 5], "texture": "#0"},
				"up": {"uv": [13.5, 4, 15, 5.5], "texture": "#0"},
				"down": {"uv": [14, 4, 15.5, 5.5], "texture": "#0"}
			}
		},
		{
			"from": [2.5, 12, 1.5],
			"to": [3.5, 13.25, 2],
			"rotation": {"angle": 0, "axis": "x", "origin": [8, 5, 6.75]},
			"faces": {
				"north": {"uv": [13.5, 3.5, 15.5, 5], "texture": "#0"},
				"east": {"uv": [14, 4, 15.5, 5.5], "texture": "#0"},
				"south": {"uv": [13.5, 4, 15, 5], "texture": "#0"},
				"west": {"uv": [13.5, 4, 14.5, 5], "texture": "#0"},
				"up": {"uv": [13.5, 4, 15, 5.5], "texture": "#0"},
				"down": {"uv": [14, 4, 15.5, 5.5], "texture": "#0"}
			}
		},
		{
			"from": [6, 8, -6.1],
			"to": [7, 8.75, -5.6],
			"rotation": {"angle": 0, "axis": "x", "origin": [8, 5, 6.85]},
			"faces": {
				"north": {"uv": [13.5, 3.5, 15.5, 5], "texture": "#0"},
				"east": {"uv": [14, 4, 15.5, 5.5], "texture": "#0"},
				"south": {"uv": [13.5, 4, 15, 5], "texture": "#0"},
				"west": {"uv": [13.5, 4, 14.5, 5], "texture": "#0"},
				"up": {"uv": [13.5, 4, 15, 5.5], "texture": "#0"},
				"down": {"uv": [14, 4, 15.5, 5.5], "texture": "#0"}
			}
		},
		{
			"from": [9, 8, -6.1],
			"to": [10, 8.75, -5.6],
			"rotation": {"angle": 0, "axis": "x", "origin": [8, 5, 6.85]},
			"faces": {
				"north": {"uv": [13.5, 3.5, 15.5, 5], "texture": "#0"},
				"east": {"uv": [14, 4, 15.5, 5.5], "texture": "#0"},
				"south": {"uv": [13.5, 4, 15, 5], "texture": "#0"},
				"west": {"uv": [13.5, 4, 14.5, 5], "texture": "#0"},
				"up": {"uv": [13.5, 4, 15, 5.5], "texture": "#0"},
				"down": {"uv": [14, 4, 15.5, 5.5], "texture": "#0"}
			}
		},
		{
			"from": [6.68, -6.6, 6.515],
			"to": [9.32, -2.64, 9.155],
			"rotation": {"angle": -45, "axis": "x", "origin": [8, 3.96, 5.69]},
			"faces": {
				"north": {"uv": [0.5, 3.5, 4, 8], "texture": "#0"},
				"east": {"uv": [4.5, 3.5, 8, 8], "texture": "#0"},
				"south": {"uv": [3.5, 0, 7, 4.5], "texture": "#0"},
				"west": {"uv": [0, 0, 3.5, 5], "texture": "#0"},
				"up": {"uv": [0, 0, 4, 4], "rotation": 180, "texture": "#0"},
				"down": {"uv": [3.5, 4, 7.5, 8], "texture": "#0"}
			}
		},
		{
			"from": [7.175, -3.15703, 14.02552],
			"to": [8.825, -1.50703, 17.32552],
			"rotation": {"angle": 22.5, "axis": "x", "origin": [8, -3.15703, 15.84052]},
			"faces": {
				"north": {"uv": [0, 0, 2, 2], "texture": "#0"},
				"east": {"uv": [6, 4.5, 8, 8], "rotation": 90, "texture": "#0"},
				"south": {"uv": [5.5, 6, 7.5, 8], "texture": "#0"},
				"west": {"uv": [0, 0, 2, 3.5], "rotation": 270, "texture": "#0"},
				"up": {"uv": [5, 1, 7, 4.5], "texture": "#0"},
				"down": {"uv": [2, 4.5, 4, 8], "rotation": 180, "texture": "#0"}
			}
		},
		{
			"from": [7.505, -3.44668, 17.24696],
			"to": [8.495, -2.45669, 18.56696],
			"rotation": {"angle": 0, "axis": "x", "origin": [8, -3.21568, 18.13796]},
			"faces": {
				"north": {"uv": [0, 0, 2, 2], "texture": "#0"},
				"east": {"uv": [2.5, 5, 4.5, 7], "rotation": 90, "texture": "#0"},
				"south": {"uv": [5.5, 4, 7.5, 6], "texture": "#0"},
				"west": {"uv": [3, 2, 5, 4], "rotation": 270, "texture": "#0"},
				"up": {"uv": [0.5, 5.5, 2.5, 7.5], "texture": "#0"},
				"down": {"uv": [1, 3.5, 3, 5.5], "rotation": 180, "texture": "#0"}
			}
		},
		{
			"name": "joint",
			"from": [3.81726, 5.02582, 6.98188],
			"to": [4.68846, 6.33262, 8.28868],
			"rotation": {"angle": 0, "axis": "y", "origin": [4.26375, 5.70009, 6.89013]},
			"faces": {
				"north": {"uv": [9, 0.5, 10, 1.5], "rotation": 270, "texture": "#0"},
				"east": {"uv": [9, 0.5, 10, 1.5], "rotation": 270, "texture": "#0"},
				"south": {"uv": [9, 0.5, 10, 1.5], "rotation": 90, "texture": "#0"},
				"west": {"uv": [9, 0.5, 10, 1.5], "rotation": 270, "texture": "#0"},
				"up": {"uv": [9.5, 0.5, 10.5, 1.5], "rotation": 90, "texture": "#0"},
				"down": {"uv": [9.5, 0.5, 10.5, 1.5], "rotation": 90, "texture": "#0"}
			}
		},
		{
			"name": "bone",
			"from": [3.92616, 4.85362, 7.6884],
			"to": [4.57956, 5.50702, 12.0444],
			"rotation": {"angle": -45, "axis": "x", "origin": [4.26375, 5.70009, 6.89013]},
			"faces": {
				"north": {"uv": [9, 0.5, 10, 1.5], "rotation": 270, "texture": "#0"},
				"east": {"uv": [9, 0.5, 10, 1.5], "rotation": 270, "texture": "#0"},
				"south": {"uv": [9, 0.5, 10, 1.5], "rotation": 90, "texture": "#0"},
				"west": {"uv": [9, 0.5, 10, 1.5], "rotation": 270, "texture": "#0"},
				"up": {"uv": [9.5, 0.5, 10.5, 1.5], "rotation": 90, "texture": "#0"},
				"down": {"uv": [9.5, 0.5, 10.5, 1.5], "rotation": 90, "texture": "#0"}
			}
		},
		{
			"name": "bone",
			"from": [3.94794, 9.7361, 9.05065],
			"to": [4.57956, 10.3895, 11.99095],
			"rotation": {"angle": 22.5, "axis": "x", "origin": [4.27464, 5.72513, 6.89153]},
			"faces": {
				"north": {"uv": [9, 0.5, 10, 1.5], "rotation": 270, "texture": "#0"},
				"east": {"uv": [9, 0.5, 10, 1.5], "texture": "#0"},
				"south": {"uv": [9, 0.5, 10, 1.5], "rotation": 90, "texture": "#0"},
				"west": {"uv": [9, 0.5, 10, 1.5], "rotation": 180, "texture": "#0"},
				"up": {"uv": [9.5, 0.5, 10.5, 1.5], "rotation": 90, "texture": "#0"},
				"down": {"uv": [9.5, 0.5, 10.5, 1.5], "rotation": 90, "texture": "#0"}
			}
		},
		{
			"name": "bone",
			"from": [3.96972, -3.42202, 12.53427],
			"to": [4.57956, 2.7635, 13.18767],
			"rotation": {"angle": -45, "axis": "x", "origin": [4.28553, 5.66476, 6.86652]},
			"faces": {
				"north": {"uv": [9, 0.5, 10, 1.5], "rotation": 270, "texture": "#0"},
				"east": {"uv": [9, 0.5, 10, 1.5], "rotation": 270, "texture": "#0"},
				"south": {"uv": [9, 0.5, 10, 1.5], "rotation": 90, "texture": "#0"},
				"west": {"uv": [9, 0.5, 10, 1.5], "rotation": 270, "texture": "#0"},
				"up": {"uv": [9.5, 0.5, 10.5, 1.5], "rotation": 90, "texture": "#0"},
				"down": {"uv": [9.5, 0.5, 10.5, 1.5], "rotation": 90, "texture": "#0"}
			}
		},
		{
			"name": "bone",
			"from": [4.01328, -4.23174, 15.53047],
			"to": [4.57956, -0.31134, 16.18387],
			"rotation": {"angle": -22.5, "axis": "x", "origin": [4.30731, 5.66476, 6.86653]},
			"faces": {
				"north": {"uv": [9, 0.5, 10, 1.5], "rotation": 270, "texture": "#0"},
				"east": {"uv": [9, 0.5, 10, 1.5], "rotation": 270, "texture": "#0"},
				"south": {"uv": [9, 0.5, 10, 1.5], "rotation": 90, "texture": "#0"},
				"west": {"uv": [9, 0.5, 10, 1.5], "rotation": 270, "texture": "#0"},
				"up": {"uv": [9.5, 0.5, 10.5, 1.5], "rotation": 90, "texture": "#0"},
				"down": {"uv": [9.5, 0.5, 10.5, 1.5], "rotation": 90, "texture": "#0"}
			}
		},
		{
			"name": "flap",
			"from": [4.27464, 0.01642, 8.28868],
			"to": [4.30764, 8.51062, 18.96088],
			"rotation": {"angle": 0, "axis": "y", "origin": [4.26375, 5.70009, 6.89013]},
			"faces": {
				"north": {"uv": [0.941, 0.941, 4.352, 1.691], "rotation": 270, "texture": "#1"},
				"east": {"uv": [0, 0, 16, 16], "rotation": 270, "texture": "#2"},
				"south": {"uv": [0.471, 0.471, 4.823, 1.221], "rotation": 90, "texture": "#1"},
				"west": {"uv": [0, 0, 16, 16], "rotation": 270, "texture": "#1"},
				"up": {"uv": [0.941, 0.941, 2.941, 1.691], "rotation": 90, "texture": "#1"},
				"down": {"uv": [1.412, 0.941, 3.412, 1.691], "rotation": 90, "texture": "#1"}
			}
		},
		{
			"name": "tendon",
			"from": [4.11129, 4.6594, 11.23131],
			"to": [4.35087, 7.01164, 11.66691],
			"rotation": {"angle": -22.5, "axis": "x", "origin": [4.26375, 5.70009, 6.89013]},
			"faces": {
				"north": {"uv": [9, 0.5, 10, 1.5], "rotation": 270, "texture": "#0"},
				"east": {"uv": [9, 0.5, 10, 1.5], "rotation": 270, "texture": "#0"},
				"south": {"uv": [9, 0.5, 10, 1.5], "rotation": 90, "texture": "#0"},
				"west": {"uv": [9, 0.5, 10, 1.5], "rotation": 270, "texture": "#0"},
				"up": {"uv": [9.5, 0.5, 10.5, 1.5], "rotation": 90, "texture": "#0"},
				"down": {"uv": [9.5, 0.5, 10.5, 1.5], "rotation": 90, "texture": "#0"}
			}
		},
		{
			"name": "tendon",
			"from": [4.12218, 5.33627, 10.56811],
			"to": [4.33998, 8.34191, 11.00371],
			"rotation": {"angle": 22.5, "axis": "x", "origin": [4.26375, 5.70009, 6.89013]},
			"faces": {
				"north": {"uv": [9, 0.5, 10, 1.5], "rotation": 270, "texture": "#0"},
				"east": {"uv": [9, 0.5, 10, 1.5], "rotation": 270, "texture": "#0"},
				"south": {"uv": [9, 0.5, 10, 1.5], "rotation": 90, "texture": "#0"},
				"west": {"uv": [9, 0.5, 10, 1.5], "rotation": 270, "texture": "#0"},
				"up": {"uv": [9.5, 0.5, 10.5, 1.5], "rotation": 90, "texture": "#0"},
				"down": {"uv": [9.5, 0.5, 10.5, 1.5], "rotation": 90, "texture": "#0"}
			}
		},
		{
			"name": "tendon",
			"from": [4.11129, 2.2636, 12.97371],
			"to": [4.35087, 5.70484, 13.40931],
			"rotation": {"angle": -22.5, "axis": "x", "origin": [4.26375, 5.70009, 6.89013]},
			"faces": {
				"north": {"uv": [9, 0.5, 10, 1.5], "rotation": 270, "texture": "#0"},
				"east": {"uv": [9, 0.5, 10, 1.5], "rotation": 270, "texture": "#0"},
				"south": {"uv": [9, 0.5, 10, 1.5], "rotation": 90, "texture": "#0"},
				"west": {"uv": [9, 0.5, 10, 1.5], "rotation": 270, "texture": "#0"},
				"up": {"uv": [9.5, 0.5, 10.5, 1.5], "rotation": 90, "texture": "#0"},
				"down": {"uv": [9.5, 0.5, 10.5, 1.5], "rotation": 90, "texture": "#0"}
			}
		},
		{
			"name": "tendon",
			"from": [4.12218, 8.73129, 16.02848],
			"to": [4.33998, 10.29945, 16.46408],
			"rotation": {"angle": 45, "axis": "x", "origin": [4.26375, 5.70009, 6.89013]},
			"faces": {
				"north": {"uv": [9, 0.5, 10, 1.5], "rotation": 270, "texture": "#0"},
				"east": {"uv": [9, 0.5, 10, 1.5], "rotation": 270, "texture": "#0"},
				"south": {"uv": [9, 0.5, 10, 1.5], "rotation": 90, "texture": "#0"},
				"west": {"uv": [9, 0.5, 10, 1.5], "rotation": 270, "texture": "#0"},
				"up": {"uv": [9.5, 0.5, 10.5, 1.5], "rotation": 90, "texture": "#0"},
				"down": {"uv": [9.5, 0.5, 10.5, 1.5], "rotation": 90, "texture": "#0"}
			}
		},
		{
			"name": "tendon",
			"from": [4.11129, 6.28016, 17.06483],
			"to": [4.35087, 7.88099, 17.50043],
			"rotation": {"angle": 22.5, "axis": "x", "origin": [4.26375, 5.70009, 6.89013]},
			"faces": {
				"north": {"uv": [9, 0.5, 10, 1.5], "rotation": 270, "texture": "#0"},
				"east": {"uv": [9, 0.5, 10, 1.5], "rotation": 270, "texture": "#0"},
				"south": {"uv": [9, 0.5, 10, 1.5], "rotation": 90, "texture": "#0"},
				"west": {"uv": [9, 0.5, 10, 1.5], "rotation": 270, "texture": "#0"},
				"up": {"uv": [9.5, 0.5, 10.5, 1.5], "rotation": 90, "texture": "#0"},
				"down": {"uv": [9.5, 0.5, 10.5, 1.5], "rotation": 90, "texture": "#0"}
			}
		},
		{
			"name": "tendon",
			"from": [4.12218, 5.22273, 13.49426],
			"to": [4.33998, 7.87989, 13.92986],
			"rotation": {"angle": 22.5, "axis": "x", "origin": [4.26375, 5.70009, 6.89013]},
			"faces": {
				"north": {"uv": [9, 0.5, 10, 1.5], "rotation": 270, "texture": "#0"},
				"east": {"uv": [9, 0.5, 10, 1.5], "rotation": 270, "texture": "#0"},
				"south": {"uv": [9, 0.5, 10, 1.5], "rotation": 90, "texture": "#0"},
				"west": {"uv": [9, 0.5, 10, 1.5], "rotation": 270, "texture": "#0"},
				"up": {"uv": [9.5, 0.5, 10.5, 1.5], "rotation": 90, "texture": "#0"},
				"down": {"uv": [9.5, 0.5, 10.5, 1.5], "rotation": 90, "texture": "#0"}
			}
		},
		{
			"name": "joint",
			"from": [11.31154, 5.02582, 6.98188],
			"to": [12.18274, 6.33262, 8.28868],
			"rotation": {"angle": 0, "axis": "y", "origin": [11.73625, 5.70009, 6.89013]},
			"faces": {
				"north": {"uv": [9, 0.5, 10, 1.5], "rotation": 90, "texture": "#0"},
				"east": {"uv": [9, 0.5, 10, 1.5], "rotation": 270, "texture": "#0"},
				"south": {"uv": [9, 0.5, 10, 1.5], "rotation": 270, "texture": "#0"},
				"west": {"uv": [9, 0.5, 10, 1.5], "rotation": 270, "texture": "#0"},
				"up": {"uv": [9.5, 0.5, 10.5, 1.5], "rotation": 270, "texture": "#0"},
				"down": {"uv": [9.5, 0.5, 10.5, 1.5], "rotation": 270, "texture": "#0"}
			}
		},
		{
			"name": "bone",
			"from": [11.42044, 4.85362, 7.6884],
			"to": [12.07384, 5.50702, 12.0444],
			"rotation": {"angle": -45, "axis": "x", "origin": [11.73625, 5.70009, 6.89013]},
			"faces": {
				"north": {"uv": [9, 0.5, 10, 1.5], "rotation": 90, "texture": "#0"},
				"east": {"uv": [9, 0.5, 10, 1.5], "rotation": 270, "texture": "#0"},
				"south": {"uv": [9, 0.5, 10, 1.5], "rotation": 270, "texture": "#0"},
				"west": {"uv": [9, 0.5, 10, 1.5], "rotation": 270, "texture": "#0"},
				"up": {"uv": [9.5, 0.5, 10.5, 1.5], "rotation": 270, "texture": "#0"},
				"down": {"uv": [9.5, 0.5, 10.5, 1.5], "rotation": 270, "texture": "#0"}
			}
		},
		{
			"name": "bone",
			"from": [11.42044, 9.7361, 9.05065],
			"to": [12.05206, 10.3895, 11.99095],
			"rotation": {"angle": 22.5, "axis": "x", "origin": [11.72536, 5.72513, 6.89153]},
			"faces": {
				"north": {"uv": [9, 0.5, 10, 1.5], "rotation": 90, "texture": "#0"},
				"east": {"uv": [9, 0.5, 10, 1.5], "rotation": 180, "texture": "#0"},
				"south": {"uv": [9, 0.5, 10, 1.5], "rotation": 270, "texture": "#0"},
				"west": {"uv": [9, 0.5, 10, 1.5], "texture": "#0"},
				"up": {"uv": [9.5, 0.5, 10.5, 1.5], "rotation": 270, "texture": "#0"},
				"down": {"uv": [9.5, 0.5, 10.5, 1.5], "rotation": 270, "texture": "#0"}
			}
		},
		{
			"name": "bone",
			"from": [11.42044, 11.33251, 9.76779],
			"to": [12.03028, 11.98591, 15.95331],
			"rotation": {"angle": 45, "axis": "x", "origin": [11.71447, 5.66476, 6.86652]},
			"faces": {
				"north": {"uv": [9, 0.5, 10, 1.5], "rotation": 90, "texture": "#0"},
				"east": {"uv": [9, 0.5, 10, 1.5], "rotation": 180, "texture": "#0"},
				"south": {"uv": [9, 0.5, 10, 1.5], "rotation": 270, "texture": "#0"},
				"west": {"uv": [9, 0.5, 10, 1.5], "texture": "#0"},
				"up": {"uv": [9.5, 0.5, 10.5, 1.5], "rotation": 270, "texture": "#0"},
				"down": {"uv": [9.5, 0.5, 10.5, 1.5], "rotation": 270, "texture": "#0"}
			}
		},
		{
			"name": "bone",
			"from": [11.42044, -4.23174, 15.53047],
			"to": [11.98672, -0.31134, 16.18387],
			"rotation": {"angle": -22.5, "axis": "x", "origin": [11.69269, 5.66476, 6.86653]},
			"faces": {
				"north": {"uv": [9, 0.5, 10, 1.5], "rotation": 90, "texture": "#0"},
				"east": {"uv": [9, 0.5, 10, 1.5], "rotation": 270, "texture": "#0"},
				"south": {"uv": [9, 0.5, 10, 1.5], "rotation": 270, "texture": "#0"},
				"west": {"uv": [9, 0.5, 10, 1.5], "rotation": 270, "texture": "#0"},
				"up": {"uv": [9.5, 0.5, 10.5, 1.5], "rotation": 270, "texture": "#0"},
				"down": {"uv": [9.5, 0.5, 10.5, 1.5], "rotation": 270, "texture": "#0"}
			}
		},
		{
			"name": "flap",
			"from": [11.69236, 0.01642, 8.28868],
			"to": [11.72536, 8.51062, 18.96088],
			"rotation": {"angle": 0, "axis": "y", "origin": [11.73625, 5.70009, 6.89013]},
			"faces": {
				"north": {"uv": [3.882, 0.471, 1.412, 1.221], "rotation": 90, "texture": "#1"},
				"east": {"uv": [0, 16, 16, 0], "rotation": 270, "texture": "#1"},
				"south": {"uv": [4.353, 0.941, 1.412, 1.691], "rotation": 270, "texture": "#1"},
				"west": {"uv": [0, 16, 16, 0], "rotation": 270, "texture": "#2"},
				"up": {"uv": [3.412, 0.941, 1.412, 1.691], "rotation": 270, "texture": "#1"},
				"down": {"uv": [3.412, 0.941, 1.412, 1.691], "rotation": 270, "texture": "#1"}
			}
		},
		{
			"name": "tendon",
			"from": [11.64913, 4.6594, 11.23131],
			"to": [11.88871, 7.01164, 11.66691],
			"rotation": {"angle": -22.5, "axis": "x", "origin": [11.73625, 5.70009, 6.89013]},
			"faces": {
				"north": {"uv": [9, 0.5, 10, 1.5], "rotation": 90, "texture": "#0"},
				"east": {"uv": [9, 0.5, 10, 1.5], "rotation": 270, "texture": "#0"},
				"south": {"uv": [9, 0.5, 10, 1.5], "rotation": 270, "texture": "#0"},
				"west": {"uv": [9, 0.5, 10, 1.5], "rotation": 270, "texture": "#0"},
				"up": {"uv": [9.5, 0.5, 10.5, 1.5], "rotation": 270, "texture": "#0"},
				"down": {"uv": [9.5, 0.5, 10.5, 1.5], "rotation": 270, "texture": "#0"}
			}
		},
		{
			"name": "tendon",
			"from": [11.66002, 5.33627, 10.56811],
			"to": [11.87782, 8.34191, 11.00371],
			"rotation": {"angle": 22.5, "axis": "x", "origin": [11.73625, 5.70009, 6.89013]},
			"faces": {
				"north": {"uv": [9, 0.5, 10, 1.5], "rotation": 90, "texture": "#0"},
				"east": {"uv": [9, 0.5, 10, 1.5], "rotation": 270, "texture": "#0"},
				"south": {"uv": [9, 0.5, 10, 1.5], "rotation": 270, "texture": "#0"},
				"west": {"uv": [9, 0.5, 10, 1.5], "rotation": 270, "texture": "#0"},
				"up": {"uv": [9.5, 0.5, 10.5, 1.5], "rotation": 270, "texture": "#0"},
				"down": {"uv": [9.5, 0.5, 10.5, 1.5], "rotation": 270, "texture": "#0"}
			}
		},
		{
			"name": "tendon",
			"from": [11.64913, 2.2636, 12.97371],
			"to": [11.88871, 5.70484, 13.40931],
			"rotation": {"angle": -22.5, "axis": "x", "origin": [11.73625, 5.70009, 6.89013]},
			"faces": {
				"north": {"uv": [9, 0.5, 10, 1.5], "rotation": 90, "texture": "#0"},
				"east": {"uv": [9, 0.5, 10, 1.5], "rotation": 270, "texture": "#0"},
				"south": {"uv": [9, 0.5, 10, 1.5], "rotation": 270, "texture": "#0"},
				"west": {"uv": [9, 0.5, 10, 1.5], "rotation": 270, "texture": "#0"},
				"up": {"uv": [9.5, 0.5, 10.5, 1.5], "rotation": 270, "texture": "#0"},
				"down": {"uv": [9.5, 0.5, 10.5, 1.5], "rotation": 270, "texture": "#0"}
			}
		},
		{
			"name": "tendon",
			"from": [11.66002, 8.73129, 16.02848],
			"to": [11.87782, 10.29945, 16.46408],
			"rotation": {"angle": 45, "axis": "x", "origin": [11.73625, 5.70009, 6.89013]},
			"faces": {
				"north": {"uv": [9, 0.5, 10, 1.5], "rotation": 90, "texture": "#0"},
				"east": {"uv": [9, 0.5, 10, 1.5], "rotation": 270, "texture": "#0"},
				"south": {"uv": [9, 0.5, 10, 1.5], "rotation": 270, "texture": "#0"},
				"west": {"uv": [9, 0.5, 10, 1.5], "rotation": 270, "texture": "#0"},
				"up": {"uv": [9.5, 0.5, 10.5, 1.5], "rotation": 270, "texture": "#0"},
				"down": {"uv": [9.5, 0.5, 10.5, 1.5], "rotation": 270, "texture": "#0"}
			}
		},
		{
			"name": "tendon",
			"from": [11.64913, 6.28016, 17.06483],
			"to": [11.88871, 7.88099, 17.50043],
			"rotation": {"angle": 22.5, "axis": "x", "origin": [11.73625, 5.70009, 6.89013]},
			"faces": {
				"north": {"uv": [9, 0.5, 10, 1.5], "rotation": 90, "texture": "#0"},
				"east": {"uv": [9, 0.5, 10, 1.5], "rotation": 270, "texture": "#0"},
				"south": {"uv": [9, 0.5, 10, 1.5], "rotation": 270, "texture": "#0"},
				"west": {"uv": [9, 0.5, 10, 1.5], "rotation": 270, "texture": "#0"},
				"up": {"uv": [9.5, 0.5, 10.5, 1.5], "rotation": 270, "texture": "#0"},
				"down": {"uv": [9.5, 0.5, 10.5, 1.5], "rotation": 270, "texture": "#0"}
			}
		},
		{
			"name": "tendon",
			"from": [11.66002, 5.22273, 13.49426],
			"to": [11.87782, 7.87989, 13.92986],
			"rotation": {"angle": 22.5, "axis": "x", "origin": [11.73625, 5.70009, 6.89013]},
			"faces": {
				"north": {"uv": [9, 0.5, 10, 1.5], "rotation": 90, "texture": "#0"},
				"east": {"uv": [9, 0.5, 10, 1.5], "rotation": 270, "texture": "#0"},
				"south": {"uv": [9, 0.5, 10, 1.5], "rotation": 270, "texture": "#0"},
				"west": {"uv": [9, 0.5, 10, 1.5], "rotation": 270, "texture": "#0"},
				"up": {"uv": [9.5, 0.5, 10.5, 1.5], "rotation": 270, "texture": "#0"},
				"down": {"uv": [9.5, 0.5, 10.5, 1.5], "rotation": 270, "texture": "#0"}
			}
		}
	],
	"display": {
		"head": {
			"translation": [0, -22.3, 0],
			"scale": [1.5, 1.5, 1.5]
		}
	},
	"groups": [
		{
			"name": "BodyLegs",
			"origin": [4.25, -8.25, 3],
			"children": [0, 1, 2, 3, 4, 5, 6, 7, 8, 9, 10, 11, 12, 13, 14, 15, 16, 17]
		},
		{
			"name": "Head",
			"origin": [8, 8, 3.75],
			"children": [18, 19, 20, 21, 22, 23, 24, 25, 26, 27, 28, 29, 30, 31, 32, 33, 34, 35, 36, 37, 38]
		},
		{
			"name": "Tail",
			"origin": [8, -4.87225, 23.36054],
			"children": [39, 40, 41]
		},
		{
			"name": "dragwingleft",
			"origin": [8, 8, 8],
			"children": [
				{
					"name": "dragonwingleft",
					"origin": [8, 8, 8],
					"children": [42, 43, 44, 45, 46, 47, 48, 49, 50, 51, 52, 53]
				}
			]
		},
		{
			"name": "dragwingright",
			"origin": [8, 8, 8],
			"children": [
				{
					"name": "dragonwingright",
					"origin": [8, 8, 8],
					"children": [54, 55, 56, 57, 58, 59, 60, 61, 62, 63, 64, 65]
				}
			]
		}
	]
}