{
	"credit": "Made with Blockbench",
	"textures": {
		"8": "blocks/blackdragonwingup",
		"9": "blocks/blackdragonwingdown",
		"10": "blocks/p4blackdragon",
		"particle": "blocks/p4blackdragon"
	},
	"elements": [
		{
			"name": "body",
			"from": [4.04, -1.32, 4.98],
			"to": [11.96, 5.94, 10.92],
			"rotation": {"angle": 0, "axis": "y", "origin": [8, 5.28, 3]},
			"faces": {
				"north": {"uv": [0.5, 0, 7, 8], "texture": "#10"},
				"east": {"uv": [1, 0, 8, 8], "texture": "#10"},
				"south": {"uv": [0, 0, 8, 8], "texture": "#10"},
				"west": {"uv": [1, 0, 8, 8], "texture": "#10"},
				"up": {"uv": [0, 0, 8, 5], "texture": "#10"},
				"down": {"uv": [0.5, 0, 6.5, 4.5], "texture": "#10"}
			}
		},
		{
			"name": "body",
			"from": [4.7, -0.66, 0.36],
			"to": [11.3, 5.94, 4.98],
			"rotation": {"angle": 0, "axis": "y", "origin": [8, 5.28, 3]},
			"faces": {
				"north": {"uv": [0.5, 0, 6.5, 8], "texture": "#10"},
				"east": {"uv": [0.5, 0, 6.5, 8], "texture": "#10"},
				"south": {"uv": [0, 0, 8, 8], "texture": "#10"},
				"west": {"uv": [0.5, 0, 6.5, 8], "texture": "#10"},
				"up": {"uv": [0.5, 0, 7.5, 5], "texture": "#10"},
				"down": {"uv": [0.5, 0, 6.5, 4.5], "texture": "#10"}
			}
		},
		{
			"name": "neck",
			"from": [6.02, 1.32, -4.94],
			"to": [9.98, 5.94, 1],
			"rotation": {"angle": 0, "axis": "x", "origin": [8, 5.28, 1]},
			"faces": {
				"north": {"uv": [0, 0, 3, 3.5], "texture": "#10"},
				"east": {"uv": [0, 0, 4.5, 3.5], "texture": "#10"},
				"south": {"uv": [0, 0, 3, 3.5], "texture": "#10"},
				"west": {"uv": [0, 0, 4.5, 3.5], "texture": "#10"},
				"up": {"uv": [0, 0, 3, 4.5], "texture": "#10"},
				"down": {"uv": [0, 0, 5.5, 4.5], "texture": "#10"}
			}
		},
		{
			"name": "spine",
			"from": [7.67, 6.798, -1.64],
			"to": [8.33, 8.778, 0.34],
			"rotation": {"angle": -45, "axis": "x", "origin": [8, 5.28, 1]},
			"faces": {
				"north": {"uv": [1, 8, 1.5, 8.5], "texture": "#10"},
				"east": {"uv": [1, 8, 1.5, 8.5], "texture": "#10"},
				"south": {"uv": [1, 8, 1.5, 8.5], "texture": "#10"},
				"west": {"uv": [1, 8, 1.5, 8.5], "texture": "#10"},
				"up": {"uv": [1, 8, 1.5, 8.5], "texture": "#10"},
				"down": {"uv": [1, 8, 1.5, 8.5], "texture": "#10"}
			}
		},
		{
			"name": "spine",
			"from": [7.67, 4.752, 3.594],
			"to": [8.33, 6.732, 5.574],
			"rotation": {"angle": -45, "axis": "x", "origin": [8, 7.26, 4.98]},
			"faces": {
				"north": {"uv": [1, 8, 1.5, 8.5], "texture": "#10"},
				"east": {"uv": [1, 8, 1.5, 8.5], "texture": "#10"},
				"south": {"uv": [1, 8, 1.5, 8.5], "texture": "#10"},
				"west": {"uv": [1, 8, 1.5, 8.5], "texture": "#10"},
				"up": {"uv": [1, 8, 1.5, 8.5], "texture": "#10"},
				"down": {"uv": [1, 8, 1.5, 8.5], "texture": "#10"}
			}
		},
		{
			"name": "spine",
			"from": [7.67, 2.112, 6.234],
			"to": [8.33, 4.092, 8.214],
			"rotation": {"angle": -45, "axis": "x", "origin": [8, 7.26, 4.98]},
			"faces": {
				"north": {"uv": [1, 8, 1.5, 8.5], "texture": "#10"},
				"east": {"uv": [1, 8, 1.5, 8.5], "texture": "#10"},
				"south": {"uv": [1, 8, 1.5, 8.5], "texture": "#10"},
				"west": {"uv": [1, 8, 1.5, 8.5], "texture": "#10"},
				"up": {"uv": [1, 8, 1.5, 8.5], "texture": "#10"},
				"down": {"uv": [1, 8, 1.5, 8.5], "texture": "#10"}
			}
		},
		{
			"name": "leg",
			"from": [2.72, -5.28, 5.64],
			"to": [5.36, 1.98, 8.28],
			"rotation": {"angle": 0, "axis": "y", "origin": [8, 5.28, 3.66]},
			"faces": {
				"north": {"uv": [0, 0, 2, 5.5], "texture": "#10"},
				"east": {"uv": [0, 0, 2, 5.5], "texture": "#10"},
				"south": {"uv": [0, 0, 2, 5.5], "texture": "#10"},
				"west": {"uv": [0, 0, 2, 5.5], "texture": "#10"},
				"up": {"uv": [0, 0, 2, 2], "texture": "#10"},
				"down": {"uv": [0, 0, 2, 2], "texture": "#10"}
			}
		},
		{
			"name": "leg",
			"from": [10.64, -5.28, 5.64],
			"to": [13.28, 1.98, 8.28],
			"rotation": {"angle": 0, "axis": "y", "origin": [14.6, 5.28, 3.66]},
			"faces": {
				"north": {"uv": [0, 0, 2, 5.5], "texture": "#10"},
				"east": {"uv": [0, 0, 2, 5.5], "texture": "#10"},
				"south": {"uv": [0, 0, 2, 5.5], "texture": "#10"},
				"west": {"uv": [0, 0, 2, 5.5], "texture": "#10"},
				"up": {"uv": [0, 0, 2, 2], "texture": "#10"},
				"down": {"uv": [0, 0, 2, 2], "texture": "#10"}
			}
		},
		{
			"name": "leg",
			"from": [2.39, -9.9, 7.62],
			"to": [5.69, -3.96, 11.58],
			"rotation": {"angle": 0, "axis": "y", "origin": [8, 5.28, 3.66]},
			"faces": {
				"north": {"uv": [0, 0, 2.5, 4.5], "texture": "#10"},
				"east": {"uv": [0, 0, 3, 4.5], "texture": "#10"},
				"south": {"uv": [0, 0, 2.5, 4.5], "texture": "#10"},
				"west": {"uv": [0, 0, 3, 4.5], "texture": "#10"},
				"up": {"uv": [0, 0, 2.5, 3], "texture": "#10"},
				"down": {"uv": [0, 0, 2.5, 3], "texture": "#10"}
			}
		},
		{
			"name": "leg",
			"from": [10.31, -9.9, 7.62],
			"to": [13.61, -3.96, 11.58],
			"rotation": {"angle": 0, "axis": "y", "origin": [14.6, 5.28, 3.66]},
			"faces": {
				"north": {"uv": [0, 0, 2.5, 4.5], "texture": "#10"},
				"east": {"uv": [0, 0, 3, 4.5], "texture": "#10"},
				"south": {"uv": [0, 0, 2.5, 4.5], "texture": "#10"},
				"west": {"uv": [0, 0, 3, 4.5], "texture": "#10"},
				"up": {"uv": [0, 0, 2.5, 3], "texture": "#10"},
				"down": {"uv": [0, 0, 2.5, 3], "texture": "#10"}
			}
		},
		{
			"name": "toe",
			"from": [12.95, -9.9, 6.96],
			"to": [13.61, -9.24, 7.62],
			"rotation": {"angle": 0, "axis": "y", "origin": [14.6, 5.28, 3.66]},
			"faces": {
				"north": {"uv": [1, 8, 1.5, 8.5], "texture": "#10"},
				"east": {"uv": [1, 8, 1.5, 8.5], "texture": "#10"},
				"south": {"uv": [1, 8, 1.5, 8.5], "texture": "#10"},
				"west": {"uv": [1, 8, 1.5, 8.5], "texture": "#10"},
				"up": {"uv": [1, 8, 1.5, 8.5], "texture": "#10"},
				"down": {"uv": [1, 8, 1.5, 8.5], "texture": "#10"}
			}
		},
		{
			"name": "toe",
			"from": [11.63, -9.9, 6.96],
			"to": [12.29, -9.24, 7.62],
			"rotation": {"angle": 0, "axis": "y", "origin": [14.6, 5.28, 3.66]},
			"faces": {
				"north": {"uv": [1, 8, 1.5, 8.5], "texture": "#10"},
				"east": {"uv": [1, 8, 1.5, 8.5], "texture": "#10"},
				"south": {"uv": [1, 8, 1.5, 8.5], "texture": "#10"},
				"west": {"uv": [1, 8, 1.5, 8.5], "texture": "#10"},
				"up": {"uv": [1, 8, 1.5, 8.5], "texture": "#10"},
				"down": {"uv": [1, 8, 1.5, 8.5], "texture": "#10"}
			}
		},
		{
			"name": "toe",
			"from": [10.31, -9.9, 6.96],
			"to": [10.97, -9.24, 7.62],
			"rotation": {"angle": 0, "axis": "y", "origin": [14.6, 5.28, 3.66]},
			"faces": {
				"north": {"uv": [1, 8, 1.5, 8.5], "texture": "#10"},
				"east": {"uv": [1, 8, 1.5, 8.5], "texture": "#10"},
				"south": {"uv": [1, 8, 1.5, 8.5], "texture": "#10"},
				"west": {"uv": [1, 8, 1.5, 8.5], "texture": "#10"},
				"up": {"uv": [1, 8, 1.5, 8.5], "texture": "#10"},
				"down": {"uv": [1, 8, 1.5, 8.5], "texture": "#10"}
			}
		},
		{
			"name": "toe",
			"from": [5.03, -9.9, 6.96],
			"to": [5.69, -9.24, 7.62],
			"rotation": {"angle": 0, "axis": "y", "origin": [14.6, 5.28, 3.66]},
			"faces": {
				"north": {"uv": [1, 8, 1.5, 8.5], "texture": "#10"},
				"east": {"uv": [1, 8, 1.5, 8.5], "texture": "#10"},
				"south": {"uv": [1, 8, 1.5, 8.5], "texture": "#10"},
				"west": {"uv": [1, 8, 1.5, 8.5], "texture": "#10"},
				"up": {"uv": [1, 8, 1.5, 8.5], "texture": "#10"},
				"down": {"uv": [1, 8, 1.5, 8.5], "texture": "#10"}
			}
		},
		{
			"name": "toe",
			"from": [3.71, -9.9, 6.96],
			"to": [4.37, -9.24, 7.62],
			"rotation": {"angle": 0, "axis": "y", "origin": [14.6, 5.28, 3.66]},
			"faces": {
				"north": {"uv": [1, 8, 1.5, 8.5], "texture": "#10"},
				"east": {"uv": [1, 8, 1.5, 8.5], "texture": "#10"},
				"south": {"uv": [1, 8, 1.5, 8.5], "texture": "#10"},
				"west": {"uv": [1, 8, 1.5, 8.5], "texture": "#10"},
				"up": {"uv": [1, 8, 1.5, 8.5], "texture": "#10"},
				"down": {"uv": [1, 8, 1.5, 8.5], "texture": "#10"}
			}
		},
		{
			"name": "toe",
			"from": [2.39, -9.9, 6.96],
			"to": [3.05, -9.24, 7.62],
			"rotation": {"angle": 0, "axis": "y", "origin": [14.6, 5.28, 3.66]},
			"faces": {
				"north": {"uv": [1, 8, 1.5, 8.5], "texture": "#10"},
				"east": {"uv": [1, 8, 1.5, 8.5], "texture": "#10"},
				"south": {"uv": [1, 8, 1.5, 8.5], "texture": "#10"},
				"west": {"uv": [1, 8, 1.5, 8.5], "texture": "#10"},
				"up": {"uv": [1, 8, 1.5, 8.5], "texture": "#10"},
				"down": {"uv": [1, 8, 1.5, 8.5], "texture": "#10"}
			}
		},
		{
			"name": "toe",
			"from": [9.65, -9.9, 8.94],
			"to": [10.31, -9.24, 9.6],
			"rotation": {"angle": 0, "axis": "y", "origin": [14.6, 5.28, 2.34]},
			"faces": {
				"north": {"uv": [1, 8, 1.5, 8.5], "texture": "#10"},
				"east": {"uv": [1, 8, 1.5, 8.5], "texture": "#10"},
				"south": {"uv": [1, 8, 1.5, 8.5], "texture": "#10"},
				"west": {"uv": [1, 8, 1.5, 8.5], "texture": "#10"},
				"up": {"uv": [1, 8, 1.5, 8.5], "texture": "#10"},
				"down": {"uv": [1, 8, 1.5, 8.5], "texture": "#10"}
			}
		},
		{
			"name": "toe",
			"from": [5.69, -9.9, 8.94],
			"to": [6.35, -9.24, 9.6],
			"rotation": {"angle": 0, "axis": "y", "origin": [14.6, 5.28, 2.34]},
			"faces": {
				"north": {"uv": [1, 8, 1.5, 8.5], "texture": "#10"},
				"east": {"uv": [1, 8, 1.5, 8.5], "texture": "#10"},
				"south": {"uv": [1, 8, 1.5, 8.5], "texture": "#10"},
				"west": {"uv": [1, 8, 1.5, 8.5], "texture": "#10"},
				"up": {"uv": [1, 8, 1.5, 8.5], "texture": "#10"},
				"down": {"uv": [1, 8, 1.5, 8.5], "texture": "#10"}
			}
		},
		{
			"name": "tail",
			"from": [6.02, 2.64, 10.689],
			"to": [9.98, 5.94, 20.589],
			"rotation": {"angle": 22.5, "axis": "x", "origin": [8, 5.28, 10.92]},
			"faces": {
				"north": {"uv": [0, 0, 3, 2.5], "texture": "#10"},
				"east": {"uv": [0, 0, 7.5, 2.5], "texture": "#10"},
				"south": {"uv": [0, 0, 3, 2.5], "texture": "#10"},
				"west": {"uv": [0, 0, 7.5, 2.5], "texture": "#10"},
				"up": {"uv": [0, 0, 3.5, 7.5], "texture": "#10"},
				"down": {"uv": [0, 0, 3.5, 7.5], "texture": "#10"}
			}
		},
		{
			"name": "tail",
			"from": [6.68, -0.66, 18.84],
			"to": [9.32, 1.98, 26.1],
			"rotation": {"angle": 0, "axis": "y", "origin": [8, 4.95, 10.656]},
			"faces": {
				"north": {"uv": [0, 0, 2, 2], "texture": "#10"},
				"east": {"uv": [0, 0, 5.5, 2], "texture": "#10"},
				"south": {"uv": [0, 0, 2, 2], "texture": "#10"},
				"west": {"uv": [0, 0, 5.5, 2], "texture": "#10"},
				"up": {"uv": [0, 0, 2, 5.5], "texture": "#10"},
				"down": {"uv": [0, 0, 2, 5.5], "texture": "#10"}
			}
		},
		{
			"name": "tail",
			"from": [7.34, 0, 26.1],
			"to": [8.66, 1.32, 30.06],
			"rotation": {"angle": 0, "axis": "y", "origin": [8, 4.95, 10.656]},
			"faces": {
				"north": {"uv": [0, 0, 1, 1], "texture": "#10"},
				"east": {"uv": [0, 0, 3, 1], "texture": "#10"},
				"south": {"uv": [0, 0, 1, 1], "texture": "#10"},
				"west": {"uv": [0, 0, 3, 1], "texture": "#10"},
				"up": {"uv": [0, 0, 1, 3], "texture": "#10"},
				"down": {"uv": [0, 0, 1, 3], "texture": "#10"}
			}
		},
		{
			"name": "joint",
			"from": [2.72, 3.61488, 0.64188],
			"to": [4.7, 5.59488, 2.21188],
			"rotation": {"angle": -45, "axis": "z", "origin": [4.83902, 4.6365, 1.31838]},
			"faces": {
				"north": {"uv": [1, 8, 1.5, 8.5], "rotation": 270, "texture": "#10"},
				"east": {"uv": [1, 8, 1.5, 8.5], "rotation": 270, "texture": "#10"},
				"south": {"uv": [1, 8, 1.5, 8.5], "rotation": 270, "texture": "#10"},
				"west": {"uv": [1, 8, 1.5, 8.5], "rotation": 90, "texture": "#10"},
				"up": {"uv": [1, 8, 1.5, 8.5], "rotation": 180, "texture": "#10"},
				"down": {"uv": [1, 8, 1.5, 8.5], "texture": "#10"}
			}
		},
		{
			"name": "bone",
			"from": [3.55649, 5.846, 0.80688],
			"to": [4.54649, 12.446, 1.79688],
			"rotation": {"angle": 0, "axis": "z", "origin": [4.83902, 4.6365, 1.31838]},
			"faces": {
				"north": {"uv": [1, 8, 1.5, 8.5], "rotation": 180, "texture": "#10"},
				"east": {"uv": [1, 8, 1.5, 8.5], "rotation": 270, "texture": "#10"},
				"south": {"uv": [1, 8, 1.5, 8.5], "texture": "#10"},
				"west": {"uv": [1, 8, 1.5, 8.5], "rotation": 90, "texture": "#10"},
				"up": {"uv": [1, 8, 1.5, 8.5], "rotation": 180, "texture": "#10"},
				"down": {"uv": [1, 8, 1.5, 8.5], "texture": "#10"}
			}
		},
		{
			"name": "bone",
			"from": [-2.88949, 10.75167, 0.83988],
			"to": [1.56551, 11.74167, 1.79688],
			"rotation": {"angle": -22.5, "axis": "z", "origin": [4.83902, 4.6365, 1.31838]},
			"faces": {
				"north": {"uv": [1, 8, 1.5, 8.5], "rotation": 180, "texture": "#10"},
				"east": {"uv": [1, 8, 1.5, 8.5], "rotation": 270, "texture": "#10"},
				"south": {"uv": [1, 8, 1.5, 8.5], "texture": "#10"},
				"west": {"uv": [1, 8, 1.5, 8.5], "rotation": 90, "texture": "#10"},
				"up": {"uv": [1, 8, 1.5, 8.5], "rotation": 180, "texture": "#10"},
				"down": {"uv": [1, 8, 1.5, 8.5], "texture": "#10"}
			}
		},
		{
			"name": "bone",
			"from": [-8.89306, 13.17047, 0.87288],
			"to": [0.47894, 14.16047, 1.79688],
			"rotation": {"angle": 0, "axis": "z", "origin": [4.87479, 4.58297, 1.35138]},
			"faces": {
				"north": {"uv": [1, 8, 1.5, 8.5], "rotation": 180, "texture": "#10"},
				"east": {"uv": [1, 8, 1.5, 8.5], "rotation": 270, "texture": "#10"},
				"south": {"uv": [1, 8, 1.5, 8.5], "texture": "#10"},
				"west": {"uv": [1, 8, 1.5, 8.5], "rotation": 90, "texture": "#10"},
				"up": {"uv": [1, 8, 1.5, 8.5], "rotation": 180, "texture": "#10"},
				"down": {"uv": [1, 8, 1.5, 8.5], "texture": "#10"}
			}
		},
		{
			"name": "bone",
			"from": [-10.11991, 17.71015, 0.93888],
			"to": [-4.17991, 18.70015, 1.79688],
			"rotation": {"angle": 22.5, "axis": "z", "origin": [4.87478, 4.58297, 1.38438]},
			"faces": {
				"north": {"uv": [1, 8, 1.5, 8.5], "rotation": 180, "texture": "#10"},
				"east": {"uv": [1, 8, 1.5, 8.5], "rotation": 270, "texture": "#10"},
				"south": {"uv": [1, 8, 1.5, 8.5], "texture": "#10"},
				"west": {"uv": [1, 8, 1.5, 8.5], "rotation": 90, "texture": "#10"},
				"up": {"uv": [1, 8, 1.5, 8.5], "rotation": 180, "texture": "#10"},
				"down": {"uv": [1, 8, 1.5, 8.5], "texture": "#10"}
			}
		},
		{
			"name": "flap",
			"from": [-13.45, -3.97512, 1.33488],
			"to": [2.72, 8.89488, 1.38488],
			"rotation": {"angle": -45, "axis": "z", "origin": [4.83902, 4.6365, 1.31838]},
			"faces": {
				"north": {"uv": [0, 0, 16, 16], "rotation": 270, "texture": "#9"},
				"east": {"uv": [0, 0, 8.588, 0.75], "rotation": 270, "texture": "#9"},
				"south": {"uv": [0, 0, 16, 16], "rotation": 270, "texture": "#8"},
				"west": {"uv": [0, 0, 7.176, 0.75], "rotation": 90, "texture": "#9"},
				"up": {"uv": [0, 0, 2, 0.75], "rotation": 180, "texture": "#9"},
				"down": {"uv": [0, 0, 2, 0.75], "texture": "#9"}
			}
		},
		{
			"name": "tendon",
			"from": [3.26222, 11.21405, 1.08738],
			"to": [6.82622, 11.87405, 1.45038],
			"rotation": {"angle": 22.5, "axis": "z", "origin": [4.83902, 4.6365, 1.31838]},
			"faces": {
				"north": {"uv": [1, 8, 1.5, 8.5], "rotation": 180, "texture": "#10"},
				"east": {"uv": [1, 8, 1.5, 8.5], "rotation": 270, "texture": "#10"},
				"south": {"uv": [1, 8, 1.5, 8.5], "texture": "#10"},
				"west": {"uv": [1, 8, 1.5, 8.5], "rotation": 90, "texture": "#10"},
				"up": {"uv": [1, 8, 1.5, 8.5], "rotation": 180, "texture": "#10"},
				"down": {"uv": [1, 8, 1.5, 8.5], "texture": "#10"}
			}
		},
		{
			"name": "tendon",
			"from": [-1.39368, 4.08525, 1.10388],
			"to": [-0.73368, 8.63925, 1.43388],
			"rotation": {"angle": -22.5, "axis": "z", "origin": [4.83902, 4.6365, 1.31838]},
			"faces": {
				"north": {"uv": [1, 8, 1.5, 8.5], "rotation": 270, "texture": "#10"},
				"east": {"uv": [1, 8, 1.5, 8.5], "rotation": 270, "texture": "#10"},
				"south": {"uv": [1, 8, 1.5, 8.5], "rotation": 270, "texture": "#10"},
				"west": {"uv": [1, 8, 1.5, 8.5], "rotation": 90, "texture": "#10"},
				"up": {"uv": [1, 8, 1.5, 8.5], "rotation": 180, "texture": "#10"},
				"down": {"uv": [1, 8, 1.5, 8.5], "texture": "#10"}
			}
		},
		{
			"name": "tendon",
			"from": [-0.36778, 13.85405, 1.08738],
			"to": [4.84622, 14.51405, 1.45038],
			"rotation": {"angle": 22.5, "axis": "z", "origin": [4.83902, 4.6365, 1.31838]},
			"faces": {
				"north": {"uv": [1, 8, 1.5, 8.5], "rotation": 180, "texture": "#10"},
				"east": {"uv": [1, 8, 1.5, 8.5], "rotation": 270, "texture": "#10"},
				"south": {"uv": [1, 8, 1.5, 8.5], "texture": "#10"},
				"west": {"uv": [1, 8, 1.5, 8.5], "rotation": 90, "texture": "#10"},
				"up": {"uv": [1, 8, 1.5, 8.5], "rotation": 180, "texture": "#10"},
				"down": {"uv": [1, 8, 1.5, 8.5], "texture": "#10"}
			}
		},
		{
			"name": "tendon",
			"from": [-9.66696, 9.22922, 1.10388],
			"to": [-9.00696, 11.60522, 1.43388],
			"rotation": {"angle": 0, "axis": "z", "origin": [4.83902, 4.6365, 1.31838]},
			"faces": {
				"north": {"uv": [1, 8, 1.5, 8.5], "rotation": 270, "texture": "#10"},
				"east": {"uv": [1, 8, 1.5, 8.5], "rotation": 270, "texture": "#10"},
				"south": {"uv": [1, 8, 1.5, 8.5], "rotation": 270, "texture": "#10"},
				"west": {"uv": [1, 8, 1.5, 8.5], "rotation": 90, "texture": "#10"},
				"up": {"uv": [1, 8, 1.5, 8.5], "rotation": 180, "texture": "#10"},
				"down": {"uv": [1, 8, 1.5, 8.5], "texture": "#10"}
			}
		},
		{
			"name": "tendon",
			"from": [-11.23719, 5.51539, 1.08738],
			"to": [-10.57719, 7.94089, 1.45038],
			"rotation": {"angle": -22.5, "axis": "z", "origin": [4.83902, 4.6365, 1.31838]},
			"faces": {
				"north": {"uv": [1, 8, 1.5, 8.5], "rotation": 270, "texture": "#10"},
				"east": {"uv": [1, 8, 1.5, 8.5], "rotation": 270, "texture": "#10"},
				"south": {"uv": [1, 8, 1.5, 8.5], "rotation": 270, "texture": "#10"},
				"west": {"uv": [1, 8, 1.5, 8.5], "rotation": 90, "texture": "#10"},
				"up": {"uv": [1, 8, 1.5, 8.5], "rotation": 180, "texture": "#10"},
				"down": {"uv": [1, 8, 1.5, 8.5], "texture": "#10"}
			}
		},
		{
			"name": "tendon",
			"from": [-5.82723, 3.91322, 1.10388],
			"to": [-5.16723, 7.93922, 1.43388],
			"rotation": {"angle": -22.5, "axis": "z", "origin": [4.83902, 4.6365, 1.31838]},
			"faces": {
				"north": {"uv": [1, 8, 1.5, 8.5], "rotation": 270, "texture": "#10"},
				"east": {"uv": [1, 8, 1.5, 8.5], "rotation": 270, "texture": "#10"},
				"south": {"uv": [1, 8, 1.5, 8.5], "rotation": 270, "texture": "#10"},
				"west": {"uv": [1, 8, 1.5, 8.5], "rotation": 90, "texture": "#10"},
				"up": {"uv": [1, 8, 1.5, 8.5], "rotation": 180, "texture": "#10"},
				"down": {"uv": [1, 8, 1.5, 8.5], "texture": "#10"}
			}
		},
		{
			"name": "joint",
			"from": [11.3, 3.61488, 0.64188],
			"to": [13.28, 5.59488, 2.21188],
			"rotation": {"angle": 45, "axis": "z", "origin": [11.16098, 4.6365, 1.31838]},
			"faces": {
				"north": {"uv": [1, 8, 1.5, 8.5], "rotation": 270, "texture": "#10"},
				"east": {"uv": [1, 8, 1.5, 8.5], "rotation": 270, "texture": "#10"},
				"south": {"uv": [1, 8, 1.5, 8.5], "rotation": 270, "texture": "#10"},
				"west": {"uv": [1, 8, 1.5, 8.5], "rotation": 90, "texture": "#10"},
				"up": {"uv": [1, 8, 1.5, 8.5], "rotation": 180, "texture": "#10"},
				"down": {"uv": [1, 8, 1.5, 8.5], "texture": "#10"}
			}
		},
		{
			"name": "bone",
			"from": [11.45351, 5.846, 0.80688],
			"to": [12.44351, 12.446, 1.79688],
			"rotation": {"angle": 0, "axis": "z", "origin": [11.16098, 4.6365, 1.31838]},
			"faces": {
				"north": {"uv": [1, 8, 1.5, 8.5], "texture": "#10"},
				"east": {"uv": [1, 8, 1.5, 8.5], "rotation": 270, "texture": "#10"},
				"south": {"uv": [1, 8, 1.5, 8.5], "rotation": 180, "texture": "#10"},
				"west": {"uv": [1, 8, 1.5, 8.5], "rotation": 90, "texture": "#10"},
				"up": {"uv": [1, 8, 1.5, 8.5], "rotation": 180, "texture": "#10"},
				"down": {"uv": [1, 8, 1.5, 8.5], "texture": "#10"}
			}
		},
		{
			"name": "bone",
			"from": [14.43449, 10.75167, 0.83988],
			"to": [18.88949, 11.74167, 1.79688],
			"rotation": {"angle": 22.5, "axis": "z", "origin": [11.16098, 4.6365, 1.31838]},
			"faces": {
				"north": {"uv": [1, 8, 1.5, 8.5], "rotation": 180, "texture": "#10"},
				"east": {"uv": [1, 8, 1.5, 8.5], "rotation": 270, "texture": "#10"},
				"south": {"uv": [1, 8, 1.5, 8.5], "texture": "#10"},
				"west": {"uv": [1, 8, 1.5, 8.5], "rotation": 90, "texture": "#10"},
				"up": {"uv": [1, 8, 1.5, 8.5], "rotation": 180, "texture": "#10"},
				"down": {"uv": [1, 8, 1.5, 8.5], "texture": "#10"}
			}
		},
		{
			"name": "bone",
			"from": [15.52107, 13.17047, 0.87288],
			"to": [24.89307, 14.16047, 1.79688],
			"rotation": {"angle": 0, "axis": "z", "origin": [11.12521, 4.58297, 1.35138]},
			"faces": {
				"north": {"uv": [1, 8, 1.5, 8.5], "rotation": 180, "texture": "#10"},
				"east": {"uv": [1, 8, 1.5, 8.5], "rotation": 270, "texture": "#10"},
				"south": {"uv": [1, 8, 1.5, 8.5], "texture": "#10"},
				"west": {"uv": [1, 8, 1.5, 8.5], "rotation": 90, "texture": "#10"},
				"up": {"uv": [1, 8, 1.5, 8.5], "rotation": 180, "texture": "#10"},
				"down": {"uv": [1, 8, 1.5, 8.5], "texture": "#10"}
			}
		},
		{
			"name": "bone",
			"from": [20.17991, 17.71015, 0.93888],
			"to": [26.11991, 18.70015, 1.79688],
			"rotation": {"angle": -22.5, "axis": "z", "origin": [11.12522, 4.58297, 1.38438]},
			"faces": {
				"north": {"uv": [1, 8, 1.5, 8.5], "texture": "#10"},
				"east": {"uv": [1, 8, 1.5, 8.5], "rotation": 270, "texture": "#10"},
				"south": {"uv": [1, 8, 1.5, 8.5], "rotation": 180, "texture": "#10"},
				"west": {"uv": [1, 8, 1.5, 8.5], "rotation": 90, "texture": "#10"},
				"up": {"uv": [1, 8, 1.5, 8.5], "rotation": 180, "texture": "#10"},
				"down": {"uv": [1, 8, 1.5, 8.5], "texture": "#10"}
			}
		},
		{
			"name": "flap",
			"from": [13.28, -3.97512, 1.33488],
			"to": [29.45, 8.89488, 1.38488],
			"rotation": {"angle": 45, "axis": "z", "origin": [11.16098, 4.6365, 1.31838]},
			"faces": {
				"north": {"uv": [0, 16, 16, 0], "rotation": 270, "texture": "#9"},
				"east": {"uv": [10, 0, 0, 0.75], "rotation": 270, "texture": "#8"},
				"south": {"uv": [0, 16, 16, 0], "rotation": 270, "texture": "#8"},
				"west": {"uv": [10, 0, 0, 0.75], "rotation": 90, "texture": "#8"},
				"up": {"uv": [2, 0, 0, 0.75], "rotation": 180, "texture": "#8"},
				"down": {"uv": [2, 0, 0, 0.75], "texture": "#8"}
			}
		},
		{
			"name": "tendon",
			"from": [9.17378, 11.21405, 1.08738],
			"to": [12.73778, 11.87405, 1.45038],
			"rotation": {"angle": -22.5, "axis": "z", "origin": [11.16098, 4.6365, 1.31838]},
			"faces": {
				"north": {"uv": [1, 8, 1.5, 8.5], "texture": "#10"},
				"east": {"uv": [1, 8, 1.5, 8.5], "rotation": 270, "texture": "#10"},
				"south": {"uv": [1, 8, 1.5, 8.5], "rotation": 180, "texture": "#10"},
				"west": {"uv": [1, 8, 1.5, 8.5], "rotation": 90, "texture": "#10"},
				"up": {"uv": [1, 8, 1.5, 8.5], "rotation": 180, "texture": "#10"},
				"down": {"uv": [1, 8, 1.5, 8.5], "texture": "#10"}
			}
		},
		{
			"name": "tendon",
			"from": [16.73368, 4.08525, 1.10388],
			"to": [17.39368, 8.63925, 1.43388],
			"rotation": {"angle": 22.5, "axis": "z", "origin": [11.16098, 4.6365, 1.31838]},
			"faces": {
				"north": {"uv": [1, 8, 1.5, 8.5], "rotation": 270, "texture": "#10"},
				"east": {"uv": [1, 8, 1.5, 8.5], "rotation": 270, "texture": "#10"},
				"south": {"uv": [1, 8, 1.5, 8.5], "rotation": 270, "texture": "#10"},
				"west": {"uv": [1, 8, 1.5, 8.5], "rotation": 90, "texture": "#10"},
				"up": {"uv": [1, 8, 1.5, 8.5], "rotation": 180, "texture": "#10"},
				"down": {"uv": [1, 8, 1.5, 8.5], "texture": "#10"}
			}
		},
		{
			"name": "tendon",
			"from": [11.15378, 13.85405, 1.08738],
			"to": [16.36778, 14.51405, 1.45038],
			"rotation": {"angle": -22.5, "axis": "z", "origin": [11.16098, 4.6365, 1.31838]},
			"faces": {
				"north": {"uv": [1, 8, 1.5, 8.5], "texture": "#10"},
				"east": {"uv": [1, 8, 1.5, 8.5], "rotation": 270, "texture": "#10"},
				"south": {"uv": [1, 8, 1.5, 8.5], "rotation": 180, "texture": "#10"},
				"west": {"uv": [1, 8, 1.5, 8.5], "rotation": 90, "texture": "#10"},
				"up": {"uv": [1, 8, 1.5, 8.5], "rotation": 180, "texture": "#10"},
				"down": {"uv": [1, 8, 1.5, 8.5], "texture": "#10"}
			}
		},
		{
			"name": "tendon",
			"from": [25.00696, 9.22922, 1.10388],
			"to": [25.66696, 11.60522, 1.43388],
			"rotation": {"angle": 0, "axis": "z", "origin": [11.16098, 4.6365, 1.31838]},
			"faces": {
				"north": {"uv": [1, 8, 1.5, 8.5], "rotation": 270, "texture": "#10"},
				"east": {"uv": [1, 8, 1.5, 8.5], "rotation": 270, "texture": "#10"},
				"south": {"uv": [1, 8, 1.5, 8.5], "rotation": 270, "texture": "#10"},
				"west": {"uv": [1, 8, 1.5, 8.5], "rotation": 90, "texture": "#10"},
				"up": {"uv": [1, 8, 1.5, 8.5], "rotation": 180, "texture": "#10"},
				"down": {"uv": [1, 8, 1.5, 8.5], "texture": "#10"}
			}
		},
		{
			"name": "tendon",
			"from": [26.57719, 5.51539, 1.08738],
			"to": [27.23719, 7.94089, 1.45038],
			"rotation": {"angle": 22.5, "axis": "z", "origin": [11.16098, 4.6365, 1.31838]},
			"faces": {
				"north": {"uv": [1, 8, 1.5, 8.5], "rotation": 270, "texture": "#10"},
				"east": {"uv": [1, 8, 1.5, 8.5], "rotation": 270, "texture": "#10"},
				"south": {"uv": [1, 8, 1.5, 8.5], "rotation": 270, "texture": "#10"},
				"west": {"uv": [1, 8, 1.5, 8.5], "rotation": 90, "texture": "#10"},
				"up": {"uv": [1, 8, 1.5, 8.5], "rotation": 180, "texture": "#10"},
				"down": {"uv": [1, 8, 1.5, 8.5], "texture": "#10"}
			}
		},
		{
			"name": "tendon",
			"from": [21.16723, 3.91322, 1.10388],
			"to": [21.82723, 7.93922, 1.43388],
			"rotation": {"angle": 22.5, "axis": "z", "origin": [11.16098, 4.6365, 1.31838]},
			"faces": {
				"north": {"uv": [1, 8, 1.5, 8.5], "rotation": 270, "texture": "#10"},
				"east": {"uv": [1, 8, 1.5, 8.5], "rotation": 270, "texture": "#10"},
				"south": {"uv": [1, 8, 1.5, 8.5], "rotation": 270, "texture": "#10"},
				"west": {"uv": [1, 8, 1.5, 8.5], "rotation": 90, "texture": "#10"},
				"up": {"uv": [1, 8, 1.5, 8.5], "rotation": 180, "texture": "#10"},
				"down": {"uv": [1, 8, 1.5, 8.5], "texture": "#10"}
			}
		},
		{
			"name": "head",
			"from": [4.7, 4.59, -8.72],
			"to": [11.3, 11.19, -1.46],
			"rotation": {"angle": 22.5, "axis": "x", "origin": [7.96242, 10.13402, -6.64526]},
			"faces": {
				"north": {"uv": [0, 0, 8, 8], "texture": "#10"},
				"east": {"uv": [0, 0, 8, 8], "texture": "#10"},
				"south": {"uv": [0, 0, 8, 8], "texture": "#10"},
				"west": {"uv": [0, 0, 8, 8], "texture": "#10"},
				"up": {"uv": [0, 0, 8, 8], "texture": "#10"},
				"down": {"uv": [0, 0, 8, 8], "texture": "#10"}
			}
		},
		{
			"name": "ear",
			"from": [2.496, 10.33, -3.6],
			"to": [3.816, 11.65, -2.94],
			"rotation": {"angle": 45, "axis": "z", "origin": [6.02, 14.45, -2.77]},
			"faces": {
				"north": {"uv": [1, 8, 1.5, 8.5], "texture": "#10"},
				"east": {"uv": [1, 8, 1.5, 8.5], "texture": "#10"},
				"south": {"uv": [1, 8, 1.5, 8.5], "texture": "#10"},
				"west": {"uv": [1, 8, 1.5, 8.5], "texture": "#10"},
				"up": {"uv": [1, 8, 1.5, 8.5], "texture": "#10"},
				"down": {"uv": [1, 8, 1.5, 8.5], "texture": "#10"}
			}
		},
		{
			"name": "ear",
			"from": [4.872, 7.954, -3.6],
			"to": [6.192, 9.274, -2.94],
			"rotation": {"angle": 45, "axis": "z", "origin": [6.02, 14.45, -2.77]},
			"faces": {
				"north": {"uv": [1, 8, 1.5, 8.5], "texture": "#10"},
				"east": {"uv": [1, 8, 1.5, 8.5], "texture": "#10"},
				"south": {"uv": [1, 8, 1.5, 8.5], "texture": "#10"},
				"west": {"uv": [1, 8, 1.5, 8.5], "texture": "#10"},
				"up": {"uv": [1, 8, 1.5, 8.5], "texture": "#10"},
				"down": {"uv": [1, 8, 1.5, 8.5], "texture": "#10"}
			}
		},
		{
			"name": "snout",
			"from": [4.7, 4.59, -9.38],
			"to": [11.3, 7.89, -8.72],
			"rotation": {"angle": 22.5, "axis": "x", "origin": [7.96242, 10.13402, -6.64526]},
			"faces": {
				"north": {"uv": [0, 4, 8, 8], "texture": "#10"},
				"east": {"uv": [0, 4, 1, 8], "texture": "#10"},
				"south": {"uv": [0, 4, 8, 8], "texture": "#10"},
				"west": {"uv": [0, 4, 1, 8], "texture": "#10"},
				"up": {"uv": [0, 7.5, 8, 8], "texture": "#10"},
				"down": {"uv": [0, 7.5, 8, 8], "texture": "#10"}
			}
		},
		{
			"name": "mouth",
			"from": [4.37, 4.885, -14.7],
			"to": [11.63, 7.69, -5.46],
			"rotation": {"angle": -22.5, "axis": "x", "origin": [8, 9.17, 6.14]},
			"faces": {
				"north": {"uv": [0.5, 8, 6.5, 10.5], "texture": "#10"},
				"east": {"uv": [0, 8, 7, 10.5], "texture": "#10"},
				"south": {"uv": [0.5, 8, 6.5, 10.5], "texture": "#10"},
				"west": {"uv": [0, 8, 7, 10.5], "texture": "#10"},
				"up": {"uv": [8, 0, 13, 6], "texture": "#10"},
				"down": {"uv": [0.5, 10, 6.5, 16], "texture": "#10"}
			}
		},
		{
			"name": "tooth",
			"from": [10.31, 7.69, -14.7],
			"to": [10.97, 8.35, -14.04],
			"rotation": {"angle": -22.5, "axis": "x", "origin": [8, 9.17, 6.14]},
			"faces": {
				"north": {"uv": [13.5, 3.5, 15.75, 5.5], "texture": "#10"},
				"east": {"uv": [14, 4, 15, 5], "texture": "#10"},
				"south": {"uv": [13.5, 3.5, 15.5, 5.5], "texture": "#10"},
				"west": {"uv": [14, 4, 15, 5], "texture": "#10"},
				"up": {"uv": [14, 3.5, 15, 4.5], "texture": "#10"},
				"down": {"uv": [14, 3.5, 15, 4.5], "texture": "#10"}
			}
		},
		{
			"name": "tooth",
			"from": [5.03, 7.69, -14.7],
			"to": [5.69, 8.35, -14.04],
			"rotation": {"angle": -22.5, "axis": "x", "origin": [8, 9.17, 6.14]},
			"faces": {
				"north": {"uv": [13.5, 3.5, 15.75, 5.5], "texture": "#10"},
				"east": {"uv": [14, 4, 15, 5], "texture": "#10"},
				"south": {"uv": [13.5, 3.5, 15.5, 5.5], "texture": "#10"},
				"west": {"uv": [14, 4, 15, 5], "texture": "#10"},
				"up": {"uv": [14, 3.5, 15, 4.5], "texture": "#10"},
				"down": {"uv": [14, 4, 15, 5], "texture": "#10"}
			}
		},
		{
			"name": "eye",
			"from": [4.53, 6.94, -7.8],
			"to": [4.69, 9.6, -5.14],
			"rotation": {"angle": 22.5, "axis": "x", "origin": [7.96242, 10.13402, -6.64526]},
			"faces": {
				"north": {"uv": [13.5, 3.5, 15.75, 5.5], "texture": "#10"},
				"east": {"uv": [14.5, 3.5, 15.5, 4.5], "texture": "#10"},
				"south": {"uv": [13.5, 3.5, 15.5, 5.5], "texture": "#10"},
				"west": {"uv": [14.5, 4, 15.5, 5], "texture": "#10"},
				"up": {"uv": [13.5, 4, 14.5, 5], "texture": "#10"},
				"down": {"uv": [14.5, 4, 15.5, 5], "texture": "#10"}
			}
		},
		{
			"name": "eye",
			"from": [4.38, 7.94, -7.55],
			"to": [4.54, 9.1, -6.39],
			"rotation": {"angle": 22.5, "axis": "x", "origin": [7.96242, 10.13402, -6.64526]},
			"faces": {
				"north": {"uv": [0.5, 8, 1, 8.5], "texture": "#10"},
				"east": {"uv": [0.5, 8, 1, 8.5], "texture": "#10"},
				"south": {"uv": [0.5, 8, 1, 8.5], "texture": "#10"},
				"west": {"uv": [0.5, 8, 1, 8.5], "texture": "#10"},
				"up": {"uv": [0.5, 8, 1, 8.5], "texture": "#10"},
				"down": {"uv": [0.5, 8, 1, 8.5], "texture": "#10"}
			}
		},
		{
			"name": "eye",
			"from": [11.28, 6.94, -7.8],
			"to": [11.44, 9.6, -5.14],
			"rotation": {"angle": 22.5, "axis": "x", "origin": [7.96242, 10.13402, -6.64526]},
			"faces": {
				"north": {"uv": [13.5, 3.5, 15.75, 5.5], "texture": "#10"},
				"east": {"uv": [14.5, 3.5, 15.5, 4.5], "texture": "#10"},
				"south": {"uv": [13.5, 3.5, 15.5, 5.5], "texture": "#10"},
				"west": {"uv": [14.5, 4, 15.5, 5], "texture": "#10"},
				"up": {"uv": [13.5, 4, 14.5, 5], "texture": "#10"},
				"down": {"uv": [14.5, 4, 15.5, 5], "texture": "#10"}
			}
		},
		{
			"name": "eye",
			"from": [11.28, 9.20194, -8.04134],
			"to": [11.69, 9.86194, -4.88134],
			"rotation": {"angle": 22.5, "axis": "x", "origin": [7.96242, 10.13402, -6.64526]},
			"faces": {
				"north": {"uv": [13.5, 0.5, 15.75, 2.5], "texture": "#10"},
				"east": {"uv": [14, 0.5, 15, 1.5], "texture": "#10"},
				"south": {"uv": [13.5, 0.5, 15.5, 2.5], "texture": "#10"},
				"west": {"uv": [14, 0.5, 15, 1.5], "texture": "#10"},
				"up": {"uv": [14, 1, 15.5, 2], "texture": "#10"},
				"down": {"uv": [14, 0.5, 15, 1.5], "texture": "#10"}
			}
		},
		{
			"name": "eye",
			"from": [4.28, 9.20194, -8.04134],
			"to": [4.69, 9.86194, -4.88134],
			"rotation": {"angle": 22.5, "axis": "x", "origin": [7.96242, 10.13402, -6.64526]},
			"faces": {
				"north": {"uv": [13.5, 0.5, 15.75, 2.5], "texture": "#10"},
				"east": {"uv": [14, 0.5, 15, 1.5], "texture": "#10"},
				"south": {"uv": [13.5, 0.5, 15.5, 2.5], "texture": "#10"},
				"west": {"uv": [14, 0.5, 15, 1.5], "texture": "#10"},
				"up": {"uv": [14, 1, 15.5, 2], "texture": "#10"},
				"down": {"uv": [14, 0.5, 15, 1.5], "texture": "#10"}
			}
		},
		{
			"name": "eye",
			"from": [11.38, 7.94, -7.55],
			"to": [11.54, 9.1, -6.39],
			"rotation": {"angle": 22.5, "axis": "x", "origin": [7.96242, 10.13402, -6.64526]},
			"faces": {
				"north": {"uv": [0.5, 8, 1, 8.5], "texture": "#10"},
				"east": {"uv": [0.5, 8, 1, 8.5], "texture": "#10"},
				"south": {"uv": [0.5, 8, 1, 8.5], "texture": "#10"},
				"west": {"uv": [0.5, 8, 1, 8.5], "texture": "#10"},
				"up": {"uv": [0.5, 8, 1, 8.5], "texture": "#10"},
				"down": {"uv": [0.5, 8, 1, 8.5], "texture": "#10"}
			}
		},
		{
			"name": "nose",
			"from": [5.48, 5.45194, -9.54134],
			"to": [7.19, 5.81194, -9.38134],
			"rotation": {"angle": 22.5, "axis": "x", "origin": [7.96242, 10.13402, -6.64526]},
			"faces": {
				"north": {"uv": [13.5, 0.5, 15.75, 2.5], "texture": "#10"},
				"east": {"uv": [14, 0.5, 15, 1.5], "texture": "#10"},
				"south": {"uv": [13.5, 0.5, 15.5, 2.5], "texture": "#10"},
				"west": {"uv": [14, 0.5, 15, 1.5], "texture": "#10"},
				"up": {"uv": [14, 1, 15.5, 2], "texture": "#10"},
				"down": {"uv": [14, 0.5, 15, 1.5], "texture": "#10"}
			}
		},
		{
			"name": "nose",
			"from": [8.83, 5.45194, -9.54134],
			"to": [10.54, 5.81194, -9.38134],
			"rotation": {"angle": 22.5, "axis": "x", "origin": [7.96242, 10.13402, -6.64526]},
			"faces": {
				"north": {"uv": [13.5, 0.5, 15.75, 2.5], "texture": "#10"},
				"east": {"uv": [14, 0.5, 15, 1.5], "texture": "#10"},
				"south": {"uv": [13.5, 0.5, 15.5, 2.5], "texture": "#10"},
				"west": {"uv": [14, 0.5, 15, 1.5], "texture": "#10"},
				"up": {"uv": [14, 1, 15.5, 2], "texture": "#10"},
				"down": {"uv": [14, 0.5, 15, 1.5], "texture": "#10"}
			}
		},
		{
			"name": "nose",
			"from": [9.23, 5.85194, -9.54134],
			"to": [10.04, 6.21194, -9.38134],
			"rotation": {"angle": 22.5, "axis": "x", "origin": [7.96242, 10.13402, -6.64526]},
			"faces": {
				"north": {"uv": [13.5, 0.5, 15.75, 2.5], "texture": "#10"},
				"east": {"uv": [14, 0.5, 15, 1.5], "texture": "#10"},
				"south": {"uv": [13.5, 0.5, 15.5, 2.5], "texture": "#10"},
				"west": {"uv": [14, 0.5, 15, 1.5], "texture": "#10"},
				"up": {"uv": [14, 1, 15.5, 2], "texture": "#10"},
				"down": {"uv": [14, 0.5, 15, 1.5], "texture": "#10"}
			}
		},
		{
			"name": "nose",
			"from": [5.98, 5.85194, -9.54134],
			"to": [6.79, 6.21194, -9.38134],
			"rotation": {"angle": 22.5, "axis": "x", "origin": [7.96242, 10.13402, -6.64526]},
			"faces": {
				"north": {"uv": [13.5, 0.5, 15.75, 2.5], "texture": "#10"},
				"east": {"uv": [14, 0.5, 15, 1.5], "texture": "#10"},
				"south": {"uv": [13.5, 0.5, 15.5, 2.5], "texture": "#10"},
				"west": {"uv": [14, 0.5, 15, 1.5], "texture": "#10"},
				"up": {"uv": [14, 1, 15.5, 2], "texture": "#10"},
				"down": {"uv": [14, 0.5, 15, 1.5], "texture": "#10"}
			}
		}
	],
	"display": {
		"head": {
			"translation": [0, 28.5, 0],
			"scale": [4, 4, 4]
		}
	},
	"groups": [
		{
			"name": "body",
			"origin": [14.6, 5.28, 2.34],
			"children": [0, 1, 2, 3, 4, 5, 6, 7, 8, 9, 10, 11, 12, 13, 14, 15, 16, 17]
		},
		{
			"name": "dragtail",
			"origin": [8, 8, 8],
			"children": [
				{
					"name": "tail",
					"origin": [8, 4.95, 10.656],
					"children": [18, 19, 20]
				}
			]
		},
		{
			"name": "dragwingleft",
			"origin": [8, 8, 8],
			"children": [
				{
					"name": "dragonwingleft",
					"origin": [8, 8, 8],
					"children": [21, 22, 23, 24, 25, 26, 27, 28, 29, 30, 31, 32]
				}
			]
		},
		{
			"name": "dragwingright",
			"origin": [8, 8, 8],
			"children": [
				{
					"name": "dragonwingright",
					"origin": [8, 8, 8],
					"children": [33, 34, 35, 36, 37, 38, 39, 40, 41, 42, 43, 44]
				}
			]
		},
		{
			"name": "dragheadclosed",
			"origin": [8, 8, 8],
			"children": [
				{
					"name": "head",
					"origin": [8, 7.92, 5.64],
					"children": [45, 46, 47, 48, 49, 50, 51, 52, 53, 54, 55, 56, 57, 58, 59, 60, 61]
				}
			]
		}
	]
}