{
	"credit": "Made with Blockbench",
	"textures": {
		"8": "blocks/bluedragonwingup",
		"9": "blocks/bluedragonwingdown",
		"10": "blocks/p4bluedragon",
		"particle": "blocks/p4bluedragon"
	},
	"elements": [
		{
			"name": "body",
			"from": [4.832, 0.544, 7.184],
			"to": [11.168, 6.352, 11.936],
			"rotation": {"angle": 0, "axis": "y", "origin": [8, 5.824, 4]},
			"faces": {
				"north": {"uv": [0.5, 0, 7, 8], "texture": "#10"},
				"east": {"uv": [1, 0, 8, 8], "texture": "#10"},
				"south": {"uv": [0, 0, 8, 8], "texture": "#10"},
				"west": {"uv": [1, 0, 8, 8], "texture": "#10"},
				"up": {"uv": [0, 0, 8, 5], "texture": "#10"},
				"down": {"uv": [0.5, 0, 6.5, 4.5], "texture": "#10"}
			}
		},
		{
			"name": "body",
			"from": [5.36, 1.072, 3.488],
			"to": [10.64, 6.352, 7.184],
			"rotation": {"angle": 0, "axis": "y", "origin": [8, 5.824, 5.6]},
			"faces": {
				"north": {"uv": [0.5, 0, 6.5, 8], "texture": "#10"},
				"east": {"uv": [0.5, 0, 6.5, 8], "texture": "#10"},
				"south": {"uv": [0, 0, 8, 8], "texture": "#10"},
				"west": {"uv": [0.5, 0, 6.5, 8], "texture": "#10"},
				"up": {"uv": [0.5, 0, 7.5, 5], "texture": "#10"},
				"down": {"uv": [0.5, 0, 6.5, 4.5], "texture": "#10"}
			}
		},
		{
			"name": "neck",
			"from": [6.416, 2.656, -0.752],
			"to": [9.584, 6.352, 4],
			"rotation": {"angle": 0, "axis": "x", "origin": [8, 5.824, 5.6]},
			"faces": {
				"north": {"uv": [0, 0, 3, 3.5], "texture": "#10"},
				"east": {"uv": [0, 0, 4.5, 3.5], "texture": "#10"},
				"south": {"uv": [0, 0, 3, 3.5], "texture": "#10"},
				"west": {"uv": [0, 0, 4.5, 3.5], "texture": "#10"},
				"up": {"uv": [0, 0, 3, 4.5], "texture": "#10"},
				"down": {"uv": [0, 0, 5.5, 4.5], "texture": "#10"}
			}
		},
		{
			"name": "spine",
			"from": [7.736, 8.0384, 2.488],
			"to": [8.264, 9.6224, 4.072],
			"rotation": {"angle": -45, "axis": "x", "origin": [8, 5.824, 5.6]},
			"faces": {
				"north": {"uv": [1, 8, 1.5, 8.5], "texture": "#10"},
				"east": {"uv": [1, 8, 1.5, 8.5], "texture": "#10"},
				"south": {"uv": [1, 8, 1.5, 8.5], "texture": "#10"},
				"west": {"uv": [1, 8, 1.5, 8.5], "texture": "#10"},
				"up": {"uv": [1, 8, 1.5, 8.5], "texture": "#10"},
				"down": {"uv": [1, 8, 1.5, 8.5], "texture": "#10"}
			}
		},
		{
			"name": "spine",
			"from": [7.736, 5.4016, 6.0752],
			"to": [8.264, 6.9856, 7.6592],
			"rotation": {"angle": -45, "axis": "x", "origin": [8, 7.408, 7.184]},
			"faces": {
				"north": {"uv": [1, 8, 1.5, 8.5], "texture": "#10"},
				"east": {"uv": [1, 8, 1.5, 8.5], "texture": "#10"},
				"south": {"uv": [1, 8, 1.5, 8.5], "texture": "#10"},
				"west": {"uv": [1, 8, 1.5, 8.5], "texture": "#10"},
				"up": {"uv": [1, 8, 1.5, 8.5], "texture": "#10"},
				"down": {"uv": [1, 8, 1.5, 8.5], "texture": "#10"}
			}
		},
		{
			"name": "spine",
			"from": [7.736, 3.2896, 8.1872],
			"to": [8.264, 4.8736, 9.7712],
			"rotation": {"angle": -45, "axis": "x", "origin": [8, 7.408, 7.184]},
			"faces": {
				"north": {"uv": [1, 8, 1.5, 8.5], "texture": "#10"},
				"east": {"uv": [1, 8, 1.5, 8.5], "texture": "#10"},
				"south": {"uv": [1, 8, 1.5, 8.5], "texture": "#10"},
				"west": {"uv": [1, 8, 1.5, 8.5], "texture": "#10"},
				"up": {"uv": [1, 8, 1.5, 8.5], "texture": "#10"},
				"down": {"uv": [1, 8, 1.5, 8.5], "texture": "#10"}
			}
		},
		{
			"name": "leg",
			"from": [3.776, -2.624, 7.712],
			"to": [5.888, 3.184, 9.824],
			"rotation": {"angle": 0, "axis": "y", "origin": [8, 5.824, 6.128]},
			"faces": {
				"north": {"uv": [0, 0, 2, 5.5], "texture": "#10"},
				"east": {"uv": [0, 0, 2, 5.5], "texture": "#10"},
				"south": {"uv": [0, 0, 2, 5.5], "texture": "#10"},
				"west": {"uv": [0, 0, 2, 5.5], "texture": "#10"},
				"up": {"uv": [0, 0, 2, 2], "texture": "#10"},
				"down": {"uv": [0, 0, 2, 2], "texture": "#10"}
			}
		},
		{
			"name": "leg",
			"from": [10.112, -2.624, 7.712],
			"to": [12.224, 3.184, 9.824],
			"rotation": {"angle": 0, "axis": "y", "origin": [13.28, 5.824, 6.128]},
			"faces": {
				"north": {"uv": [0, 0, 2, 5.5], "texture": "#10"},
				"east": {"uv": [0, 0, 2, 5.5], "texture": "#10"},
				"south": {"uv": [0, 0, 2, 5.5], "texture": "#10"},
				"west": {"uv": [0, 0, 2, 5.5], "texture": "#10"},
				"up": {"uv": [0, 0, 2, 2], "texture": "#10"},
				"down": {"uv": [0, 0, 2, 2], "texture": "#10"}
			}
		},
		{
			"name": "leg",
			"from": [3.512, -6.32, 9.296],
			"to": [6.152, -1.568, 12.464],
			"rotation": {"angle": 0, "axis": "y", "origin": [8, 5.824, 6.128]},
			"faces": {
				"north": {"uv": [0, 0, 2.5, 4.5], "texture": "#10"},
				"east": {"uv": [0, 0, 3, 4.5], "texture": "#10"},
				"south": {"uv": [0, 0, 2.5, 4.5], "texture": "#10"},
				"west": {"uv": [0, 0, 3, 4.5], "texture": "#10"},
				"up": {"uv": [0, 0, 2.5, 3], "texture": "#10"},
				"down": {"uv": [0, 0, 2.5, 3], "texture": "#10"}
			}
		},
		{
			"name": "leg",
			"from": [9.848, -6.32, 9.296],
			"to": [12.488, -1.568, 12.464],
			"rotation": {"angle": 0, "axis": "y", "origin": [13.28, 5.824, 6.128]},
			"faces": {
				"north": {"uv": [0, 0, 2.5, 4.5], "texture": "#10"},
				"east": {"uv": [0, 0, 3, 4.5], "texture": "#10"},
				"south": {"uv": [0, 0, 2.5, 4.5], "texture": "#10"},
				"west": {"uv": [0, 0, 3, 4.5], "texture": "#10"},
				"up": {"uv": [0, 0, 2.5, 3], "texture": "#10"},
				"down": {"uv": [0, 0, 2.5, 3], "texture": "#10"}
			}
		},
		{
			"name": "toe",
			"from": [11.96, -6.32, 8.768],
			"to": [12.488, -5.792, 9.296],
			"rotation": {"angle": 0, "axis": "y", "origin": [13.28, 5.824, 6.128]},
			"faces": {
				"north": {"uv": [1, 8, 1.5, 8.5], "texture": "#10"},
				"east": {"uv": [1, 8, 1.5, 8.5], "texture": "#10"},
				"south": {"uv": [1, 8, 1.5, 8.5], "texture": "#10"},
				"west": {"uv": [1, 8, 1.5, 8.5], "texture": "#10"},
				"up": {"uv": [1, 8, 1.5, 8.5], "texture": "#10"},
				"down": {"uv": [1, 8, 1.5, 8.5], "texture": "#10"}
			}
		},
		{
			"name": "toe",
			"from": [10.904, -6.32, 8.768],
			"to": [11.432, -5.792, 9.296],
			"rotation": {"angle": 0, "axis": "y", "origin": [13.28, 5.824, 6.128]},
			"faces": {
				"north": {"uv": [1, 8, 1.5, 8.5], "texture": "#10"},
				"east": {"uv": [1, 8, 1.5, 8.5], "texture": "#10"},
				"south": {"uv": [1, 8, 1.5, 8.5], "texture": "#10"},
				"west": {"uv": [1, 8, 1.5, 8.5], "texture": "#10"},
				"up": {"uv": [1, 8, 1.5, 8.5], "texture": "#10"},
				"down": {"uv": [1, 8, 1.5, 8.5], "texture": "#10"}
			}
		},
		{
			"name": "toe",
			"from": [9.848, -6.32, 8.768],
			"to": [10.376, -5.792, 9.296],
			"rotation": {"angle": 0, "axis": "y", "origin": [13.28, 5.824, 6.128]},
			"faces": {
				"north": {"uv": [1, 8, 1.5, 8.5], "texture": "#10"},
				"east": {"uv": [1, 8, 1.5, 8.5], "texture": "#10"},
				"south": {"uv": [1, 8, 1.5, 8.5], "texture": "#10"},
				"west": {"uv": [1, 8, 1.5, 8.5], "texture": "#10"},
				"up": {"uv": [1, 8, 1.5, 8.5], "texture": "#10"},
				"down": {"uv": [1, 8, 1.5, 8.5], "texture": "#10"}
			}
		},
		{
			"name": "toe",
			"from": [5.624, -6.32, 8.768],
			"to": [6.152, -5.792, 9.296],
			"rotation": {"angle": 0, "axis": "y", "origin": [13.28, 5.824, 6.128]},
			"faces": {
				"north": {"uv": [1, 8, 1.5, 8.5], "texture": "#10"},
				"east": {"uv": [1, 8, 1.5, 8.5], "texture": "#10"},
				"south": {"uv": [1, 8, 1.5, 8.5], "texture": "#10"},
				"west": {"uv": [1, 8, 1.5, 8.5], "texture": "#10"},
				"up": {"uv": [1, 8, 1.5, 8.5], "texture": "#10"},
				"down": {"uv": [1, 8, 1.5, 8.5], "texture": "#10"}
			}
		},
		{
			"name": "toe",
			"from": [4.568, -6.32, 8.768],
			"to": [5.096, -5.792, 9.296],
			"rotation": {"angle": 0, "axis": "y", "origin": [13.28, 5.824, 6.128]},
			"faces": {
				"north": {"uv": [1, 8, 1.5, 8.5], "texture": "#10"},
				"east": {"uv": [1, 8, 1.5, 8.5], "texture": "#10"},
				"south": {"uv": [1, 8, 1.5, 8.5], "texture": "#10"},
				"west": {"uv": [1, 8, 1.5, 8.5], "texture": "#10"},
				"up": {"uv": [1, 8, 1.5, 8.5], "texture": "#10"},
				"down": {"uv": [1, 8, 1.5, 8.5], "texture": "#10"}
			}
		},
		{
			"name": "toe",
			"from": [3.512, -6.32, 8.768],
			"to": [4.04, -5.792, 9.296],
			"rotation": {"angle": 0, "axis": "y", "origin": [13.28, 5.824, 6.128]},
			"faces": {
				"north": {"uv": [1, 8, 1.5, 8.5], "texture": "#10"},
				"east": {"uv": [1, 8, 1.5, 8.5], "texture": "#10"},
				"south": {"uv": [1, 8, 1.5, 8.5], "texture": "#10"},
				"west": {"uv": [1, 8, 1.5, 8.5], "texture": "#10"},
				"up": {"uv": [1, 8, 1.5, 8.5], "texture": "#10"},
				"down": {"uv": [1, 8, 1.5, 8.5], "texture": "#10"}
			}
		},
		{
			"name": "toe",
			"from": [9.32, -6.32, 10.352],
			"to": [9.848, -5.792, 10.88],
			"rotation": {"angle": 0, "axis": "y", "origin": [13.28, 5.824, 5.072]},
			"faces": {
				"north": {"uv": [1, 8, 1.5, 8.5], "texture": "#10"},
				"east": {"uv": [1, 8, 1.5, 8.5], "texture": "#10"},
				"south": {"uv": [1, 8, 1.5, 8.5], "texture": "#10"},
				"west": {"uv": [1, 8, 1.5, 8.5], "texture": "#10"},
				"up": {"uv": [1, 8, 1.5, 8.5], "texture": "#10"},
				"down": {"uv": [1, 8, 1.5, 8.5], "texture": "#10"}
			}
		},
		{
			"name": "toe",
			"from": [6.152, -6.32, 10.352],
			"to": [6.68, -5.792, 10.88],
			"rotation": {"angle": 0, "axis": "y", "origin": [13.28, 5.824, 5.072]},
			"faces": {
				"north": {"uv": [1, 8, 1.5, 8.5], "texture": "#10"},
				"east": {"uv": [1, 8, 1.5, 8.5], "texture": "#10"},
				"south": {"uv": [1, 8, 1.5, 8.5], "texture": "#10"},
				"west": {"uv": [1, 8, 1.5, 8.5], "texture": "#10"},
				"up": {"uv": [1, 8, 1.5, 8.5], "texture": "#10"},
				"down": {"uv": [1, 8, 1.5, 8.5], "texture": "#10"}
			}
		},
		{
			"name": "tail",
			"from": [6.416, 4.272, 11.6712],
			"to": [9.584, 6.912, 19.5912],
			"rotation": {"angle": 22.5, "axis": "x", "origin": [8, 5.824, 10.336]},
			"faces": {
				"north": {"uv": [0, 0, 3, 2.5], "texture": "#10"},
				"east": {"uv": [0, 0, 7.5, 2.5], "texture": "#10"},
				"south": {"uv": [0, 0, 3, 2.5], "texture": "#10"},
				"west": {"uv": [0, 0, 7.5, 2.5], "texture": "#10"},
				"up": {"uv": [0, 0, 3.5, 7.5], "texture": "#10"},
				"down": {"uv": [0, 0, 3.5, 7.5], "texture": "#10"}
			}
		},
		{
			"name": "tail",
			"from": [6.944, 1.072, 18.272],
			"to": [9.056, 3.184, 24.08],
			"rotation": {"angle": 0, "axis": "y", "origin": [8, 5.56, 10.1248]},
			"faces": {
				"north": {"uv": [0, 0, 2, 2], "texture": "#10"},
				"east": {"uv": [0, 0, 5.5, 2], "texture": "#10"},
				"south": {"uv": [0, 0, 2, 2], "texture": "#10"},
				"west": {"uv": [0, 0, 5.5, 2], "texture": "#10"},
				"up": {"uv": [0, 0, 2, 5.5], "texture": "#10"},
				"down": {"uv": [0, 0, 2, 5.5], "texture": "#10"}
			}
		},
		{
			"name": "tail",
			"from": [7.472, 1.6, 23.88],
			"to": [8.528, 2.656, 27.048],
			"rotation": {"angle": 0, "axis": "y", "origin": [8, 5.56, 10.1248]},
			"faces": {
				"north": {"uv": [0, 0, 1, 1], "texture": "#10"},
				"east": {"uv": [0, 0, 3, 1], "texture": "#10"},
				"south": {"uv": [0, 0, 1, 1], "texture": "#10"},
				"west": {"uv": [0, 0, 3, 1], "texture": "#10"},
				"up": {"uv": [0, 0, 1, 3], "texture": "#10"},
				"down": {"uv": [0, 0, 1, 3], "texture": "#10"}
			}
		},
		{
			"name": "joint",
			"from": [3.976, 4.4919, 3.7135],
			"to": [5.56, 6.0759, 4.9695],
			"rotation": {"angle": -45, "axis": "z", "origin": [5.67122, 5.3092, 4.2547]},
			"faces": {
				"north": {"uv": [1, 8, 1.5, 8.5], "rotation": 270, "texture": "#10"},
				"east": {"uv": [1, 8, 1.5, 8.5], "rotation": 270, "texture": "#10"},
				"south": {"uv": [1, 8, 1.5, 8.5], "rotation": 270, "texture": "#10"},
				"west": {"uv": [1, 8, 1.5, 8.5], "rotation": 90, "texture": "#10"},
				"up": {"uv": [1, 8, 1.5, 8.5], "rotation": 180, "texture": "#10"},
				"down": {"uv": [1, 8, 1.5, 8.5], "texture": "#10"}
			}
		},
		{
			"name": "bone",
			"from": [4.64519, 6.2768, 3.8455],
			"to": [5.43719, 11.5568, 4.6375],
			"rotation": {"angle": 0, "axis": "z", "origin": [5.67122, 5.3092, 4.2547]},
			"faces": {
				"north": {"uv": [1, 8, 1.5, 8.5], "rotation": 180, "texture": "#10"},
				"east": {"uv": [1, 8, 1.5, 8.5], "rotation": 270, "texture": "#10"},
				"south": {"uv": [1, 8, 1.5, 8.5], "texture": "#10"},
				"west": {"uv": [1, 8, 1.5, 8.5], "rotation": 90, "texture": "#10"},
				"up": {"uv": [1, 8, 1.5, 8.5], "rotation": 180, "texture": "#10"},
				"down": {"uv": [1, 8, 1.5, 8.5], "texture": "#10"}
			}
		},
		{
			"name": "bone",
			"from": [-0.51159, 10.20134, 3.8719],
			"to": [3.05241, 10.99334, 4.6375],
			"rotation": {"angle": -22.5, "axis": "z", "origin": [5.67122, 5.3092, 4.2547]},
			"faces": {
				"north": {"uv": [1, 8, 1.5, 8.5], "rotation": 180, "texture": "#10"},
				"east": {"uv": [1, 8, 1.5, 8.5], "rotation": 270, "texture": "#10"},
				"south": {"uv": [1, 8, 1.5, 8.5], "texture": "#10"},
				"west": {"uv": [1, 8, 1.5, 8.5], "rotation": 90, "texture": "#10"},
				"up": {"uv": [1, 8, 1.5, 8.5], "rotation": 180, "texture": "#10"},
				"down": {"uv": [1, 8, 1.5, 8.5], "texture": "#10"}
			}
		},
		{
			"name": "bone",
			"from": [-5.31445, 12.13638, 3.8983],
			"to": [2.18315, 12.92838, 4.6375],
			"rotation": {"angle": 0, "axis": "z", "origin": [5.69983, 5.26638, 4.2811]},
			"faces": {
				"north": {"uv": [1, 8, 1.5, 8.5], "rotation": 180, "texture": "#10"},
				"east": {"uv": [1, 8, 1.5, 8.5], "rotation": 270, "texture": "#10"},
				"south": {"uv": [1, 8, 1.5, 8.5], "texture": "#10"},
				"west": {"uv": [1, 8, 1.5, 8.5], "rotation": 90, "texture": "#10"},
				"up": {"uv": [1, 8, 1.5, 8.5], "rotation": 180, "texture": "#10"},
				"down": {"uv": [1, 8, 1.5, 8.5], "texture": "#10"}
			}
		},
		{
			"name": "bone",
			"from": [-6.29593, 15.76812, 3.9511],
			"to": [-1.54393, 16.56012, 4.6375],
			"rotation": {"angle": 22.5, "axis": "z", "origin": [5.69982, 5.26638, 4.3075]},
			"faces": {
				"north": {"uv": [1, 8, 1.5, 8.5], "rotation": 180, "texture": "#10"},
				"east": {"uv": [1, 8, 1.5, 8.5], "rotation": 270, "texture": "#10"},
				"south": {"uv": [1, 8, 1.5, 8.5], "texture": "#10"},
				"west": {"uv": [1, 8, 1.5, 8.5], "rotation": 90, "texture": "#10"},
				"up": {"uv": [1, 8, 1.5, 8.5], "rotation": 180, "texture": "#10"},
				"down": {"uv": [1, 8, 1.5, 8.5], "texture": "#10"}
			}
		},
		{
			"name": "flap",
			"from": [-8.96, -1.5801, 4.2679],
			"to": [3.976, 8.7159, 4.3079],
			"rotation": {"angle": -45, "axis": "z", "origin": [5.67122, 5.3092, 4.2547]},
			"faces": {
				"north": {"uv": [0, 0, 16, 16], "rotation": 270, "texture": "#9"},
				"east": {"uv": [0, 0, 8.588, 0.75], "rotation": 270, "texture": "#9"},
				"south": {"uv": [0, 0, 16, 16], "rotation": 270, "texture": "#8"},
				"west": {"uv": [0, 0, 7.176, 0.75], "rotation": 90, "texture": "#9"},
				"up": {"uv": [0, 0, 2, 0.75], "rotation": 180, "texture": "#9"},
				"down": {"uv": [0, 0, 2, 0.75], "texture": "#9"}
			}
		},
		{
			"name": "tendon",
			"from": [4.40978, 10.57124, 4.0699],
			"to": [7.26098, 11.09924, 4.3603],
			"rotation": {"angle": 22.5, "axis": "z", "origin": [5.67122, 5.3092, 4.2547]},
			"faces": {
				"north": {"uv": [1, 8, 1.5, 8.5], "rotation": 180, "texture": "#10"},
				"east": {"uv": [1, 8, 1.5, 8.5], "rotation": 270, "texture": "#10"},
				"south": {"uv": [1, 8, 1.5, 8.5], "texture": "#10"},
				"west": {"uv": [1, 8, 1.5, 8.5], "rotation": 90, "texture": "#10"},
				"up": {"uv": [1, 8, 1.5, 8.5], "rotation": 180, "texture": "#10"},
				"down": {"uv": [1, 8, 1.5, 8.5], "texture": "#10"}
			}
		},
		{
			"name": "tendon",
			"from": [0.68506, 4.8682, 4.0831],
			"to": [1.21306, 8.5114, 4.3471],
			"rotation": {"angle": -22.5, "axis": "z", "origin": [5.67122, 5.3092, 4.2547]},
			"faces": {
				"north": {"uv": [1, 8, 1.5, 8.5], "rotation": 270, "texture": "#10"},
				"east": {"uv": [1, 8, 1.5, 8.5], "rotation": 270, "texture": "#10"},
				"south": {"uv": [1, 8, 1.5, 8.5], "rotation": 270, "texture": "#10"},
				"west": {"uv": [1, 8, 1.5, 8.5], "rotation": 90, "texture": "#10"},
				"up": {"uv": [1, 8, 1.5, 8.5], "rotation": 180, "texture": "#10"},
				"down": {"uv": [1, 8, 1.5, 8.5], "texture": "#10"}
			}
		},
		{
			"name": "tendon",
			"from": [1.50578, 12.68324, 4.0699],
			"to": [5.67698, 13.21124, 4.3603],
			"rotation": {"angle": 22.5, "axis": "z", "origin": [5.67122, 5.3092, 4.2547]},
			"faces": {
				"north": {"uv": [1, 8, 1.5, 8.5], "rotation": 180, "texture": "#10"},
				"east": {"uv": [1, 8, 1.5, 8.5], "rotation": 270, "texture": "#10"},
				"south": {"uv": [1, 8, 1.5, 8.5], "texture": "#10"},
				"west": {"uv": [1, 8, 1.5, 8.5], "rotation": 90, "texture": "#10"},
				"up": {"uv": [1, 8, 1.5, 8.5], "rotation": 180, "texture": "#10"},
				"down": {"uv": [1, 8, 1.5, 8.5], "texture": "#10"}
			}
		},
		{
			"name": "tendon",
			"from": [-5.93357, 8.98338, 4.0831],
			"to": [-5.40557, 10.88418, 4.3471],
			"rotation": {"angle": 0, "axis": "z", "origin": [5.67122, 5.3092, 4.2547]},
			"faces": {
				"north": {"uv": [1, 8, 1.5, 8.5], "rotation": 270, "texture": "#10"},
				"east": {"uv": [1, 8, 1.5, 8.5], "rotation": 270, "texture": "#10"},
				"south": {"uv": [1, 8, 1.5, 8.5], "rotation": 270, "texture": "#10"},
				"west": {"uv": [1, 8, 1.5, 8.5], "rotation": 90, "texture": "#10"},
				"up": {"uv": [1, 8, 1.5, 8.5], "rotation": 180, "texture": "#10"},
				"down": {"uv": [1, 8, 1.5, 8.5], "texture": "#10"}
			}
		},
		{
			"name": "tendon",
			"from": [-7.18975, 6.01231, 4.0699],
			"to": [-6.66175, 7.95271, 4.3603],
			"rotation": {"angle": -22.5, "axis": "z", "origin": [5.67122, 5.3092, 4.2547]},
			"faces": {
				"north": {"uv": [1, 8, 1.5, 8.5], "rotation": 270, "texture": "#10"},
				"east": {"uv": [1, 8, 1.5, 8.5], "rotation": 270, "texture": "#10"},
				"south": {"uv": [1, 8, 1.5, 8.5], "rotation": 270, "texture": "#10"},
				"west": {"uv": [1, 8, 1.5, 8.5], "rotation": 90, "texture": "#10"},
				"up": {"uv": [1, 8, 1.5, 8.5], "rotation": 180, "texture": "#10"},
				"down": {"uv": [1, 8, 1.5, 8.5], "texture": "#10"}
			}
		},
		{
			"name": "tendon",
			"from": [-2.86178, 4.73058, 4.0831],
			"to": [-2.33378, 7.95138, 4.3471],
			"rotation": {"angle": -22.5, "axis": "z", "origin": [5.67122, 5.3092, 4.2547]},
			"faces": {
				"north": {"uv": [1, 8, 1.5, 8.5], "rotation": 270, "texture": "#10"},
				"east": {"uv": [1, 8, 1.5, 8.5], "rotation": 270, "texture": "#10"},
				"south": {"uv": [1, 8, 1.5, 8.5], "rotation": 270, "texture": "#10"},
				"west": {"uv": [1, 8, 1.5, 8.5], "rotation": 90, "texture": "#10"},
				"up": {"uv": [1, 8, 1.5, 8.5], "rotation": 180, "texture": "#10"},
				"down": {"uv": [1, 8, 1.5, 8.5], "texture": "#10"}
			}
		},
		{
			"name": "joint",
			"from": [10.44, 4.4919, 3.7135],
			"to": [12.024, 6.0759, 4.9695],
			"rotation": {"angle": 45, "axis": "z", "origin": [10.32878, 5.3092, 4.2547]},
			"faces": {
				"north": {"uv": [1, 8, 1.5, 8.5], "rotation": 270, "texture": "#10"},
				"east": {"uv": [1, 8, 1.5, 8.5], "rotation": 270, "texture": "#10"},
				"south": {"uv": [1, 8, 1.5, 8.5], "rotation": 270, "texture": "#10"},
				"west": {"uv": [1, 8, 1.5, 8.5], "rotation": 90, "texture": "#10"},
				"up": {"uv": [1, 8, 1.5, 8.5], "rotation": 180, "texture": "#10"},
				"down": {"uv": [1, 8, 1.5, 8.5], "texture": "#10"}
			}
		},
		{
			"name": "bone",
			"from": [10.56281, 6.2768, 3.8455],
			"to": [11.35481, 11.5568, 4.6375],
			"rotation": {"angle": 0, "axis": "z", "origin": [10.32878, 5.3092, 4.2547]},
			"faces": {
				"north": {"uv": [1, 8, 1.5, 8.5], "texture": "#10"},
				"east": {"uv": [1, 8, 1.5, 8.5], "rotation": 270, "texture": "#10"},
				"south": {"uv": [1, 8, 1.5, 8.5], "rotation": 180, "texture": "#10"},
				"west": {"uv": [1, 8, 1.5, 8.5], "rotation": 90, "texture": "#10"},
				"up": {"uv": [1, 8, 1.5, 8.5], "rotation": 180, "texture": "#10"},
				"down": {"uv": [1, 8, 1.5, 8.5], "texture": "#10"}
			}
		},
		{
			"name": "bone",
			"from": [12.94759, 10.20134, 3.8719],
			"to": [16.51159, 10.99334, 4.6375],
			"rotation": {"angle": 22.5, "axis": "z", "origin": [10.32878, 5.3092, 4.2547]},
			"faces": {
				"north": {"uv": [1, 8, 1.5, 8.5], "rotation": 180, "texture": "#10"},
				"east": {"uv": [1, 8, 1.5, 8.5], "rotation": 270, "texture": "#10"},
				"south": {"uv": [1, 8, 1.5, 8.5], "texture": "#10"},
				"west": {"uv": [1, 8, 1.5, 8.5], "rotation": 90, "texture": "#10"},
				"up": {"uv": [1, 8, 1.5, 8.5], "rotation": 180, "texture": "#10"},
				"down": {"uv": [1, 8, 1.5, 8.5], "texture": "#10"}
			}
		},
		{
			"name": "bone",
			"from": [13.81686, 12.13638, 3.8983],
			"to": [21.31446, 12.92838, 4.6375],
			"rotation": {"angle": 0, "axis": "z", "origin": [10.32878, 5.3092, 4.2547]},
			"faces": {
				"north": {"uv": [1, 8, 1.5, 8.5], "rotation": 180, "texture": "#10"},
				"east": {"uv": [1, 8, 1.5, 8.5], "rotation": 270, "texture": "#10"},
				"south": {"uv": [1, 8, 1.5, 8.5], "texture": "#10"},
				"west": {"uv": [1, 8, 1.5, 8.5], "rotation": 90, "texture": "#10"},
				"up": {"uv": [1, 8, 1.5, 8.5], "rotation": 180, "texture": "#10"},
				"down": {"uv": [1, 8, 1.5, 8.5], "texture": "#10"}
			}
		},
		{
			"name": "bone",
			"from": [17.54393, 15.76812, 3.9511],
			"to": [22.29593, 16.56012, 4.6375],
			"rotation": {"angle": -22.5, "axis": "z", "origin": [10.30018, 5.26638, 4.3075]},
			"faces": {
				"north": {"uv": [1, 8, 1.5, 8.5], "texture": "#10"},
				"east": {"uv": [1, 8, 1.5, 8.5], "rotation": 270, "texture": "#10"},
				"south": {"uv": [1, 8, 1.5, 8.5], "rotation": 180, "texture": "#10"},
				"west": {"uv": [1, 8, 1.5, 8.5], "rotation": 90, "texture": "#10"},
				"up": {"uv": [1, 8, 1.5, 8.5], "rotation": 180, "texture": "#10"},
				"down": {"uv": [1, 8, 1.5, 8.5], "texture": "#10"}
			}
		},
		{
			"name": "flap",
			"from": [12.024, -1.5801, 4.2679],
			"to": [24.96, 8.7159, 4.3079],
			"rotation": {"angle": 45, "axis": "z", "origin": [10.32878, 5.3092, 4.2547]},
			"faces": {
				"north": {"uv": [0, 16, 16, 0], "rotation": 270, "texture": "#9"},
				"east": {"uv": [10, 0, 0, 0.75], "rotation": 270, "texture": "#8"},
				"south": {"uv": [0, 16, 16, 0], "rotation": 270, "texture": "#8"},
				"west": {"uv": [10, 0, 0, 0.75], "rotation": 90, "texture": "#8"},
				"up": {"uv": [2, 0, 0, 0.75], "rotation": 180, "texture": "#8"},
				"down": {"uv": [2, 0, 0, 0.75], "texture": "#8"}
			}
		},
		{
			"name": "tendon",
			"from": [8.73902, 10.57124, 4.0699],
			"to": [11.59022, 11.09924, 4.3603],
			"rotation": {"angle": -22.5, "axis": "z", "origin": [10.32878, 5.3092, 4.2547]},
			"faces": {
				"north": {"uv": [1, 8, 1.5, 8.5], "texture": "#10"},
				"east": {"uv": [1, 8, 1.5, 8.5], "rotation": 270, "texture": "#10"},
				"south": {"uv": [1, 8, 1.5, 8.5], "rotation": 180, "texture": "#10"},
				"west": {"uv": [1, 8, 1.5, 8.5], "rotation": 90, "texture": "#10"},
				"up": {"uv": [1, 8, 1.5, 8.5], "rotation": 180, "texture": "#10"},
				"down": {"uv": [1, 8, 1.5, 8.5], "texture": "#10"}
			}
		},
		{
			"name": "tendon",
			"from": [14.78694, 4.8682, 4.0831],
			"to": [15.31494, 8.5114, 4.3471],
			"rotation": {"angle": 22.5, "axis": "z", "origin": [10.32878, 5.3092, 4.2547]},
			"faces": {
				"north": {"uv": [1, 8, 1.5, 8.5], "rotation": 270, "texture": "#10"},
				"east": {"uv": [1, 8, 1.5, 8.5], "rotation": 270, "texture": "#10"},
				"south": {"uv": [1, 8, 1.5, 8.5], "rotation": 270, "texture": "#10"},
				"west": {"uv": [1, 8, 1.5, 8.5], "rotation": 90, "texture": "#10"},
				"up": {"uv": [1, 8, 1.5, 8.5], "rotation": 180, "texture": "#10"},
				"down": {"uv": [1, 8, 1.5, 8.5], "texture": "#10"}
			}
		},
		{
			"name": "tendon",
			"from": [10.32302, 12.68324, 4.0699],
			"to": [14.49422, 13.21124, 4.3603],
			"rotation": {"angle": -22.5, "axis": "z", "origin": [10.32878, 5.3092, 4.2547]},
			"faces": {
				"north": {"uv": [1, 8, 1.5, 8.5], "texture": "#10"},
				"east": {"uv": [1, 8, 1.5, 8.5], "rotation": 270, "texture": "#10"},
				"south": {"uv": [1, 8, 1.5, 8.5], "rotation": 180, "texture": "#10"},
				"west": {"uv": [1, 8, 1.5, 8.5], "rotation": 90, "texture": "#10"},
				"up": {"uv": [1, 8, 1.5, 8.5], "rotation": 180, "texture": "#10"},
				"down": {"uv": [1, 8, 1.5, 8.5], "texture": "#10"}
			}
		},
		{
			"name": "tendon",
			"from": [21.40557, 8.98338, 4.0831],
			"to": [21.93357, 10.88418, 4.3471],
			"rotation": {"angle": 0, "axis": "z", "origin": [10.32878, 5.3092, 4.2547]},
			"faces": {
				"north": {"uv": [1, 8, 1.5, 8.5], "rotation": 270, "texture": "#10"},
				"east": {"uv": [1, 8, 1.5, 8.5], "rotation": 270, "texture": "#10"},
				"south": {"uv": [1, 8, 1.5, 8.5], "rotation": 270, "texture": "#10"},
				"west": {"uv": [1, 8, 1.5, 8.5], "rotation": 90, "texture": "#10"},
				"up": {"uv": [1, 8, 1.5, 8.5], "rotation": 180, "texture": "#10"},
				"down": {"uv": [1, 8, 1.5, 8.5], "texture": "#10"}
			}
		},
		{
			"name": "tendon",
			"from": [22.66175, 6.01231, 4.0699],
			"to": [23.18975, 7.95271, 4.3603],
			"rotation": {"angle": 22.5, "axis": "z", "origin": [10.32878, 5.3092, 4.2547]},
			"faces": {
				"north": {"uv": [1, 8, 1.5, 8.5], "rotation": 270, "texture": "#10"},
				"east": {"uv": [1, 8, 1.5, 8.5], "rotation": 270, "texture": "#10"},
				"south": {"uv": [1, 8, 1.5, 8.5], "rotation": 270, "texture": "#10"},
				"west": {"uv": [1, 8, 1.5, 8.5], "rotation": 90, "texture": "#10"},
				"up": {"uv": [1, 8, 1.5, 8.5], "rotation": 180, "texture": "#10"},
				"down": {"uv": [1, 8, 1.5, 8.5], "texture": "#10"}
			}
		},
		{
			"name": "tendon",
			"from": [18.33378, 4.73058, 4.0831],
			"to": [18.86178, 7.95138, 4.3471],
			"rotation": {"angle": 22.5, "axis": "z", "origin": [10.32878, 5.3092, 4.2547]},
			"faces": {
				"north": {"uv": [1, 8, 1.5, 8.5], "rotation": 270, "texture": "#10"},
				"east": {"uv": [1, 8, 1.5, 8.5], "rotation": 270, "texture": "#10"},
				"south": {"uv": [1, 8, 1.5, 8.5], "rotation": 270, "texture": "#10"},
				"west": {"uv": [1, 8, 1.5, 8.5], "rotation": 90, "texture": "#10"},
				"up": {"uv": [1, 8, 1.5, 8.5], "rotation": 180, "texture": "#10"},
				"down": {"uv": [1, 8, 1.5, 8.5], "texture": "#10"}
			}
		},
		{
			"name": "head",
			"from": [2.984, 6.9688, -7.9344],
			"to": [13.016, 17.0008, 3.1008],
			"rotation": {"angle": 22.5, "axis": "x", "origin": [7.94842, 14.52161, -5.65276]},
			"faces": {
				"north": {"uv": [0, 0, 8, 8], "texture": "#10"},
				"east": {"uv": [0, 0, 8, 8], "texture": "#10"},
				"south": {"uv": [0, 0, 8, 8], "texture": "#10"},
				"west": {"uv": [0, 0, 8, 8], "texture": "#10"},
				"up": {"uv": [0, 0, 8, 8], "texture": "#10"},
				"down": {"uv": [0, 0, 8, 8], "texture": "#10"}
			}
		},
		{
			"name": "ear",
			"from": [5.22693, 15.39347, -0.112],
			"to": [7.23333, 17.39987, 0.8912],
			"rotation": {"angle": 45, "axis": "z", "origin": [7.94842, 14.52161, -5.65276]},
			"faces": {
				"north": {"uv": [1, 8, 1.5, 8.5], "texture": "#10"},
				"east": {"uv": [1, 8, 1.5, 8.5], "texture": "#10"},
				"south": {"uv": [1, 8, 1.5, 8.5], "texture": "#10"},
				"west": {"uv": [1, 8, 1.5, 8.5], "texture": "#10"},
				"up": {"uv": [1, 8, 1.5, 8.5], "texture": "#10"},
				"down": {"uv": [1, 8, 1.5, 8.5], "texture": "#10"}
			}
		},
		{
			"name": "ear",
			"from": [8.83845, 11.78195, -0.112],
			"to": [10.84485, 13.78835, 0.8912],
			"rotation": {"angle": 45, "axis": "z", "origin": [7.94842, 14.52161, -5.65276]},
			"faces": {
				"north": {"uv": [1, 8, 1.5, 8.5], "texture": "#10"},
				"east": {"uv": [1, 8, 1.5, 8.5], "texture": "#10"},
				"south": {"uv": [1, 8, 1.5, 8.5], "texture": "#10"},
				"west": {"uv": [1, 8, 1.5, 8.5], "texture": "#10"},
				"up": {"uv": [1, 8, 1.5, 8.5], "texture": "#10"},
				"down": {"uv": [1, 8, 1.5, 8.5], "texture": "#10"}
			}
		},
		{
			"name": "snout",
			"from": [2.984, 6.9608, -8.9376],
			"to": [13.016, 11.9768, -7.9344],
			"rotation": {"angle": 22.5, "axis": "x", "origin": [7.94842, 14.52161, -5.65276]},
			"faces": {
				"north": {"uv": [0, 4, 8, 8], "texture": "#10"},
				"east": {"uv": [0, 4, 1, 8], "texture": "#10"},
				"south": {"uv": [0, 4, 8, 8], "texture": "#10"},
				"west": {"uv": [0, 4, 1, 8], "texture": "#10"},
				"up": {"uv": [0, 7.5, 8, 8], "texture": "#10"},
				"down": {"uv": [0, 7.5, 8, 8], "texture": "#10"}
			}
		},
		{
			"name": "mouth",
			"from": [2.4824, -3.9028, -12.244],
			"to": [13.5176, 0.3608, 1.8008],
			"rotation": {"angle": -22.5, "axis": "x", "origin": [7.98927, -2.74143, -8.94038]},
			"faces": {
				"north": {"uv": [0.5, 8, 6.5, 10.5], "texture": "#10"},
				"east": {"uv": [0, 8, 7, 10.5], "texture": "#10"},
				"south": {"uv": [0.5, 8, 6.5, 10.5], "texture": "#10"},
				"west": {"uv": [0, 8, 7, 10.5], "texture": "#10"},
				"up": {"uv": [8, 0, 13, 6], "texture": "#10"},
				"down": {"uv": [0.5, 10, 6.5, 16], "texture": "#10"}
			}
		},
		{
			"name": "tooth",
			"from": [11.5112, -1.2792, -13.244],
			"to": [12.5144, -0.276, -12.2408],
			"rotation": {"angle": -22.5, "axis": "x", "origin": [11.99131, -1.09313, -13.4653]},
			"faces": {
				"north": {"uv": [13.5, 3.5, 15.75, 5.5], "texture": "#10"},
				"east": {"uv": [14, 4, 15, 5], "texture": "#10"},
				"south": {"uv": [13.5, 3.5, 15.5, 5.5], "texture": "#10"},
				"west": {"uv": [14, 4, 15, 5], "texture": "#10"},
				"up": {"uv": [14, 3.5, 15, 4.5], "texture": "#10"},
				"down": {"uv": [14, 3.5, 15, 4.5], "texture": "#10"}
			}
		},
		{
			"name": "tooth",
			"from": [3.4856, -2.0392, -13.374],
			"to": [4.4888, -1.036, -12.3708],
			"rotation": {"angle": -22.5, "axis": "x", "origin": [3.96225, -1.10367, -15.45131]},
			"faces": {
				"north": {"uv": [13.5, 3.5, 15.75, 5.5], "texture": "#10"},
				"east": {"uv": [14, 4, 15, 5], "texture": "#10"},
				"south": {"uv": [13.5, 3.5, 15.5, 5.5], "texture": "#10"},
				"west": {"uv": [14, 4, 15, 5], "texture": "#10"},
				"up": {"uv": [14, 3.5, 15, 4.5], "texture": "#10"},
				"down": {"uv": [14, 4, 15, 5], "texture": "#10"}
			}
		},
		{
			"name": "eye",
			"from": [2.7256, 10.5328, -6.536],
			"to": [2.9688, 14.576, -2.4928],
			"rotation": {"angle": 22.5, "axis": "x", "origin": [7.94842, 14.52161, -5.65276]},
			"faces": {
				"north": {"uv": [13.5, 3.5, 15.75, 5.5], "texture": "#10"},
				"east": {"uv": [14.5, 3.5, 15.5, 4.5], "texture": "#10"},
				"south": {"uv": [13.5, 3.5, 15.5, 5.5], "texture": "#10"},
				"west": {"uv": [14.5, 4, 15.5, 5], "texture": "#10"},
				"up": {"uv": [13.5, 4, 14.5, 5], "texture": "#10"},
				"down": {"uv": [14.5, 4, 15.5, 5], "texture": "#10"}
			}
		},
		{
			"name": "eye",
			"from": [2.4976, 12.0528, -6.156],
			"to": [2.7408, 13.816, -4.3928],
			"rotation": {"angle": 22.5, "axis": "x", "origin": [7.94842, 14.52161, -5.65276]},
			"faces": {
				"north": {"uv": [1, 8, 1.5, 8.5], "texture": "#10"},
				"east": {"uv": [1, 8, 1.5, 8.5], "texture": "#10"},
				"south": {"uv": [1, 8, 1.5, 8.5], "texture": "#10"},
				"west": {"uv": [1, 8, 1.5, 8.5], "texture": "#10"},
				"up": {"uv": [1, 8, 1.5, 8.5], "texture": "#10"},
				"down": {"uv": [1, 8, 1.5, 8.5], "texture": "#10"}
			}
		},
		{
			"name": "eye",
			"from": [12.9856, 10.5328, -6.536],
			"to": [13.2288, 14.576, -2.4928],
			"rotation": {"angle": 22.5, "axis": "x", "origin": [7.94842, 14.52161, -5.65276]},
			"faces": {
				"north": {"uv": [13.5, 3.5, 15.75, 5.5], "texture": "#10"},
				"east": {"uv": [14.5, 3.5, 15.5, 4.5], "texture": "#10"},
				"south": {"uv": [13.5, 3.5, 15.5, 5.5], "texture": "#10"},
				"west": {"uv": [14.5, 4, 15.5, 5], "texture": "#10"},
				"up": {"uv": [13.5, 4, 14.5, 5], "texture": "#10"},
				"down": {"uv": [14.5, 4, 15.5, 5], "texture": "#10"}
			}
		},
		{
			"name": "eye",
			"from": [12.9856, 13.97096, -6.90284],
			"to": [13.6088, 14.97416, -2.09964],
			"rotation": {"angle": 22.5, "axis": "x", "origin": [7.94842, 14.52161, -5.65276]},
			"faces": {
				"north": {"uv": [13.5, 0.5, 15.75, 2.5], "texture": "#10"},
				"east": {"uv": [14, 0.5, 15, 1.5], "texture": "#10"},
				"south": {"uv": [13.5, 0.5, 15.5, 2.5], "texture": "#10"},
				"west": {"uv": [14, 0.5, 15, 1.5], "texture": "#10"},
				"up": {"uv": [14, 1, 15.5, 2], "texture": "#10"},
				"down": {"uv": [14, 0.5, 15, 1.5], "texture": "#10"}
			}
		},
		{
			"name": "eye",
			"from": [2.3456, 13.97096, -6.90284],
			"to": [2.9688, 14.97416, -2.09964],
			"rotation": {"angle": 22.5, "axis": "x", "origin": [7.94842, 14.52161, -5.65276]},
			"faces": {
				"north": {"uv": [13.5, 0.5, 15.75, 2.5], "texture": "#10"},
				"east": {"uv": [14, 0.5, 15, 1.5], "texture": "#10"},
				"south": {"uv": [13.5, 0.5, 15.5, 2.5], "texture": "#10"},
				"west": {"uv": [14, 0.5, 15, 1.5], "texture": "#10"},
				"up": {"uv": [14, 1, 15.5, 2], "texture": "#10"},
				"down": {"uv": [14, 0.5, 15, 1.5], "texture": "#10"}
			}
		},
		{
			"name": "eye",
			"from": [13.1376, 12.0528, -6.156],
			"to": [13.3808, 13.816, -4.3928],
			"rotation": {"angle": 22.5, "axis": "x", "origin": [7.94842, 14.52161, -5.65276]},
			"faces": {
				"north": {"uv": [1, 8, 1.5, 8.5], "texture": "#10"},
				"east": {"uv": [1, 8, 1.5, 8.5], "texture": "#10"},
				"south": {"uv": [1, 8, 1.5, 8.5], "texture": "#10"},
				"west": {"uv": [1, 8, 1.5, 8.5], "texture": "#10"},
				"up": {"uv": [1, 8, 1.5, 8.5], "texture": "#10"},
				"down": {"uv": [1, 8, 1.5, 8.5], "texture": "#10"}
			}
		},
		{
			"name": "nose",
			"from": [4.1696, 8.27096, -9.18284],
			"to": [6.7688, 8.81816, -8.93964],
			"rotation": {"angle": 22.5, "axis": "x", "origin": [7.94842, 14.52161, -5.65276]},
			"faces": {
				"north": {"uv": [13.5, 0.5, 15.75, 2.5], "texture": "#10"},
				"east": {"uv": [14, 0.5, 15, 1.5], "texture": "#10"},
				"south": {"uv": [13.5, 0.5, 15.5, 2.5], "texture": "#10"},
				"west": {"uv": [14, 0.5, 15, 1.5], "texture": "#10"},
				"up": {"uv": [14, 1, 15.5, 2], "texture": "#10"},
				"down": {"uv": [14, 0.5, 15, 1.5], "texture": "#10"}
			}
		},
		{
			"name": "nose",
			"from": [9.2616, 8.27096, -9.18284],
			"to": [11.8608, 8.81816, -8.93964],
			"rotation": {"angle": 22.5, "axis": "x", "origin": [7.94842, 14.52161, -5.65276]},
			"faces": {
				"north": {"uv": [13.5, 0.5, 15.75, 2.5], "texture": "#10"},
				"east": {"uv": [14, 0.5, 15, 1.5], "texture": "#10"},
				"south": {"uv": [13.5, 0.5, 15.5, 2.5], "texture": "#10"},
				"west": {"uv": [14, 0.5, 15, 1.5], "texture": "#10"},
				"up": {"uv": [14, 1, 15.5, 2], "texture": "#10"},
				"down": {"uv": [14, 0.5, 15, 1.5], "texture": "#10"}
			}
		},
		{
			"name": "nose",
			"from": [9.8696, 8.87896, -9.18284],
			"to": [11.1008, 9.42616, -8.93964],
			"rotation": {"angle": 22.5, "axis": "x", "origin": [7.94842, 14.52161, -5.65276]},
			"faces": {
				"north": {"uv": [13.5, 0.5, 15.75, 2.5], "texture": "#10"},
				"east": {"uv": [14, 0.5, 15, 1.5], "texture": "#10"},
				"south": {"uv": [13.5, 0.5, 15.5, 2.5], "texture": "#10"},
				"west": {"uv": [14, 0.5, 15, 1.5], "texture": "#10"},
				"up": {"uv": [14, 1, 15.5, 2], "texture": "#10"},
				"down": {"uv": [14, 0.5, 15, 1.5], "texture": "#10"}
			}
		},
		{
			"name": "nose",
			"from": [4.9296, 8.87896, -9.18284],
			"to": [6.1608, 9.42616, -8.93964],
			"rotation": {"angle": 22.5, "axis": "x", "origin": [7.94842, 14.52161, -5.65276]},
			"faces": {
				"north": {"uv": [13.5, 0.5, 15.75, 2.5], "texture": "#10"},
				"east": {"uv": [14, 0.5, 15, 1.5], "texture": "#10"},
				"south": {"uv": [13.5, 0.5, 15.5, 2.5], "texture": "#10"},
				"west": {"uv": [14, 0.5, 15, 1.5], "texture": "#10"},
				"up": {"uv": [14, 1, 15.5, 2], "texture": "#10"},
				"down": {"uv": [14, 0.5, 15, 1.5], "texture": "#10"}
			}
		}
	],
	"display": {
		"head": {
			"translation": [0, -25, 0],
			"scale": [1.25, 1.25, 1.25]
		}
	},
	"groups": [
		{
			"name": "body",
			"origin": [14.6, 5.28, 2.34],
			"children": [0, 1, 2, 3, 4, 5, 6, 7, 8, 9, 10, 11, 12, 13, 14, 15, 16, 17]
		},
		{
			"name": "dragtail",
			"origin": [8, 8, 8],
			"children": [
				{
					"name": "tail",
					"origin": [8, 4.95, 10.656],
					"children": [18, 19, 20]
				}
			]
		},
		{
			"name": "dragwingleft",
			"origin": [8, 8, 8],
			"children": [
				{
					"name": "dragonwingleft",
					"origin": [8, 8, 8],
					"children": [21, 22, 23, 24, 25, 26, 27, 28, 29, 30, 31, 32]
				}
			]
		},
		{
			"name": "dragwingright",
			"origin": [8, 8, 8],
			"children": [
				{
					"name": "dragonwingright",
					"origin": [8, 8, 8],
					"children": [33, 34, 35, 36, 37, 38, 39, 40, 41, 42, 43, 44]
				}
			]
		},
		{
			"name": "dragheadclosed",
			"origin": [8, 8, 8],
			"children": [
				{
					"name": "head",
					"origin": [8, 7.92, 5.64],
					"children": [45, 46, 47, 48, 49, 50, 51, 52, 53, 54, 55, 56, 57, 58, 59, 60, 61]
				}
			]
		}
	]
}