{
	"credit": "Made with Blockbench",
	"textures": {
		"0": "blocks/piano1",
		"1": "blocks/piano2",
		"particle": "blocks/piano1"
	},
	"elements": [
		{
			"name": "body",
			"from": [-4, 0, 3],
			"to": [20, 20, 13],
			"faces": {
				"north": {"uv": [1, 0, 10.75, 8.5], "texture": "#0"},
				"east": {"uv": [11, 0, 14, 8.5], "texture": "#0"},
				"south": {"uv": [0, 7.5, 11.5, 16], "texture": "#1"},
				"west": {"uv": [11, 0, 14, 8.5], "texture": "#0"},
				"up": {"uv": [0, 11.75, 12, 16], "texture": "#0"},
				"down": {"uv": [0, 11.75, 12, 16], "texture": "#0"}
			}
		},
		{
			"name": "body2",
			"from": [-3.9, 7.5, -2],
			"to": [-1, 11, 8],
			"faces": {
				"north": {"uv": [14.5, 13.5, 15.5, 14.75], "rotation": 180, "texture": "#0"},
				"east": {"uv": [13.75, 11.25, 16, 12.5], "texture": "#0"},
				"south": {"uv": [14.5, 12.5, 15.25, 13.5], "texture": "#0"},
				"west": {"uv": [13.5, 11.25, 16, 12.5], "rotation": 180, "texture": "#0"},
				"up": {"uv": [13.5, 14.75, 16, 16], "rotation": 270, "texture": "#0"},
				"down": {"uv": [13.5, 11.25, 16, 12.5], "texture": "#0"}
			}
		},
		{
			"name": "body3",
			"from": [17, 7.5, -2],
			"to": [19.9, 11, 8],
			"faces": {
				"north": {"uv": [14.5, 13.5, 15.5, 14.75], "texture": "#0"},
				"east": {"uv": [13.75, 11.25, 16, 12.5], "texture": "#0"},
				"south": {"uv": [14.5, 12.5, 15.25, 13.5], "texture": "#0"},
				"west": {"uv": [13.5, 11.25, 16, 12.5], "rotation": 180, "texture": "#0"},
				"up": {"uv": [13.5, 14.75, 16, 16], "rotation": 90, "texture": "#0"},
				"down": {"uv": [13.5, 11.25, 16, 12.5], "texture": "#0"}
			}
		},
		{
			"name": "body4",
			"from": [-1, 7.5, -2],
			"to": [17, 9, 8],
			"faces": {
				"north": {"uv": [0, 10, 9.5, 10.5], "texture": "#0"},
				"east": {"uv": [13.75, 11.25, 16, 12.5], "texture": "#0"},
				"south": {"uv": [14.5, 12.5, 15.25, 13.5], "texture": "#0"},
				"west": {"uv": [13.5, 11.25, 16, 12.5], "rotation": 180, "texture": "#0"},
				"up": {"uv": [0, 10.5, 12, 12], "rotation": 90, "texture": "#0"},
				"down": {"uv": [13.5, 11.25, 16, 12.5], "texture": "#0"}
			}
		},
		{
			"name": "body5",
			"from": [-1, 10, 0],
			"to": [17, 14, 0.5],
			"rotation": {"angle": 22.5, "axis": "x", "origin": [8, 8, 0]},
			"faces": {
				"north": {"uv": [0, 10.5, 12, 12], "texture": "#0"},
				"east": {"uv": [13.75, 11.25, 16, 12.5], "rotation": 90, "texture": "#0"},
				"south": {"uv": [13.5, 11.25, 16, 12.5], "texture": "#0"},
				"west": {"uv": [13.5, 11.25, 16, 12.5], "rotation": 90, "texture": "#0"},
				"up": {"uv": [14.5, 12.5, 15.25, 13.5], "texture": "#0"},
				"down": {"uv": [0, 10, 9.5, 10.5], "rotation": 180, "texture": "#0"}
			}
		},
		{
			"name": "body6",
			"from": [-1, 13.5, -1],
			"to": [17, 14, 0.5],
			"rotation": {"angle": 22.5, "axis": "x", "origin": [8, 8, 0]},
			"faces": {
				"north": {"uv": [0, 10.5, 12, 12], "texture": "#0"},
				"east": {"uv": [13.75, 11.25, 16, 12.5], "rotation": 90, "texture": "#0"},
				"south": {"uv": [13.5, 11.25, 16, 12.5], "texture": "#0"},
				"west": {"uv": [13.5, 11.25, 16, 12.5], "rotation": 90, "texture": "#0"},
				"up": {"uv": [14.5, 12.5, 15.25, 13.5], "texture": "#0"},
				"down": {"uv": [0, 10, 9.5, 10.5], "rotation": 180, "texture": "#0"}
			}
		},
		{
			"name": "body7",
			"from": [-1, 8, 0],
			"to": [17, 9.5, 8],
			"faces": {
				"north": {"uv": [0, 10, 9.5, 10.5], "texture": "#0"},
				"east": {"uv": [13.75, 11.25, 16, 12.5], "texture": "#0"},
				"south": {"uv": [14.5, 12.5, 15.25, 13.5], "texture": "#0"},
				"west": {"uv": [13.5, 11.25, 16, 12.5], "rotation": 180, "texture": "#0"},
				"up": {"uv": [0, 10.5, 12, 12], "rotation": 90, "texture": "#0"},
				"down": {"uv": [13.5, 11.25, 16, 12.5], "texture": "#0"}
			}
		},
		{
			"name": "body8",
			"from": [17.5, 0.4, -2],
			"to": [19.9, 2.9, 8],
			"faces": {
				"north": {"uv": [14.5, 13.5, 15.5, 14.75], "texture": "#0"},
				"east": {"uv": [13.75, 11.25, 16, 12.5], "texture": "#0"},
				"south": {"uv": [14.5, 12.5, 15.25, 13.5], "texture": "#0"},
				"west": {"uv": [13.5, 11.25, 16, 12.5], "rotation": 180, "texture": "#0"},
				"up": {"uv": [13.5, 14.75, 16, 16], "rotation": 90, "texture": "#0"},
				"down": {"uv": [13.5, 11.25, 16, 12.5], "texture": "#0"}
			}
		},
		{
			"name": "pedal",
			"from": [8.5, 0.4, 1.4],
			"to": [9.9, 1.4, 3.4],
			"rotation": {"angle": -22.5, "axis": "x", "origin": [9.2, 1.15, 2]},
			"faces": {
				"north": {"uv": [10, 9, 10.5, 9.75], "texture": "#0"},
				"east": {"uv": [10, 9, 10.5, 9.75], "texture": "#0"},
				"south": {"uv": [10, 9, 10.5, 9.75], "texture": "#0"},
				"west": {"uv": [10, 9, 10.5, 9.75], "rotation": 180, "texture": "#0"},
				"up": {"uv": [10, 9, 10.5, 9.75], "rotation": 90, "texture": "#0"},
				"down": {"uv": [10, 9, 10.5, 9.75], "texture": "#0"}
			}
		},
		{
			"name": "pedal",
			"from": [6.8, 0.4, 1.4],
			"to": [8.2, 1.4, 3.4],
			"rotation": {"angle": -22.5, "axis": "x", "origin": [9.2, 1.15, 2]},
			"faces": {
				"north": {"uv": [10, 9, 10.5, 9.75], "texture": "#0"},
				"east": {"uv": [10, 9, 10.5, 9.75], "texture": "#0"},
				"south": {"uv": [10, 9, 10.5, 9.75], "texture": "#0"},
				"west": {"uv": [10, 9, 10.5, 9.75], "rotation": 180, "texture": "#0"},
				"up": {"uv": [10, 9, 10.5, 9.75], "rotation": 90, "texture": "#0"},
				"down": {"uv": [10, 9, 10.5, 9.75], "texture": "#0"}
			}
		},
		{
			"name": "body9",
			"from": [-3.75, 0.4, -2],
			"to": [-1.35, 2.9, 8],
			"faces": {
				"north": {"uv": [14.5, 13.5, 15.5, 14.75], "texture": "#0"},
				"east": {"uv": [13.75, 11.25, 16, 12.5], "texture": "#0"},
				"south": {"uv": [14.5, 12.5, 15.25, 13.5], "texture": "#0"},
				"west": {"uv": [13.5, 11.25, 16, 12.5], "rotation": 180, "texture": "#0"},
				"up": {"uv": [13.5, 14.75, 16, 16], "rotation": 90, "texture": "#0"},
				"down": {"uv": [13.5, 11.25, 16, 12.5], "texture": "#0"}
			}
		},
		{
			"name": "body10",
			"from": [-3.25, 0.4, -1.8],
			"to": [-2.35, 7.9, 8],
			"faces": {
				"north": {"uv": [1.25, 8.5, 2.25, 9.75], "texture": "#0"},
				"east": {"uv": [2.5, 8.75, 4.75, 10], "texture": "#0"},
				"south": {"uv": [14.5, 12.5, 15.25, 13.5], "texture": "#0"},
				"west": {"uv": [2.25, 8.5, 4.75, 9.75], "rotation": 180, "texture": "#0"},
				"up": {"uv": [13.5, 14.75, 16, 16], "rotation": 90, "texture": "#0"},
				"down": {"uv": [13.5, 11.25, 16, 12.5], "texture": "#0"}
			}
		},
		{
			"name": "body11",
			"from": [18.45, 0.4, -1.8],
			"to": [19.35, 7.9, 8],
			"faces": {
				"north": {"uv": [1.25, 8.5, 2.25, 9.75], "texture": "#0"},
				"east": {"uv": [2.5, 8.75, 4.75, 10], "texture": "#0"},
				"south": {"uv": [14.5, 12.5, 15.25, 13.5], "texture": "#0"},
				"west": {"uv": [2.25, 8.5, 4.75, 9.75], "rotation": 180, "texture": "#0"},
				"up": {"uv": [13.5, 14.75, 16, 16], "rotation": 90, "texture": "#0"},
				"down": {"uv": [13.5, 11.25, 16, 12.5], "texture": "#0"}
			}
		},
		{
			"name": "key",
			"from": [14, 8, -1.75],
			"to": [17, 9.5, 0],
			"faces": {
				"north": {"uv": [0, 5.5, 16, 6.25], "rotation": 180, "texture": "#1"},
				"east": {"uv": [13.75, 11.25, 16, 12.5], "texture": "#1"},
				"south": {"uv": [14.5, 12.5, 15.25, 13.5], "texture": "#1"},
				"west": {"uv": [13.5, 11.25, 16, 12.5], "rotation": 180, "texture": "#1"},
				"up": {"uv": [0, 5.5, 16, 6.25], "texture": "#1"},
				"down": {"uv": [13.5, 11.25, 16, 12.5], "texture": "#1"}
			}
		},
		{
			"name": "blackkey",
			"from": [16.2, 9.55, -1.45],
			"to": [16.35, 9.7, 0],
			"faces": {
				"north": {"uv": [9.75, 0, 10.5, 0.5], "rotation": 180, "texture": "#1"},
				"east": {"uv": [9.75, 0, 10.5, 0.5], "texture": "#1"},
				"south": {"uv": [10, 0, 10.5, 0.5], "texture": "#1"},
				"west": {"uv": [9.75, 0, 10.5, 0.5], "rotation": 180, "texture": "#1"},
				"up": {"uv": [9.75, 0, 10.5, 0.5], "texture": "#1"},
				"down": {"uv": [9.75, 0, 10.5, 0.5], "texture": "#1"}
			}
		},
		{
			"name": "blackkey",
			"from": [10.95, 9.55, -1.45],
			"to": [11.1, 9.7, 0],
			"faces": {
				"north": {"uv": [9.75, 0, 10.5, 0.5], "rotation": 180, "texture": "#1"},
				"east": {"uv": [9.75, 0, 10.5, 0.5], "texture": "#1"},
				"south": {"uv": [10, 0, 10.5, 0.5], "texture": "#1"},
				"west": {"uv": [9.75, 0, 10.5, 0.5], "rotation": 180, "texture": "#1"},
				"up": {"uv": [9.75, 0, 10.5, 0.5], "texture": "#1"},
				"down": {"uv": [9.75, 0, 10.5, 0.5], "texture": "#1"}
			}
		},
		{
			"name": "blackkey",
			"from": [5.7, 9.55, -1.45],
			"to": [5.85, 9.7, 0],
			"faces": {
				"north": {"uv": [9.75, 0, 10.5, 0.5], "rotation": 180, "texture": "#1"},
				"east": {"uv": [9.75, 0, 10.5, 0.5], "texture": "#1"},
				"south": {"uv": [10, 0, 10.5, 0.5], "texture": "#1"},
				"west": {"uv": [9.75, 0, 10.5, 0.5], "rotation": 180, "texture": "#1"},
				"up": {"uv": [9.75, 0, 10.5, 0.5], "texture": "#1"},
				"down": {"uv": [9.75, 0, 10.5, 0.5], "texture": "#1"}
			}
		},
		{
			"name": "blackkey",
			"from": [13.6, 9.55, -1.45],
			"to": [13.75, 9.7, 0],
			"faces": {
				"north": {"uv": [9.75, 0, 10.5, 0.5], "rotation": 180, "texture": "#1"},
				"east": {"uv": [9.75, 0, 10.5, 0.5], "texture": "#1"},
				"south": {"uv": [10, 0, 10.5, 0.5], "texture": "#1"},
				"west": {"uv": [9.75, 0, 10.5, 0.5], "rotation": 180, "texture": "#1"},
				"up": {"uv": [9.75, 0, 10.5, 0.5], "texture": "#1"},
				"down": {"uv": [9.75, 0, 10.5, 0.5], "texture": "#1"}
			}
		},
		{
			"name": "blackkey",
			"from": [8.35, 9.55, -1.45],
			"to": [8.5, 9.7, 0],
			"faces": {
				"north": {"uv": [9.75, 0, 10.5, 0.5], "rotation": 180, "texture": "#1"},
				"east": {"uv": [9.75, 0, 10.5, 0.5], "texture": "#1"},
				"south": {"uv": [10, 0, 10.5, 0.5], "texture": "#1"},
				"west": {"uv": [9.75, 0, 10.5, 0.5], "rotation": 180, "texture": "#1"},
				"up": {"uv": [9.75, 0, 10.5, 0.5], "texture": "#1"},
				"down": {"uv": [9.75, 0, 10.5, 0.5], "texture": "#1"}
			}
		},
		{
			"name": "blackkey",
			"from": [3.1, 9.55, -1.45],
			"to": [3.25, 9.7, 0],
			"faces": {
				"north": {"uv": [9.75, 0, 10.5, 0.5], "rotation": 180, "texture": "#1"},
				"east": {"uv": [9.75, 0, 10.5, 0.5], "texture": "#1"},
				"south": {"uv": [10, 0, 10.5, 0.5], "texture": "#1"},
				"west": {"uv": [9.75, 0, 10.5, 0.5], "rotation": 180, "texture": "#1"},
				"up": {"uv": [9.75, 0, 10.5, 0.5], "texture": "#1"},
				"down": {"uv": [9.75, 0, 10.5, 0.5], "texture": "#1"}
			}
		},
		{
			"name": "blackkey",
			"from": [0.45, 9.55, -1.45],
			"to": [0.6, 9.7, 0],
			"faces": {
				"north": {"uv": [9.75, 0, 10.5, 0.5], "rotation": 180, "texture": "#1"},
				"east": {"uv": [9.75, 0, 10.5, 0.5], "texture": "#1"},
				"south": {"uv": [10, 0, 10.5, 0.5], "texture": "#1"},
				"west": {"uv": [9.75, 0, 10.5, 0.5], "rotation": 180, "texture": "#1"},
				"up": {"uv": [9.75, 0, 10.5, 0.5], "texture": "#1"},
				"down": {"uv": [9.75, 0, 10.5, 0.5], "texture": "#1"}
			}
		},
		{
			"name": "blackkey",
			"from": [15.05, 9.55, -1.45],
			"to": [15.2, 9.7, 0],
			"faces": {
				"north": {"uv": [9.75, 0, 10.5, 0.5], "rotation": 180, "texture": "#1"},
				"east": {"uv": [9.75, 0, 10.5, 0.5], "texture": "#1"},
				"south": {"uv": [10, 0, 10.5, 0.5], "texture": "#1"},
				"west": {"uv": [9.75, 0, 10.5, 0.5], "rotation": 180, "texture": "#1"},
				"up": {"uv": [9.75, 0, 10.5, 0.5], "texture": "#1"},
				"down": {"uv": [9.75, 0, 10.5, 0.5], "texture": "#1"}
			}
		},
		{
			"name": "blackkey",
			"from": [9.8, 9.55, -1.45],
			"to": [9.95, 9.7, 0],
			"faces": {
				"north": {"uv": [9.75, 0, 10.5, 0.5], "rotation": 180, "texture": "#1"},
				"east": {"uv": [9.75, 0, 10.5, 0.5], "texture": "#1"},
				"south": {"uv": [10, 0, 10.5, 0.5], "texture": "#1"},
				"west": {"uv": [9.75, 0, 10.5, 0.5], "rotation": 180, "texture": "#1"},
				"up": {"uv": [9.75, 0, 10.5, 0.5], "texture": "#1"},
				"down": {"uv": [9.75, 0, 10.5, 0.5], "texture": "#1"}
			}
		},
		{
			"name": "blackkey",
			"from": [4.55, 9.55, -1.45],
			"to": [4.7, 9.7, 0],
			"faces": {
				"north": {"uv": [9.75, 0, 10.5, 0.5], "rotation": 180, "texture": "#1"},
				"east": {"uv": [9.75, 0, 10.5, 0.5], "texture": "#1"},
				"south": {"uv": [10, 0, 10.5, 0.5], "texture": "#1"},
				"west": {"uv": [9.75, 0, 10.5, 0.5], "rotation": 180, "texture": "#1"},
				"up": {"uv": [9.75, 0, 10.5, 0.5], "texture": "#1"},
				"down": {"uv": [9.75, 0, 10.5, 0.5], "texture": "#1"}
			}
		},
		{
			"name": "blackkey",
			"from": [12.45, 9.55, -1.45],
			"to": [12.6, 9.7, 0],
			"faces": {
				"north": {"uv": [9.75, 0, 10.5, 0.5], "rotation": 180, "texture": "#1"},
				"east": {"uv": [9.75, 0, 10.5, 0.5], "texture": "#1"},
				"south": {"uv": [10, 0, 10.5, 0.5], "texture": "#1"},
				"west": {"uv": [9.75, 0, 10.5, 0.5], "rotation": 180, "texture": "#1"},
				"up": {"uv": [9.75, 0, 10.5, 0.5], "texture": "#1"},
				"down": {"uv": [9.75, 0, 10.5, 0.5], "texture": "#1"}
			}
		},
		{
			"name": "blackkey",
			"from": [7.2, 9.55, -1.45],
			"to": [7.35, 9.7, 0],
			"faces": {
				"north": {"uv": [9.75, 0, 10.5, 0.5], "rotation": 180, "texture": "#1"},
				"east": {"uv": [9.75, 0, 10.5, 0.5], "texture": "#1"},
				"south": {"uv": [10, 0, 10.5, 0.5], "texture": "#1"},
				"west": {"uv": [9.75, 0, 10.5, 0.5], "rotation": 180, "texture": "#1"},
				"up": {"uv": [9.75, 0, 10.5, 0.5], "texture": "#1"},
				"down": {"uv": [9.75, 0, 10.5, 0.5], "texture": "#1"}
			}
		},
		{
			"name": "blackkey",
			"from": [1.95, 9.55, -1.45],
			"to": [2.1, 9.7, 0],
			"faces": {
				"north": {"uv": [9.75, 0, 10.5, 0.5], "rotation": 180, "texture": "#1"},
				"east": {"uv": [9.75, 0, 10.5, 0.5], "texture": "#1"},
				"south": {"uv": [10, 0, 10.5, 0.5], "texture": "#1"},
				"west": {"uv": [9.75, 0, 10.5, 0.5], "rotation": 180, "texture": "#1"},
				"up": {"uv": [9.75, 0, 10.5, 0.5], "texture": "#1"},
				"down": {"uv": [9.75, 0, 10.5, 0.5], "texture": "#1"}
			}
		},
		{
			"name": "blackkey",
			"from": [15.85, 9.55, -1.45],
			"to": [16, 9.7, 0],
			"faces": {
				"north": {"uv": [9.75, 0, 10.5, 0.5], "rotation": 180, "texture": "#1"},
				"east": {"uv": [9.75, 0, 10.5, 0.5], "texture": "#1"},
				"south": {"uv": [10, 0, 10.5, 0.5], "texture": "#1"},
				"west": {"uv": [9.75, 0, 10.5, 0.5], "rotation": 180, "texture": "#1"},
				"up": {"uv": [9.75, 0, 10.5, 0.5], "texture": "#1"},
				"down": {"uv": [9.75, 0, 10.5, 0.5], "texture": "#1"}
			}
		},
		{
			"name": "blackkey",
			"from": [10.6, 9.55, -1.45],
			"to": [10.75, 9.7, 0],
			"faces": {
				"north": {"uv": [9.75, 0, 10.5, 0.5], "rotation": 180, "texture": "#1"},
				"east": {"uv": [9.75, 0, 10.5, 0.5], "texture": "#1"},
				"south": {"uv": [10, 0, 10.5, 0.5], "texture": "#1"},
				"west": {"uv": [9.75, 0, 10.5, 0.5], "rotation": 180, "texture": "#1"},
				"up": {"uv": [9.75, 0, 10.5, 0.5], "texture": "#1"},
				"down": {"uv": [9.75, 0, 10.5, 0.5], "texture": "#1"}
			}
		},
		{
			"name": "blackkey",
			"from": [5.35, 9.55, -1.45],
			"to": [5.5, 9.7, 0],
			"faces": {
				"north": {"uv": [9.75, 0, 10.5, 0.5], "rotation": 180, "texture": "#1"},
				"east": {"uv": [9.75, 0, 10.5, 0.5], "texture": "#1"},
				"south": {"uv": [10, 0, 10.5, 0.5], "texture": "#1"},
				"west": {"uv": [9.75, 0, 10.5, 0.5], "rotation": 180, "texture": "#1"},
				"up": {"uv": [9.75, 0, 10.5, 0.5], "texture": "#1"},
				"down": {"uv": [9.75, 0, 10.5, 0.5], "texture": "#1"}
			}
		},
		{
			"name": "blackkey",
			"from": [13.25, 9.55, -1.45],
			"to": [13.4, 9.7, 0],
			"faces": {
				"north": {"uv": [9.75, 0, 10.5, 0.5], "rotation": 180, "texture": "#1"},
				"east": {"uv": [9.75, 0, 10.5, 0.5], "texture": "#1"},
				"south": {"uv": [10, 0, 10.5, 0.5], "texture": "#1"},
				"west": {"uv": [9.75, 0, 10.5, 0.5], "rotation": 180, "texture": "#1"},
				"up": {"uv": [9.75, 0, 10.5, 0.5], "texture": "#1"},
				"down": {"uv": [9.75, 0, 10.5, 0.5], "texture": "#1"}
			}
		},
		{
			"name": "blackkey",
			"from": [8, 9.55, -1.45],
			"to": [8.15, 9.7, 0],
			"faces": {
				"north": {"uv": [9.75, 0, 10.5, 0.5], "rotation": 180, "texture": "#1"},
				"east": {"uv": [9.75, 0, 10.5, 0.5], "texture": "#1"},
				"south": {"uv": [10, 0, 10.5, 0.5], "texture": "#1"},
				"west": {"uv": [9.75, 0, 10.5, 0.5], "rotation": 180, "texture": "#1"},
				"up": {"uv": [9.75, 0, 10.5, 0.5], "texture": "#1"},
				"down": {"uv": [9.75, 0, 10.5, 0.5], "texture": "#1"}
			}
		},
		{
			"name": "blackkey",
			"from": [2.75, 9.55, -1.45],
			"to": [2.9, 9.7, 0],
			"faces": {
				"north": {"uv": [9.75, 0, 10.5, 0.5], "rotation": 180, "texture": "#1"},
				"east": {"uv": [9.75, 0, 10.5, 0.5], "texture": "#1"},
				"south": {"uv": [10, 0, 10.5, 0.5], "texture": "#1"},
				"west": {"uv": [9.75, 0, 10.5, 0.5], "rotation": 180, "texture": "#1"},
				"up": {"uv": [9.75, 0, 10.5, 0.5], "texture": "#1"},
				"down": {"uv": [9.75, 0, 10.5, 0.5], "texture": "#1"}
			}
		},
		{
			"name": "blackkey",
			"from": [0.1, 9.55, -1.45],
			"to": [0.25, 9.7, 0],
			"faces": {
				"north": {"uv": [9.75, 0, 10.5, 0.5], "rotation": 180, "texture": "#1"},
				"east": {"uv": [9.75, 0, 10.5, 0.5], "texture": "#1"},
				"south": {"uv": [10, 0, 10.5, 0.5], "texture": "#1"},
				"west": {"uv": [9.75, 0, 10.5, 0.5], "rotation": 180, "texture": "#1"},
				"up": {"uv": [9.75, 0, 10.5, 0.5], "texture": "#1"},
				"down": {"uv": [9.75, 0, 10.5, 0.5], "texture": "#1"}
			}
		},
		{
			"name": "blackkey",
			"from": [-0.675, 9.55, -1.45],
			"to": [-0.525, 9.7, 0],
			"faces": {
				"north": {"uv": [9.75, 0, 10.5, 0.5], "rotation": 180, "texture": "#1"},
				"east": {"uv": [9.75, 0, 10.5, 0.5], "texture": "#1"},
				"south": {"uv": [10, 0, 10.5, 0.5], "texture": "#1"},
				"west": {"uv": [9.75, 0, 10.5, 0.5], "rotation": 180, "texture": "#1"},
				"up": {"uv": [9.75, 0, 10.5, 0.5], "texture": "#1"},
				"down": {"uv": [9.75, 0, 10.5, 0.5], "texture": "#1"}
			}
		},
		{
			"name": "blackkey",
			"from": [14.7, 9.55, -1.45],
			"to": [14.85, 9.7, 0],
			"faces": {
				"north": {"uv": [9.75, 0, 10.5, 0.5], "rotation": 180, "texture": "#1"},
				"east": {"uv": [9.75, 0, 10.5, 0.5], "texture": "#1"},
				"south": {"uv": [10, 0, 10.5, 0.5], "texture": "#1"},
				"west": {"uv": [9.75, 0, 10.5, 0.5], "rotation": 180, "texture": "#1"},
				"up": {"uv": [9.75, 0, 10.5, 0.5], "texture": "#1"},
				"down": {"uv": [9.75, 0, 10.5, 0.5], "texture": "#1"}
			}
		},
		{
			"name": "blackkey",
			"from": [9.45, 9.55, -1.45],
			"to": [9.6, 9.7, 0],
			"faces": {
				"north": {"uv": [9.75, 0, 10.5, 0.5], "rotation": 180, "texture": "#1"},
				"east": {"uv": [9.75, 0, 10.5, 0.5], "texture": "#1"},
				"south": {"uv": [10, 0, 10.5, 0.5], "texture": "#1"},
				"west": {"uv": [9.75, 0, 10.5, 0.5], "rotation": 180, "texture": "#1"},
				"up": {"uv": [9.75, 0, 10.5, 0.5], "texture": "#1"},
				"down": {"uv": [9.75, 0, 10.5, 0.5], "texture": "#1"}
			}
		},
		{
			"name": "blackkey",
			"from": [4.2, 9.55, -1.45],
			"to": [4.35, 9.7, 0],
			"faces": {
				"north": {"uv": [9.75, 0, 10.5, 0.5], "rotation": 180, "texture": "#1"},
				"east": {"uv": [9.75, 0, 10.5, 0.5], "texture": "#1"},
				"south": {"uv": [10, 0, 10.5, 0.5], "texture": "#1"},
				"west": {"uv": [9.75, 0, 10.5, 0.5], "rotation": 180, "texture": "#1"},
				"up": {"uv": [9.75, 0, 10.5, 0.5], "texture": "#1"},
				"down": {"uv": [9.75, 0, 10.5, 0.5], "texture": "#1"}
			}
		},
		{
			"name": "blackkey",
			"from": [12.1, 9.55, -1.45],
			"to": [12.25, 9.7, 0],
			"faces": {
				"north": {"uv": [9.75, 0, 10.5, 0.5], "rotation": 180, "texture": "#1"},
				"east": {"uv": [9.75, 0, 10.5, 0.5], "texture": "#1"},
				"south": {"uv": [10, 0, 10.5, 0.5], "texture": "#1"},
				"west": {"uv": [9.75, 0, 10.5, 0.5], "rotation": 180, "texture": "#1"},
				"up": {"uv": [9.75, 0, 10.5, 0.5], "texture": "#1"},
				"down": {"uv": [9.75, 0, 10.5, 0.5], "texture": "#1"}
			}
		},
		{
			"name": "blackkey",
			"from": [6.85, 9.55, -1.45],
			"to": [7, 9.7, 0],
			"faces": {
				"north": {"uv": [9.75, 0, 10.5, 0.5], "rotation": 180, "texture": "#1"},
				"east": {"uv": [9.75, 0, 10.5, 0.5], "texture": "#1"},
				"south": {"uv": [10, 0, 10.5, 0.5], "texture": "#1"},
				"west": {"uv": [9.75, 0, 10.5, 0.5], "rotation": 180, "texture": "#1"},
				"up": {"uv": [9.75, 0, 10.5, 0.5], "texture": "#1"},
				"down": {"uv": [9.75, 0, 10.5, 0.5], "texture": "#1"}
			}
		},
		{
			"name": "blackkey",
			"from": [1.6, 9.55, -1.45],
			"to": [1.75, 9.7, 0],
			"faces": {
				"north": {"uv": [9.75, 0, 10.5, 0.5], "rotation": 180, "texture": "#1"},
				"east": {"uv": [9.75, 0, 10.5, 0.5], "texture": "#1"},
				"south": {"uv": [10, 0, 10.5, 0.5], "texture": "#1"},
				"west": {"uv": [9.75, 0, 10.5, 0.5], "rotation": 180, "texture": "#1"},
				"up": {"uv": [9.75, 0, 10.5, 0.5], "texture": "#1"},
				"down": {"uv": [9.75, 0, 10.5, 0.5], "texture": "#1"}
			}
		},
		{
			"name": "blackkey",
			"from": [14.32, 9.55, -1.45],
			"to": [14.47, 9.7, 0],
			"faces": {
				"north": {"uv": [9.75, 0, 10.5, 0.5], "rotation": 180, "texture": "#1"},
				"east": {"uv": [9.75, 0, 10.5, 0.5], "texture": "#1"},
				"south": {"uv": [10, 0, 10.5, 0.5], "texture": "#1"},
				"west": {"uv": [9.75, 0, 10.5, 0.5], "rotation": 180, "texture": "#1"},
				"up": {"uv": [9.75, 0, 10.5, 0.5], "texture": "#1"},
				"down": {"uv": [9.75, 0, 10.5, 0.5], "texture": "#1"}
			}
		},
		{
			"name": "blackkey",
			"from": [9.07, 9.55, -1.45],
			"to": [9.22, 9.7, 0],
			"faces": {
				"north": {"uv": [9.75, 0, 10.5, 0.5], "rotation": 180, "texture": "#1"},
				"east": {"uv": [9.75, 0, 10.5, 0.5], "texture": "#1"},
				"south": {"uv": [10, 0, 10.5, 0.5], "texture": "#1"},
				"west": {"uv": [9.75, 0, 10.5, 0.5], "rotation": 180, "texture": "#1"},
				"up": {"uv": [9.75, 0, 10.5, 0.5], "texture": "#1"},
				"down": {"uv": [9.75, 0, 10.5, 0.5], "texture": "#1"}
			}
		},
		{
			"name": "blackkey",
			"from": [3.82, 9.55, -1.45],
			"to": [3.97, 9.7, 0],
			"faces": {
				"north": {"uv": [9.75, 0, 10.5, 0.5], "rotation": 180, "texture": "#1"},
				"east": {"uv": [9.75, 0, 10.5, 0.5], "texture": "#1"},
				"south": {"uv": [10, 0, 10.5, 0.5], "texture": "#1"},
				"west": {"uv": [9.75, 0, 10.5, 0.5], "rotation": 180, "texture": "#1"},
				"up": {"uv": [9.75, 0, 10.5, 0.5], "texture": "#1"},
				"down": {"uv": [9.75, 0, 10.5, 0.5], "texture": "#1"}
			}
		},
		{
			"name": "blackkey",
			"from": [11.72, 9.55, -1.45],
			"to": [11.87, 9.7, 0],
			"faces": {
				"north": {"uv": [9.75, 0, 10.5, 0.5], "rotation": 180, "texture": "#1"},
				"east": {"uv": [9.75, 0, 10.5, 0.5], "texture": "#1"},
				"south": {"uv": [10, 0, 10.5, 0.5], "texture": "#1"},
				"west": {"uv": [9.75, 0, 10.5, 0.5], "rotation": 180, "texture": "#1"},
				"up": {"uv": [9.75, 0, 10.5, 0.5], "texture": "#1"},
				"down": {"uv": [9.75, 0, 10.5, 0.5], "texture": "#1"}
			}
		},
		{
			"name": "blackkey",
			"from": [6.47, 9.55, -1.45],
			"to": [6.62, 9.7, 0],
			"faces": {
				"north": {"uv": [9.75, 0, 10.5, 0.5], "rotation": 180, "texture": "#1"},
				"east": {"uv": [9.75, 0, 10.5, 0.5], "texture": "#1"},
				"south": {"uv": [10, 0, 10.5, 0.5], "texture": "#1"},
				"west": {"uv": [9.75, 0, 10.5, 0.5], "rotation": 180, "texture": "#1"},
				"up": {"uv": [9.75, 0, 10.5, 0.5], "texture": "#1"},
				"down": {"uv": [9.75, 0, 10.5, 0.5], "texture": "#1"}
			}
		},
		{
			"name": "blackkey",
			"from": [1.22, 9.55, -1.45],
			"to": [1.37, 9.7, 0],
			"faces": {
				"north": {"uv": [9.75, 0, 10.5, 0.5], "rotation": 180, "texture": "#1"},
				"east": {"uv": [9.75, 0, 10.5, 0.5], "texture": "#1"},
				"south": {"uv": [10, 0, 10.5, 0.5], "texture": "#1"},
				"west": {"uv": [9.75, 0, 10.5, 0.5], "rotation": 180, "texture": "#1"},
				"up": {"uv": [9.75, 0, 10.5, 0.5], "texture": "#1"},
				"down": {"uv": [9.75, 0, 10.5, 0.5], "texture": "#1"}
			}
		},
		{
			"name": "key",
			"from": [8, 8, -1.75],
			"to": [11, 9.5, 0],
			"faces": {
				"north": {"uv": [0, 5.5, 16, 6.25], "rotation": 180, "texture": "#1"},
				"east": {"uv": [13.75, 11.25, 16, 12.5], "texture": "#1"},
				"south": {"uv": [14.5, 12.5, 15.25, 13.5], "texture": "#1"},
				"west": {"uv": [13.5, 11.25, 16, 12.5], "rotation": 180, "texture": "#1"},
				"up": {"uv": [0, 5.5, 16, 6.25], "texture": "#1"},
				"down": {"uv": [13.5, 11.25, 16, 12.5], "texture": "#1"}
			}
		},
		{
			"name": "key",
			"from": [2, 8, -1.75],
			"to": [5, 9.5, 0],
			"faces": {
				"north": {"uv": [0, 5.5, 16, 6.25], "rotation": 180, "texture": "#1"},
				"east": {"uv": [13.75, 11.25, 16, 12.5], "texture": "#1"},
				"south": {"uv": [14.5, 12.5, 15.25, 13.5], "texture": "#1"},
				"west": {"uv": [13.5, 11.25, 16, 12.5], "rotation": 180, "texture": "#1"},
				"up": {"uv": [0, 5.5, 16, 6.25], "texture": "#1"},
				"down": {"uv": [13.5, 11.25, 16, 12.5], "texture": "#1"}
			}
		},
		{
			"name": "key",
			"from": [11, 8, -1.75],
			"to": [14, 9.5, 0],
			"faces": {
				"north": {"uv": [0, 5.5, 16, 6.25], "rotation": 180, "texture": "#1"},
				"east": {"uv": [13.75, 11.25, 16, 12.5], "texture": "#1"},
				"south": {"uv": [14.5, 12.5, 15.25, 13.5], "texture": "#1"},
				"west": {"uv": [13.5, 11.25, 16, 12.5], "rotation": 180, "texture": "#1"},
				"up": {"uv": [0, 5.5, 16, 6.25], "texture": "#1"},
				"down": {"uv": [13.5, 11.25, 16, 12.5], "texture": "#1"}
			}
		},
		{
			"name": "key",
			"from": [5, 8, -1.75],
			"to": [8, 9.5, 0],
			"faces": {
				"north": {"uv": [0, 5.5, 16, 6.25], "rotation": 180, "texture": "#1"},
				"east": {"uv": [13.75, 11.25, 16, 12.5], "texture": "#1"},
				"south": {"uv": [14.5, 12.5, 15.25, 13.5], "texture": "#1"},
				"west": {"uv": [13.5, 11.25, 16, 12.5], "rotation": 180, "texture": "#1"},
				"up": {"uv": [0, 5.5, 16, 6.25], "texture": "#1"},
				"down": {"uv": [13.5, 11.25, 16, 12.5], "texture": "#1"}
			}
		},
		{
			"name": "key",
			"from": [-1, 8, -1.75],
			"to": [2, 9.5, 0],
			"faces": {
				"north": {"uv": [0, 5.5, 16, 6.25], "rotation": 180, "texture": "#1"},
				"east": {"uv": [13.75, 11.25, 16, 12.5], "texture": "#1"},
				"south": {"uv": [14.5, 12.5, 15.25, 13.5], "texture": "#1"},
				"west": {"uv": [13.5, 11.25, 16, 12.5], "rotation": 180, "texture": "#1"},
				"up": {"uv": [0, 5.5, 16, 6.25], "texture": "#1"},
				"down": {"uv": [13.5, 11.25, 16, 12.5], "texture": "#1"}
			}
		},
		{
			"name": "lid",
			"from": [-4.25, 20, 2.75],
			"to": [20.25, 20.75, 13.25],
			"faces": {
				"north": {"uv": [0, 10, 9.25, 10.5], "texture": "#0"},
				"east": {"uv": [6.5, 10, 9.5, 10.5], "texture": "#0"},
				"south": {"uv": [0, 10, 9.5, 10.5], "texture": "#0"},
				"west": {"uv": [6.5, 10, 9.5, 10.5], "texture": "#0"},
				"up": {"uv": [0, 11.75, 12, 16], "texture": "#0"},
				"down": {"uv": [0, 11.75, 12, 16], "texture": "#0"}
			}
		}
	],
	"display": {
		"thirdperson_righthand": {
			"scale": [0.42, 0.42, 0.42]
		},
		"thirdperson_lefthand": {
			"scale": [0.42, 0.42, 0.42]
		},
		"firstperson_righthand": {
			"scale": [0.4, 0.4, 0.4]
		},
		"firstperson_lefthand": {
			"scale": [0.4, 0.4, 0.4]
		},
		"ground": {
			"translation": [0, 1, 0],
			"scale": [0.42, 0.42, 0.42]
		},
		"gui": {
			"rotation": [0, -180, 0],
			"translation": [0, -1.25, 0],
			"scale": [0.51, 0.51, 0.51]
		},
		"head": {
			"translation": [0, 10.5, 0],
			"scale": [0.5, 0.5, 0.5]
		},
		"fixed": {
			"scale": [0.5, 0.5, 0.5]
		}
	}
}