{
	"credit": "Made with Blockbench",
	"textures": {
		"0": "blocks/queenegg",
		"particle": "blocks/queenegg"
	},
	"elements": [
		{
			"from": [2, 0, 2],
			"to": [14, 1, 14],
			"faces": {
				"north": {"uv": [0, 0, 12, 1], "texture": "#0"},
				"east": {"uv": [0, 0, 12, 1], "texture": "#0"},
				"south": {"uv": [0, 0, 12, 1], "texture": "#0"},
				"west": {"uv": [0, 0, 12, 1], "texture": "#0"},
				"up": {"uv": [0, 0, 12, 12], "texture": "#0"},
				"down": {"uv": [0, 0, 12, 12], "texture": "#0"}
			}
		},
		{
			"from": [1, 1, 1],
			"to": [15, 3, 15],
			"faces": {
				"north": {"uv": [0, 0, 14, 2], "texture": "#0"},
				"east": {"uv": [0, 0, 14, 2], "texture": "#0"},
				"south": {"uv": [0, 0, 14, 2], "texture": "#0"},
				"west": {"uv": [0, 0, 14, 2], "texture": "#0"},
				"up": {"uv": [0, 0, 14, 14], "texture": "#0"},
				"down": {"uv": [0, 0, 14, 14], "texture": "#0"}
			}
		},
		{
			"from": [0, 3, 0],
			"to": [16, 8, 16],
			"faces": {
				"north": {"uv": [0, 3, 16, 8], "texture": "#0"},
				"east": {"uv": [0, 0, 16, 5], "texture": "#0"},
				"south": {"uv": [0, 2, 16, 7], "texture": "#0"},
				"west": {"uv": [0, 9, 16, 14], "texture": "#0"},
				"up": {"uv": [0, 0, 16, 16], "texture": "#0"},
				"down": {"uv": [0, 0, 16, 16], "texture": "#0"}
			}
		},
		{
			"from": [1, 8, 1],
			"to": [15, 11, 15],
			"faces": {
				"north": {"uv": [0, 6, 14, 9], "texture": "#0"},
				"east": {"uv": [0, 6, 14, 9], "texture": "#0"},
				"south": {"uv": [0, 1, 14, 4], "texture": "#0"},
				"west": {"uv": [0, 13, 14, 16], "texture": "#0"},
				"up": {"uv": [0, 0, 14, 14], "texture": "#0"},
				"down": {"uv": [0, 0, 14, 14], "texture": "#0"}
			}
		},
		{
			"from": [2, 11, 2],
			"to": [14, 13, 14],
			"faces": {
				"north": {"uv": [0, 1, 12, 3], "texture": "#0"},
				"east": {"uv": [4, 9, 16, 11], "texture": "#0"},
				"south": {"uv": [0, 5, 12, 7], "texture": "#0"},
				"west": {"uv": [0, 14, 12, 16], "texture": "#0"},
				"up": {"uv": [0, 0, 12, 12], "texture": "#0"},
				"down": {"uv": [0, 0, 12, 12], "texture": "#0"}
			}
		},
		{
			"from": [4, 13, 4],
			"to": [12, 15, 12],
			"faces": {
				"north": {"uv": [8, 6, 16, 8], "texture": "#0"},
				"east": {"uv": [4, 6, 12, 8], "texture": "#0"},
				"south": {"uv": [8, 3, 16, 5], "texture": "#0"},
				"west": {"uv": [0, 6, 8, 8], "texture": "#0"},
				"up": {"uv": [0, 0, 8, 8], "texture": "#0"},
				"down": {"uv": [0, 0, 8, 8], "texture": "#0"}
			}
		},
		{
			"from": [5, 15, 5],
			"to": [11, 16, 11],
			"faces": {
				"north": {"uv": [0, 0, 6, 1], "texture": "#0"},
				"east": {"uv": [0, 0, 6, 1], "texture": "#0"},
				"south": {"uv": [0, 0, 6, 1], "texture": "#0"},
				"west": {"uv": [0, 0, 6, 1], "texture": "#0"},
				"up": {"uv": [0, 0, 6, 6], "texture": "#0"},
				"down": {"uv": [0, 0, 6, 6], "texture": "#0"}
			}
		}
	],
	"display": {
		"head": {
			"translation": [0, -29.5, 0],
			"scale": [1.5, 1.7, 1.5]
		}
	}
}