{
	"credit": "Made with Blockbench",
	"textures": {
		"1": "blocks/icequeen"
	},
	"elements": [
		{
			"name": "Head",
			"from": [4, 0, 4],
			"to": [12, 8, 12],
			"faces": {
				"north": {"uv": [4, 4, 8, 8], "texture": "#1"},
				"east": {"uv": [0, 4, 4, 8], "texture": "#1"},
				"south": {"uv": [12, 4, 16, 8], "texture": "#1"},
				"west": {"uv": [8, 4, 12, 8], "texture": "#1"},
				"up": {"uv": [4, 0, 8, 4], "texture": "#1"},
				"down": {"uv": [8, 0, 12, 4], "texture": "#1"}
			}
		},
		{
			"from": [7, 0, 12],
			"to": [9, 17, 13],
			"faces": {
				"north": {"uv": [4, 0, 5, 4.5], "texture": "#1"},
				"east": {"uv": [4, 0, 5, 4.5], "texture": "#1"},
				"south": {"uv": [4, 0, 5, 4.5], "texture": "#1"},
				"west": {"uv": [4, 0, 5, 4.5], "texture": "#1"},
				"up": {"uv": [14, 4, 16, 5], "texture": "#1"},
				"down": {"uv": [14, 4, 16, 5], "texture": "#1"}
			}
		},
		{
			"from": [7, 0, 12],
			"to": [9, 13, 13],
			"rotation": {"angle": 22.5, "axis": "z", "origin": [8, 0, 12]},
			"faces": {
				"north": {"uv": [4, 0, 5, 4.5], "texture": "#1"},
				"east": {"uv": [4, 0, 5, 4.5], "texture": "#1"},
				"south": {"uv": [4, 0, 5, 4.5], "texture": "#1"},
				"west": {"uv": [4, 0, 5, 4.5], "texture": "#1"},
				"up": {"uv": [14, 4, 16, 5], "texture": "#1"},
				"down": {"uv": [14, 4, 16, 5], "texture": "#1"}
			}
		},
		{
			"from": [-5, -1, 12],
			"to": [8, 1, 13],
			"rotation": {"angle": -22.5, "axis": "z", "origin": [8, 0, 12]},
			"faces": {
				"north": {"uv": [4, 0, 5, 4.5], "rotation": 90, "texture": "#1"},
				"east": {"uv": [14, 4, 16, 5], "rotation": 270, "texture": "#1"},
				"south": {"uv": [4, 0, 5, 4.5], "rotation": 270, "texture": "#1"},
				"west": {"uv": [14, 4, 16, 5], "rotation": 270, "texture": "#1"},
				"up": {"uv": [4, 0, 5, 4.5], "rotation": 270, "texture": "#1"},
				"down": {"uv": [4, 0, 5, 4.5], "rotation": 270, "texture": "#1"}
			}
		},
		{
			"from": [8, -1, 12],
			"to": [21, 1, 13],
			"rotation": {"angle": 22.5, "axis": "z", "origin": [8, 0, 12]},
			"faces": {
				"north": {"uv": [4, 0, 5, 4.5], "rotation": 270, "texture": "#1"},
				"east": {"uv": [14, 4, 16, 5], "rotation": 90, "texture": "#1"},
				"south": {"uv": [4, 0, 5, 4.5], "rotation": 90, "texture": "#1"},
				"west": {"uv": [14, 4, 16, 5], "rotation": 90, "texture": "#1"},
				"up": {"uv": [4, 0, 5, 4.5], "rotation": 90, "texture": "#1"},
				"down": {"uv": [4, 0, 5, 4.5], "rotation": 90, "texture": "#1"}
			}
		},
		{
			"from": [7, 0, 12],
			"to": [9, 13, 13],
			"rotation": {"angle": -22.5, "axis": "z", "origin": [8, 0, 12]},
			"faces": {
				"north": {"uv": [4, 0, 5, 4.5], "texture": "#1"},
				"east": {"uv": [4, 0, 5, 4.5], "texture": "#1"},
				"south": {"uv": [4, 0, 5, 4.5], "texture": "#1"},
				"west": {"uv": [4, 0, 5, 4.5], "texture": "#1"},
				"up": {"uv": [14, 4, 16, 5], "texture": "#1"},
				"down": {"uv": [14, 4, 16, 5], "texture": "#1"}
			}
		},
		{
			"from": [7, 0, 12],
			"to": [9, 17, 13],
			"rotation": {"angle": -45, "axis": "z", "origin": [8, 0, 12]},
			"faces": {
				"north": {"uv": [4, 0, 5, 4.5], "texture": "#1"},
				"east": {"uv": [4, 0, 5, 4.5], "texture": "#1"},
				"south": {"uv": [4, 0, 5, 4.5], "texture": "#1"},
				"west": {"uv": [4, 0, 5, 4.5], "texture": "#1"},
				"up": {"uv": [14, 4, 16, 5], "texture": "#1"},
				"down": {"uv": [14, 4, 16, 5], "texture": "#1"}
			}
		},
		{
			"from": [7, 0, 12],
			"to": [9, 17, 13],
			"rotation": {"angle": 45, "axis": "z", "origin": [8, 0, 12]},
			"faces": {
				"north": {"uv": [4, 0, 5, 4.5], "texture": "#1"},
				"east": {"uv": [4, 0, 5, 4.5], "texture": "#1"},
				"south": {"uv": [4, 0, 5, 4.5], "texture": "#1"},
				"west": {"uv": [4, 0, 5, 4.5], "texture": "#1"},
				"up": {"uv": [14, 4, 16, 5], "texture": "#1"},
				"down": {"uv": [14, 4, 16, 5], "texture": "#1"}
			}
		}
	],
	"display": {
		"head": {
			"translation": [0, 6.5, 0],
			"scale": [1.66, 1.66, 1.66]
		}
	}
}