{
    "__comment": "Model generated using MrCrayfish's Model Creator (https://mrcrayfish.com/tools?id=mc)",
    "textures": {
        "hardened_clay_yellow": "minecraft:blocks/hardened_clay_yellow"
    },
    "display": {
        "gui": {
            "rotation": [ 0, 0, 0 ],
            "translation": [ 0, -12, 0 ],
            "scale": [ 1, 1, 1 ]
        },
        "ground": {
            "rotation": [ 0, 0, 0 ],
            "translation": [ 0, 0, 0 ],
            "scale": [ 1, 1, 1 ]
        },
        "fixed": {
            "rotation": [ 0, 0, 0 ],
            "translation": [ 0, 0, 0 ],
            "scale": [ 1, 1, 1 ]
        },
        "head": {
            "rotation": [ 0, 180, 0 ],
            "translation": [ 0, 0, 0 ],
            "scale": [ 1, 1, 1 ]
        },
        "firstperson_righthand": {
            "rotation": [ 0, 0, 0 ],
            "translation": [ 0, 0, 0 ],
            "scale": [ 1, 1, 1 ]
        },
        "thirdperson_righthand": {
            "rotation": [ 0, 0, 0 ],
            "translation": [ 0, 0, 0 ],
            "scale": [ 1, 1, 1 ]
        }
    },
    "elements": [
        {
            "name": "Cube L",
            "from": [ 6.5, 15, 10 ], 
            "to": [ 9.5, 16, 13 ], 
            "faces": {
                "north": { "texture": "#hardened_clay_yellow", "uv": [ 0, 0, 3, 1 ] },
                "east": { "texture": "#hardened_clay_yellow", "uv": [ 0, 0, 3, 1 ] },
                "south": { "texture": "#hardened_clay_yellow", "uv": [ 0, 0, 3, 1 ] },
                "west": { "texture": "#hardened_clay_yellow", "uv": [ 0, 0, 3, 1 ] },
                "up": { "texture": "#hardened_clay_yellow", "uv": [ 0, 0, 3, 3 ] },
                "down": { "texture": "#hardened_clay_yellow", "uv": [ 0, 0, 3, 3 ] }
            }
        },
        {
            "name": "Cube L",
            "from": [ 7.5, 16, 11 ], 
            "to": [ 8.5, 17, 12 ], 
            "faces": {
                "north": { "texture": "#hardened_clay_yellow", "uv": [ 0, 0, 1, 1 ] },
                "east": { "texture": "#hardened_clay_yellow", "uv": [ 0, 0, 1, 1 ] },
                "south": { "texture": "#hardened_clay_yellow", "uv": [ 0, 0, 1, 1 ] },
                "west": { "texture": "#hardened_clay_yellow", "uv": [ 0, 0, 1, 1 ] },
                "up": { "texture": "#hardened_clay_yellow", "uv": [ 0, 0, 1, 1 ] }
            }
        },
        {
            "name": "Cube L",
            "from": [ 7, 17, 10.5 ], 
            "to": [ 8, 18, 11.5 ], 
            "faces": {
                "north": { "texture": "#hardened_clay_yellow", "uv": [ 0, 0, 1, 1 ] },
                "east": { "texture": "#hardened_clay_yellow", "uv": [ 0, 0, 1, 1 ] },
                "south": { "texture": "#hardened_clay_yellow", "uv": [ 0, 0, 1, 1 ] },
                "west": { "texture": "#hardened_clay_yellow", "uv": [ 0, 0, 1, 1 ] },
                "up": { "texture": "#hardened_clay_yellow", "uv": [ 0, 0, 1, 1 ] },
                "down": { "texture": "#hardened_clay_yellow", "uv": [ 0, 0, 1, 1 ] }
            }
        },
        {
            "name": "Cube L",
            "from": [ 6.5, 18, 10 ], 
            "to": [ 7.5, 19, 11 ], 
            "faces": {
                "north": { "texture": "#hardened_clay_yellow", "uv": [ 0, 0, 1, 1 ] },
                "east": { "texture": "#hardened_clay_yellow", "uv": [ 0, 0, 1, 1 ] },
                "south": { "texture": "#hardened_clay_yellow", "uv": [ 0, 0, 1, 1 ] },
                "west": { "texture": "#hardened_clay_yellow", "uv": [ 0, 0, 1, 1 ] },
                "up": { "texture": "#hardened_clay_yellow", "uv": [ 0, 0, 1, 1 ] },
                "down": { "texture": "#hardened_clay_yellow", "uv": [ 0, 0, 1, 1 ] }
            }
        },
        {
            "name": "Cube L",
            "from": [ 6, 19, 9.5 ], 
            "to": [ 7, 20, 10.5 ], 
            "faces": {
                "north": { "texture": "#hardened_clay_yellow", "uv": [ 0, 0, 1, 1 ] },
                "east": { "texture": "#hardened_clay_yellow", "uv": [ 0, 0, 1, 1 ] },
                "south": { "texture": "#hardened_clay_yellow", "uv": [ 0, 0, 1, 1 ] },
                "west": { "texture": "#hardened_clay_yellow", "uv": [ 0, 0, 1, 1 ] },
                "up": { "texture": "#hardened_clay_yellow", "uv": [ 0, 0, 1, 1 ] },
                "down": { "texture": "#hardened_clay_yellow", "uv": [ 0, 0, 1, 1 ] }
            }
        },
        {
            "name": "Cube L",
            "from": [ 5.5, 20, 9 ], 
            "to": [ 6.5, 21, 10 ], 
            "faces": {
                "north": { "texture": "#hardened_clay_yellow", "uv": [ 0, 0, 1, 1 ] },
                "east": { "texture": "#hardened_clay_yellow", "uv": [ 0, 0, 1, 1 ] },
                "south": { "texture": "#hardened_clay_yellow", "uv": [ 0, 0, 1, 1 ] },
                "west": { "texture": "#hardened_clay_yellow", "uv": [ 0, 0, 1, 1 ] },
                "up": { "texture": "#hardened_clay_yellow", "uv": [ 0, 0, 1, 1 ] },
                "down": { "texture": "#hardened_clay_yellow", "uv": [ 0, 0, 1, 1 ] }
            }
        },
        {
            "name": "Cube L",
            "from": [ 5, 21, 8.5 ], 
            "to": [ 6, 22, 9.5 ], 
            "faces": {
                "north": { "texture": "#hardened_clay_yellow", "uv": [ 0, 0, 1, 1 ] },
                "east": { "texture": "#hardened_clay_yellow", "uv": [ 0, 0, 1, 1 ] },
                "south": { "texture": "#hardened_clay_yellow", "uv": [ 0, 0, 1, 1 ] },
                "west": { "texture": "#hardened_clay_yellow", "uv": [ 0, 0, 1, 1 ] },
                "up": { "texture": "#hardened_clay_yellow", "uv": [ 0, 0, 1, 1 ] },
                "down": { "texture": "#hardened_clay_yellow", "uv": [ 0, 0, 1, 1 ] }
            }
        },
        {
            "name": "Cube L",
            "from": [ 5.4, 22, 8.8 ], 
            "to": [ 6.4, 23, 9.8 ], 
            "faces": {
                "north": { "texture": "#hardened_clay_yellow", "uv": [ 0, 0, 1, 1 ] },
                "east": { "texture": "#hardened_clay_yellow", "uv": [ 0, 0, 1, 1 ] },
                "south": { "texture": "#hardened_clay_yellow", "uv": [ 0, 0, 1, 1 ] },
                "west": { "texture": "#hardened_clay_yellow", "uv": [ 0, 0, 1, 1 ] },
                "up": { "texture": "#hardened_clay_yellow", "uv": [ 0, 0, 1, 1 ] },
                "down": { "texture": "#hardened_clay_yellow", "uv": [ 0, 0, 1, 1 ] }
            }
        },
        {
            "name": "Cube L",
            "from": [ 5.9, 23, 9.1 ], 
            "to": [ 6.9, 24, 10.1 ], 
            "faces": {
                "north": { "texture": "#hardened_clay_yellow", "uv": [ 0, 0, 1, 1 ] },
                "east": { "texture": "#hardened_clay_yellow", "uv": [ 0, 0, 1, 1 ] },
                "south": { "texture": "#hardened_clay_yellow", "uv": [ 0, 0, 1, 1 ] },
                "west": { "texture": "#hardened_clay_yellow", "uv": [ 0, 0, 1, 1 ] },
                "up": { "texture": "#hardened_clay_yellow", "uv": [ 0, 0, 1, 1 ] },
                "down": { "texture": "#hardened_clay_yellow", "uv": [ 0, 0, 1, 1 ] }
            }
        },
        {
            "name": "Cube L",
            "from": [ 6.3, 24, 9.4 ], 
            "to": [ 8.3, 25, 10.4 ], 
            "faces": {
                "north": { "texture": "#hardened_clay_yellow", "uv": [ 0, 0, 2, 1 ] },
                "east": { "texture": "#hardened_clay_yellow", "uv": [ 0, 0, 1, 1 ] },
                "south": { "texture": "#hardened_clay_yellow", "uv": [ 0, 0, 2, 1 ] },
                "west": { "texture": "#hardened_clay_yellow", "uv": [ 0, 0, 1, 1 ] },
                "up": { "texture": "#hardened_clay_yellow", "uv": [ 0, 0, 2, 1 ] },
                "down": { "texture": "#hardened_clay_yellow", "uv": [ 0, 0, 2, 1 ] }
            }
        },
        {
            "name": "Cube L",
            "from": [ 8.3, 23.6, 9.8 ], 
            "to": [ 9.3, 24.6, 10.8 ], 
            "faces": {
                "north": { "texture": "#hardened_clay_yellow", "uv": [ 0, 0, 1, 1 ] },
                "east": { "texture": "#hardened_clay_yellow", "uv": [ 0, 0, 1, 1 ] },
                "south": { "texture": "#hardened_clay_yellow", "uv": [ 0, 0, 1, 1 ] },
                "west": { "texture": "#hardened_clay_yellow", "uv": [ 0, 0, 1, 1 ] },
                "up": { "texture": "#hardened_clay_yellow", "uv": [ 0, 0, 1, 1 ] },
                "down": { "texture": "#hardened_clay_yellow", "uv": [ 0, 0, 1, 1 ] }
            }
        },
        {
            "name": "Cube L",
            "from": [ 7.8, 21.6, 11 ], 
            "to": [ 10.8, 24.6, 11.5 ], 
            "faces": {
                "north": { "texture": "#hardened_clay_yellow", "uv": [ 0, 0, 3, 3 ] },
                "east": { "texture": "#hardened_clay_yellow", "uv": [ 0, 0, 0.5, 3 ] },
                "south": { "texture": "#hardened_clay_yellow", "uv": [ 0, 0, 3, 3 ] },
                "west": { "texture": "#hardened_clay_yellow", "uv": [ 0, 0, 0.5, 3 ] },
                "up": { "texture": "#hardened_clay_yellow", "uv": [ 0, 0, 3, 0.5 ] },
                "down": { "texture": "#hardened_clay_yellow", "uv": [ 0, 0, 3, 0.5 ] }
            }
        },
        {
            "name": "Eye L",
            "from": [ 8, 21.8, 11.5 ], 
            "to": [ 10.6, 24.4, 12 ], 
            "faces": {
                "east": { "texture": "#hardened_clay_yellow", "uv": [ 15, 0, 15.5, 2.6 ] },
                "south": { "texture": "#hardened_clay_yellow", "uv": [ 13, 0, 15.6, 2.6 ] },
                "west": { "texture": "#hardened_clay_yellow", "uv": [ 15, 0, 15.5, 2.6 ] },
                "up": { "texture": "#hardened_clay_yellow", "uv": [ 13, 0, 15.6, 0.5 ] },
                "down": { "texture": "#hardened_clay_yellow", "uv": [ 13, 0, 15.6, 0.5 ] }
            }
        },
        {
            "name": "Iris L",
            "from": [ 8.7, 22.4, 12 ], 
            "to": [ 10, 23.7, 12.5 ], 
            "faces": {
                "east": { "texture": "#hardened_clay_yellow", "uv": [ 9, 0, 9.5, 1.3 ] },
                "south": { "texture": "#hardened_clay_yellow", "uv": [ 9, 0, 11.6, 2.6 ] },
                "west": { "texture": "#hardened_clay_yellow", "uv": [ 9, 0, 9.5, 1.3 ] },
                "up": { "texture": "#hardened_clay_yellow", "uv": [ 9, 0, 11.6, 0.5 ] },
                "down": { "texture": "#hardened_clay_yellow", "uv": [ 9, 0, 10.3, 0.5 ] }
            }
        },
        {
            "name": "Cube L",
            "from": [ 8.7, 22.6, 10 ], 
            "to": [ 9.7, 23.6, 11 ], 
            "faces": {
                "north": { "texture": "#hardened_clay_yellow", "uv": [ 0, 0, 1, 1 ] },
                "east": { "texture": "#hardened_clay_yellow", "uv": [ 0, 0, 1, 1 ] },
                "west": { "texture": "#hardened_clay_yellow", "uv": [ 0, 0, 1, 1 ] },
                "up": { "texture": "#hardened_clay_yellow", "uv": [ 0, 0, 1, 1 ] },
                "down": { "texture": "#hardened_clay_yellow", "uv": [ 0, 0, 1, 1 ] }
            }
        }
    ]
}