{
	"credit": "Made with Blockbench",
	"textures": {
		"0": "blocks/hardened_clay_yellow",
		"particle": "blocks/hardened_clay_yellow"
	},
	"elements": [
		{
			"from": [5, 0, 4],
			"to": [11, 1, 12],
			"faces": {
				"north": {"uv": [13.75, 0, 16, 2], "texture": "#0"},
				"east": {"uv": [13, 0, 16, 2.5], "texture": "#0"},
				"south": {"uv": [13.5, 0, 16, 2.25], "texture": "#0"},
				"west": {"uv": [13.5, 0, 16, 2.5], "texture": "#0"},
				"up": {"uv": [13.25, 0, 16, 2], "texture": "#0"},
				"down": {"uv": [13.75, 0, 16, 1.75], "texture": "#0"}
			}
		},
		{
			"from": [10, 1, 4],
			"to": [11, 2, 6],
			"faces": {
				"north": {"uv": [13.75, 0, 16, 2], "texture": "#0"},
				"east": {"uv": [13, 0, 16, 2.5], "texture": "#0"},
				"south": {"uv": [13.5, 0, 16, 2.25], "texture": "#0"},
				"west": {"uv": [13.5, 0, 16, 2.5], "texture": "#0"},
				"up": {"uv": [13.25, 0, 16, 2], "texture": "#0"},
				"down": {"uv": [13.75, 0, 16, 1.75], "texture": "#0"}
			}
		},
		{
			"from": [8, 1, 4],
			"to": [9, 2, 6],
			"faces": {
				"north": {"uv": [13.75, 0, 16, 2], "texture": "#0"},
				"east": {"uv": [13, 0, 16, 2.5], "texture": "#0"},
				"south": {"uv": [13.5, 0, 16, 2.25], "texture": "#0"},
				"west": {"uv": [13.5, 0, 16, 2.5], "texture": "#0"},
				"up": {"uv": [13.25, 0, 16, 2], "texture": "#0"},
				"down": {"uv": [13.75, 0, 16, 1.75], "texture": "#0"}
			}
		},
		{
			"from": [5, 1, 4],
			"to": [6, 2, 6],
			"faces": {
				"north": {"uv": [13.75, 0, 16, 2], "texture": "#0"},
				"east": {"uv": [13, 0, 16, 2.5], "texture": "#0"},
				"south": {"uv": [13.5, 0, 16, 2.25], "texture": "#0"},
				"west": {"uv": [13.5, 0, 16, 2.5], "texture": "#0"},
				"up": {"uv": [13.25, 0, 16, 2], "texture": "#0"},
				"down": {"uv": [13.75, 0, 16, 1.75], "texture": "#0"}
			}
		},
		{
			"from": [3, 1, 6],
			"to": [5, 2, 9],
			"faces": {
				"north": {"uv": [13.75, 0, 16, 2], "texture": "#0"},
				"east": {"uv": [13, 0, 16, 2.5], "texture": "#0"},
				"south": {"uv": [13.5, 0, 16, 2.25], "texture": "#0"},
				"west": {"uv": [13.5, 0, 16, 2.5], "texture": "#0"},
				"up": {"uv": [13.25, 0, 16, 2], "texture": "#0"},
				"down": {"uv": [13.75, 0, 16, 1.75], "texture": "#0"}
			}
		},
		{
			"from": [3, 4, 8],
			"to": [6, 5, 9],
			"faces": {
				"north": {"uv": [13.75, 0, 16, 2], "texture": "#0"},
				"east": {"uv": [13, 0, 16, 2.5], "texture": "#0"},
				"south": {"uv": [13.5, 0, 16, 2.25], "texture": "#0"},
				"west": {"uv": [13.5, 0, 16, 2.5], "texture": "#0"},
				"up": {"uv": [13.25, 0, 16, 2], "texture": "#0"},
				"down": {"uv": [13.75, 0, 16, 1.75], "texture": "#0"}
			}
		},
		{
			"from": [11, 4, 8],
			"to": [13, 5, 9],
			"faces": {
				"north": {"uv": [13.75, 0, 16, 2], "texture": "#0"},
				"east": {"uv": [13, 0, 16, 2.5], "texture": "#0"},
				"south": {"uv": [13.5, 0, 16, 2.25], "texture": "#0"},
				"west": {"uv": [13.5, 0, 16, 2.5], "texture": "#0"},
				"up": {"uv": [13.25, 0, 16, 2], "texture": "#0"},
				"down": {"uv": [13.75, 0, 16, 1.75], "texture": "#0"}
			}
		},
		{
			"from": [11, 1, 6],
			"to": [13, 2, 9],
			"faces": {
				"north": {"uv": [13.75, 0, 16, 2], "texture": "#0"},
				"east": {"uv": [13, 0, 16, 2.5], "texture": "#0"},
				"south": {"uv": [13.5, 0, 16, 2.25], "texture": "#0"},
				"west": {"uv": [13.5, 0, 16, 2.5], "texture": "#0"},
				"up": {"uv": [13.25, 0, 16, 2], "texture": "#0"},
				"down": {"uv": [13.75, 0, 16, 1.75], "texture": "#0"}
			}
		},
		{
			"from": [11, 2, 6],
			"to": [12, 3, 8],
			"faces": {
				"north": {"uv": [13.75, 0, 16, 2], "texture": "#0"},
				"east": {"uv": [13, 0, 16, 2.5], "texture": "#0"},
				"south": {"uv": [13.5, 0, 16, 2.25], "texture": "#0"},
				"west": {"uv": [13.5, 0, 16, 2.5], "texture": "#0"},
				"up": {"uv": [13.25, 0, 16, 2], "texture": "#0"},
				"down": {"uv": [13.75, 0, 16, 1.75], "texture": "#0"}
			}
		},
		{
			"from": [3, 2, 6],
			"to": [4, 3, 7],
			"faces": {
				"north": {"uv": [13.5, 0, 16, 2.5], "texture": "#0"},
				"east": {"uv": [13.75, 0, 16, 2], "texture": "#0"},
				"south": {"uv": [13, 0, 16, 2.5], "texture": "#0"},
				"west": {"uv": [13.5, 0, 16, 2.25], "texture": "#0"},
				"up": {"uv": [13.25, 0, 16, 2], "rotation": 90, "texture": "#0"},
				"down": {"uv": [13.75, 0, 16, 1.75], "rotation": 270, "texture": "#0"}
			}
		},
		{
			"from": [3, 1, 9],
			"to": [5, 5, 11],
			"faces": {
				"north": {"uv": [13.5, 0, 16, 2.5], "texture": "#0"},
				"east": {"uv": [13.75, 0, 16, 2], "texture": "#0"},
				"south": {"uv": [13, 0, 16, 2.5], "texture": "#0"},
				"west": {"uv": [13.5, 0, 16, 2.25], "texture": "#0"},
				"up": {"uv": [13.25, 0, 16, 2], "rotation": 90, "texture": "#0"},
				"down": {"uv": [13.75, 0, 16, 1.75], "rotation": 270, "texture": "#0"}
			}
		},
		{
			"from": [11, 1, 9],
			"to": [13, 5, 11],
			"faces": {
				"north": {"uv": [13.5, 0, 16, 2.5], "texture": "#0"},
				"east": {"uv": [13.75, 0, 16, 2], "texture": "#0"},
				"south": {"uv": [13, 0, 16, 2.5], "texture": "#0"},
				"west": {"uv": [13.5, 0, 16, 2.25], "texture": "#0"},
				"up": {"uv": [13.25, 0, 16, 2], "rotation": 90, "texture": "#0"},
				"down": {"uv": [13.75, 0, 16, 1.75], "rotation": 270, "texture": "#0"}
			}
		},
		{
			"from": [3, 5, 7],
			"to": [13, 6, 10],
			"faces": {
				"north": {"uv": [13.5, 0, 16, 2.5], "texture": "#0"},
				"east": {"uv": [13.75, 0, 16, 2], "texture": "#0"},
				"south": {"uv": [13, 0, 16, 2.5], "texture": "#0"},
				"west": {"uv": [13.5, 0, 16, 2.25], "texture": "#0"},
				"up": {"uv": [13.25, 0, 16, 2], "rotation": 90, "texture": "#0"},
				"down": {"uv": [13.75, 0, 16, 1.75], "rotation": 270, "texture": "#0"}
			}
		},
		{
			"from": [7, 4, 7],
			"to": [8, 5, 8],
			"faces": {
				"north": {"uv": [13.75, 0, 16, 2], "texture": "#0"},
				"east": {"uv": [13, 0, 16, 2.5], "texture": "#0"},
				"south": {"uv": [13.5, 0, 16, 2.25], "texture": "#0"},
				"west": {"uv": [13.5, 0, 16, 2.5], "texture": "#0"},
				"up": {"uv": [13.25, 0, 16, 2], "texture": "#0"},
				"down": {"uv": [13.75, 0, 16, 1.75], "texture": "#0"}
			}
		},
		{
			"from": [9, 4, 7],
			"to": [10, 5, 8],
			"faces": {
				"north": {"uv": [13.75, 0, 16, 2], "texture": "#0"},
				"east": {"uv": [13, 0, 16, 2.5], "texture": "#0"},
				"south": {"uv": [13.5, 0, 16, 2.25], "texture": "#0"},
				"west": {"uv": [13.5, 0, 16, 2.5], "texture": "#0"},
				"up": {"uv": [13.25, 0, 16, 2], "texture": "#0"},
				"down": {"uv": [13.75, 0, 16, 1.75], "texture": "#0"}
			}
		},
		{
			"from": [3, 6, 7],
			"to": [7, 7, 10],
			"faces": {
				"north": {"uv": [13.5, 0, 16, 2.5], "texture": "#0"},
				"east": {"uv": [13.75, 0, 16, 2], "texture": "#0"},
				"south": {"uv": [13, 0, 16, 2.5], "texture": "#0"},
				"west": {"uv": [13.5, 0, 16, 2.25], "texture": "#0"},
				"up": {"uv": [13.25, 0, 16, 2], "rotation": 90, "texture": "#0"},
				"down": {"uv": [13.75, 0, 16, 1.75], "rotation": 270, "texture": "#0"}
			}
		},
		{
			"from": [9, 6, 7],
			"to": [13, 7, 10],
			"faces": {
				"north": {"uv": [13.5, 0, 16, 2.5], "texture": "#0"},
				"east": {"uv": [13.75, 0, 16, 2], "texture": "#0"},
				"south": {"uv": [13, 0, 16, 2.5], "texture": "#0"},
				"west": {"uv": [13.5, 0, 16, 2.25], "texture": "#0"},
				"up": {"uv": [13.25, 0, 16, 2], "rotation": 90, "texture": "#0"},
				"down": {"uv": [13.75, 0, 16, 1.75], "rotation": 270, "texture": "#0"}
			}
		},
		{
			"from": [5, 7, 8],
			"to": [11, 8, 10],
			"faces": {
				"north": {"uv": [13.5, 0, 16, 2.5], "texture": "#0"},
				"east": {"uv": [13.75, 0, 16, 2], "texture": "#0"},
				"south": {"uv": [13, 0, 16, 2.5], "texture": "#0"},
				"west": {"uv": [13.5, 0, 16, 2.25], "texture": "#0"},
				"up": {"uv": [13.25, 0, 16, 2], "rotation": 90, "texture": "#0"},
				"down": {"uv": [13.75, 0, 16, 1.75], "rotation": 270, "texture": "#0"}
			}
		},
		{
			"from": [11, 7, 7],
			"to": [13, 9, 10],
			"faces": {
				"north": {"uv": [13.5, 0, 16, 2.5], "texture": "#0"},
				"east": {"uv": [13.75, 0, 16, 2], "texture": "#0"},
				"south": {"uv": [13, 0, 16, 2.5], "texture": "#0"},
				"west": {"uv": [13.5, 0, 16, 2.25], "texture": "#0"},
				"up": {"uv": [13.25, 0, 16, 2], "rotation": 90, "texture": "#0"},
				"down": {"uv": [13.75, 0, 16, 1.75], "rotation": 270, "texture": "#0"}
			}
		},
		{
			"from": [3, 7, 7],
			"to": [5, 9, 10],
			"faces": {
				"north": {"uv": [13.5, 0, 16, 2.5], "texture": "#0"},
				"east": {"uv": [13.75, 0, 16, 2], "texture": "#0"},
				"south": {"uv": [13, 0, 16, 2.5], "texture": "#0"},
				"west": {"uv": [13.5, 0, 16, 2.25], "texture": "#0"},
				"up": {"uv": [13.25, 0, 16, 2], "rotation": 90, "texture": "#0"},
				"down": {"uv": [13.75, 0, 16, 1.75], "rotation": 270, "texture": "#0"}
			}
		},
		{
			"from": [4, 9, 7],
			"to": [5, 10, 10],
			"faces": {
				"north": {"uv": [13.5, 0, 16, 2.5], "texture": "#0"},
				"east": {"uv": [13.75, 0, 16, 2], "texture": "#0"},
				"south": {"uv": [13, 0, 16, 2.5], "texture": "#0"},
				"west": {"uv": [13.5, 0, 16, 2.25], "texture": "#0"},
				"up": {"uv": [13.25, 0, 16, 2], "rotation": 90, "texture": "#0"},
				"down": {"uv": [13.75, 0, 16, 1.75], "rotation": 270, "texture": "#0"}
			}
		},
		{
			"from": [3, 9, 8],
			"to": [4, 10, 10],
			"faces": {
				"north": {"uv": [13.5, 0, 16, 2.5], "texture": "#0"},
				"east": {"uv": [13.75, 0, 16, 2], "texture": "#0"},
				"south": {"uv": [13, 0, 16, 2.5], "texture": "#0"},
				"west": {"uv": [13.5, 0, 16, 2.25], "texture": "#0"},
				"up": {"uv": [13.25, 0, 16, 2], "rotation": 90, "texture": "#0"},
				"down": {"uv": [13.75, 0, 16, 1.75], "rotation": 270, "texture": "#0"}
			}
		},
		{
			"from": [12, 9, 8],
			"to": [13, 10, 10],
			"faces": {
				"north": {"uv": [13.5, 0, 16, 2.5], "texture": "#0"},
				"east": {"uv": [13.75, 0, 16, 2], "texture": "#0"},
				"south": {"uv": [13, 0, 16, 2.5], "texture": "#0"},
				"west": {"uv": [13.5, 0, 16, 2.25], "texture": "#0"},
				"up": {"uv": [13.25, 0, 16, 2], "rotation": 90, "texture": "#0"},
				"down": {"uv": [13.75, 0, 16, 1.75], "rotation": 270, "texture": "#0"}
			}
		},
		{
			"from": [11, 9, 7],
			"to": [12, 10, 10],
			"faces": {
				"north": {"uv": [13.5, 0, 16, 2.5], "texture": "#0"},
				"east": {"uv": [13.75, 0, 16, 2], "texture": "#0"},
				"south": {"uv": [13, 0, 16, 2.5], "texture": "#0"},
				"west": {"uv": [13.5, 0, 16, 2.25], "texture": "#0"},
				"up": {"uv": [13.25, 0, 16, 2], "rotation": 90, "texture": "#0"},
				"down": {"uv": [13.75, 0, 16, 1.75], "rotation": 270, "texture": "#0"}
			}
		},
		{
			"from": [9, 10, 6],
			"to": [11, 11, 10],
			"faces": {
				"north": {"uv": [13.5, 0, 16, 2.5], "texture": "#0"},
				"east": {"uv": [13.75, 0, 16, 2], "texture": "#0"},
				"south": {"uv": [13, 0, 16, 2.5], "texture": "#0"},
				"west": {"uv": [13.5, 0, 16, 2.25], "texture": "#0"},
				"up": {"uv": [13.25, 0, 16, 2], "rotation": 90, "texture": "#0"},
				"down": {"uv": [13.75, 0, 16, 1.75], "rotation": 270, "texture": "#0"}
			}
		},
		{
			"from": [5, 10, 6],
			"to": [7, 11, 11],
			"faces": {
				"north": {"uv": [13.5, 0, 16, 2.5], "texture": "#0"},
				"east": {"uv": [13.75, 0, 16, 2], "texture": "#0"},
				"south": {"uv": [13, 0, 16, 2.5], "texture": "#0"},
				"west": {"uv": [13.5, 0, 16, 2.25], "texture": "#0"},
				"up": {"uv": [13.25, 0, 16, 2], "rotation": 90, "texture": "#0"},
				"down": {"uv": [13.75, 0, 16, 1.75], "rotation": 270, "texture": "#0"}
			}
		},
		{
			"from": [5.5, 8.5, 7.5],
			"to": [6.5, 9.5, 10],
			"faces": {
				"north": {"uv": [0, 8.5, 2.5, 11], "texture": "#0"},
				"east": {"uv": [0.25, 9, 2.5, 11], "texture": "#0"},
				"south": {"uv": [0, 8.5, 3, 11], "texture": "#0"},
				"west": {"uv": [0, 8.75, 2.5, 11], "texture": "#0"},
				"up": {"uv": [0, 9.25, 2.75, 11.25], "rotation": 90, "texture": "#0"},
				"down": {"uv": [0, 9, 2.25, 10.75], "rotation": 270, "texture": "#0"}
			}
		},
		{
			"from": [9.5, 8.5, 7.5],
			"to": [10.5, 9.5, 10],
			"faces": {
				"north": {"uv": [0, 8.5, 2.5, 11], "texture": "#0"},
				"east": {"uv": [0.25, 9, 2.5, 11], "texture": "#0"},
				"south": {"uv": [0, 8.5, 3, 11], "texture": "#0"},
				"west": {"uv": [0, 8.75, 2.5, 11], "texture": "#0"},
				"up": {"uv": [0, 9.25, 2.75, 11.25], "rotation": 90, "texture": "#0"},
				"down": {"uv": [0, 9, 2.25, 10.75], "rotation": 270, "texture": "#0"}
			}
		},
		{
			"from": [7, 11, 6],
			"to": [9, 12, 7],
			"faces": {
				"north": {"uv": [13.5, 0, 16, 2.5], "texture": "#0"},
				"east": {"uv": [13.75, 0, 16, 2], "texture": "#0"},
				"south": {"uv": [13, 0, 16, 2.5], "texture": "#0"},
				"west": {"uv": [13.5, 0, 16, 2.25], "texture": "#0"},
				"up": {"uv": [13.25, 0, 16, 2], "rotation": 90, "texture": "#0"},
				"down": {"uv": [13.75, 0, 16, 1.75], "rotation": 270, "texture": "#0"}
			}
		},
		{
			"from": [5, 11, 8],
			"to": [11, 14, 11],
			"faces": {
				"north": {"uv": [13.5, 0, 16, 2.5], "texture": "#0"},
				"east": {"uv": [13.75, 0, 16, 2], "texture": "#0"},
				"south": {"uv": [13, 0, 16, 2.5], "texture": "#0"},
				"west": {"uv": [13.5, 0, 16, 2.25], "texture": "#0"},
				"up": {"uv": [13.25, 0, 16, 2], "rotation": 90, "texture": "#0"},
				"down": {"uv": [13.75, 0, 16, 1.75], "rotation": 270, "texture": "#0"}
			}
		},
		{
			"from": [7, 14, 8],
			"to": [9, 15, 10],
			"faces": {
				"north": {"uv": [13.5, 0, 16, 2.5], "texture": "#0"},
				"east": {"uv": [13.75, 0, 16, 2], "texture": "#0"},
				"south": {"uv": [13, 0, 16, 2.5], "texture": "#0"},
				"west": {"uv": [13.5, 0, 16, 2.25], "texture": "#0"},
				"up": {"uv": [13.25, 0, 16, 2], "rotation": 90, "texture": "#0"},
				"down": {"uv": [13.75, 0, 16, 1.75], "rotation": 270, "texture": "#0"}
			}
		},
		{
			"from": [7, 7, 7],
			"to": [9, 12, 11],
			"faces": {
				"north": {"uv": [13.5, 0, 16, 2.5], "texture": "#0"},
				"east": {"uv": [13.75, 0, 16, 2], "texture": "#0"},
				"south": {"uv": [13, 0, 16, 2.5], "texture": "#0"},
				"west": {"uv": [13.5, 0, 16, 2.25], "texture": "#0"},
				"up": {"uv": [13.25, 0, 16, 2], "rotation": 90, "texture": "#0"},
				"down": {"uv": [13.75, 0, 16, 1.75], "rotation": 270, "texture": "#0"}
			}
		},
		{
			"from": [5, 11, 11],
			"to": [11, 12, 12],
			"faces": {
				"north": {"uv": [13.5, 0, 16, 2.5], "texture": "#0"},
				"east": {"uv": [13.75, 0, 16, 2], "texture": "#0"},
				"south": {"uv": [13, 0, 16, 2.5], "texture": "#0"},
				"west": {"uv": [13.5, 0, 16, 2.25], "texture": "#0"},
				"up": {"uv": [13.25, 0, 16, 2], "rotation": 90, "texture": "#0"},
				"down": {"uv": [13.75, 0, 16, 1.75], "rotation": 270, "texture": "#0"}
			}
		},
		{
			"from": [3, 10, 9],
			"to": [5, 13, 11],
			"faces": {
				"north": {"uv": [13.5, 0, 16, 2.5], "texture": "#0"},
				"east": {"uv": [13.75, 0, 16, 2], "texture": "#0"},
				"south": {"uv": [13, 0, 16, 2.5], "texture": "#0"},
				"west": {"uv": [13.5, 0, 16, 2.25], "texture": "#0"},
				"up": {"uv": [13.25, 0, 16, 2], "rotation": 90, "texture": "#0"},
				"down": {"uv": [13.75, 0, 16, 1.75], "rotation": 270, "texture": "#0"}
			}
		},
		{
			"from": [11, 10, 9],
			"to": [13, 13, 11],
			"faces": {
				"north": {"uv": [13.5, 0, 16, 2.5], "texture": "#0"},
				"east": {"uv": [13.75, 0, 16, 2], "texture": "#0"},
				"south": {"uv": [13, 0, 16, 2.5], "texture": "#0"},
				"west": {"uv": [13.5, 0, 16, 2.25], "texture": "#0"},
				"up": {"uv": [13.25, 0, 16, 2], "rotation": 90, "texture": "#0"},
				"down": {"uv": [13.75, 0, 16, 1.75], "rotation": 270, "texture": "#0"}
			}
		},
		{
			"from": [13, 4, 9],
			"to": [14, 9, 10],
			"faces": {
				"north": {"uv": [13.5, 0, 16, 2.5], "texture": "#0"},
				"east": {"uv": [13.75, 0, 16, 2], "texture": "#0"},
				"south": {"uv": [13, 0, 16, 2.5], "texture": "#0"},
				"west": {"uv": [13.5, 0, 16, 2.25], "texture": "#0"},
				"up": {"uv": [13.25, 0, 16, 2], "rotation": 90, "texture": "#0"},
				"down": {"uv": [13.75, 0, 16, 1.75], "rotation": 270, "texture": "#0"}
			}
		},
		{
			"from": [2, 4, 9],
			"to": [3, 9, 10],
			"faces": {
				"north": {"uv": [13.5, 0, 16, 2.5], "texture": "#0"},
				"east": {"uv": [13.75, 0, 16, 2], "texture": "#0"},
				"south": {"uv": [13, 0, 16, 2.5], "texture": "#0"},
				"west": {"uv": [13.5, 0, 16, 2.25], "texture": "#0"},
				"up": {"uv": [13.25, 0, 16, 2], "rotation": 90, "texture": "#0"},
				"down": {"uv": [13.75, 0, 16, 1.75], "rotation": 270, "texture": "#0"}
			}
		},
		{
			"from": [2, 3, 10],
			"to": [3, 11, 11],
			"faces": {
				"north": {"uv": [13.5, 0, 16, 2.5], "texture": "#0"},
				"east": {"uv": [13.75, 0, 16, 2], "texture": "#0"},
				"south": {"uv": [13, 0, 16, 2.5], "texture": "#0"},
				"west": {"uv": [13.5, 0, 16, 2.25], "texture": "#0"},
				"up": {"uv": [13.25, 0, 16, 2], "rotation": 90, "texture": "#0"},
				"down": {"uv": [13.75, 0, 16, 1.75], "rotation": 270, "texture": "#0"}
			}
		},
		{
			"from": [13, 3, 10],
			"to": [14, 11, 11],
			"faces": {
				"north": {"uv": [13.5, 0, 16, 2.5], "texture": "#0"},
				"east": {"uv": [13.75, 0, 16, 2], "texture": "#0"},
				"south": {"uv": [13, 0, 16, 2.5], "texture": "#0"},
				"west": {"uv": [13.5, 0, 16, 2.25], "texture": "#0"},
				"up": {"uv": [13.25, 0, 16, 2], "rotation": 90, "texture": "#0"},
				"down": {"uv": [13.75, 0, 16, 1.75], "rotation": 270, "texture": "#0"}
			}
		},
		{
			"from": [5, 1, 12],
			"to": [11, 11, 13],
			"faces": {
				"north": {"uv": [13.5, 0, 16, 2.5], "texture": "#0"},
				"east": {"uv": [13.75, 0, 16, 2], "texture": "#0"},
				"south": {"uv": [13, 0, 16, 2.5], "texture": "#0"},
				"west": {"uv": [13.5, 0, 16, 2.25], "texture": "#0"},
				"up": {"uv": [13.25, 0, 16, 2], "rotation": 90, "texture": "#0"},
				"down": {"uv": [13.75, 0, 16, 1.75], "rotation": 270, "texture": "#0"}
			}
		},
		{
			"from": [6.5, 3, 13],
			"to": [9.5, 9, 13.5],
			"faces": {
				"north": {"uv": [13.5, 0, 16, 2.5], "texture": "#0"},
				"east": {"uv": [13.75, 0, 16, 2], "texture": "#0"},
				"south": {"uv": [13, 0, 16, 2.5], "texture": "#0"},
				"west": {"uv": [13.5, 0, 16, 2.25], "texture": "#0"},
				"up": {"uv": [13.25, 0, 16, 2], "rotation": 90, "texture": "#0"},
				"down": {"uv": [13.75, 0, 16, 1.75], "rotation": 270, "texture": "#0"}
			}
		},
		{
			"from": [5, 1, 11],
			"to": [11, 11, 12],
			"faces": {
				"north": {"uv": [8.5, 0, 11, 2.5], "texture": "#0"},
				"east": {"uv": [9, 0, 11.25, 2], "texture": "#0"},
				"south": {"uv": [8.5, 0, 11.5, 2.5], "texture": "#0"},
				"west": {"uv": [9, 0, 11.5, 2.25], "texture": "#0"},
				"up": {"uv": [9, 0, 11.75, 2], "rotation": 90, "texture": "#0"},
				"down": {"uv": [9.5, 0, 11.75, 1.75], "rotation": 270, "texture": "#0"}
			}
		},
		{
			"from": [4, 1, 11],
			"to": [5, 11, 12],
			"faces": {
				"north": {"uv": [13.5, 0, 16, 2.5], "texture": "#0"},
				"east": {"uv": [13.75, 0, 16, 2], "texture": "#0"},
				"south": {"uv": [13, 0, 16, 2.5], "texture": "#0"},
				"west": {"uv": [13.5, 0, 16, 2.25], "texture": "#0"},
				"up": {"uv": [13.25, 0, 16, 2], "rotation": 90, "texture": "#0"},
				"down": {"uv": [13.75, 0, 16, 1.75], "rotation": 270, "texture": "#0"}
			}
		},
		{
			"from": [11, 1, 11],
			"to": [12, 11, 12],
			"faces": {
				"north": {"uv": [13.5, 0, 16, 2.5], "texture": "#0"},
				"east": {"uv": [13.75, 0, 16, 2], "texture": "#0"},
				"south": {"uv": [13, 0, 16, 2.5], "texture": "#0"},
				"west": {"uv": [13.5, 0, 16, 2.25], "texture": "#0"},
				"up": {"uv": [13.25, 0, 16, 2], "rotation": 90, "texture": "#0"},
				"down": {"uv": [13.75, 0, 16, 1.75], "rotation": 270, "texture": "#0"}
			}
		},
		{
			"from": [12, 5, 11],
			"to": [13, 11, 12],
			"faces": {
				"north": {"uv": [13.5, 0, 16, 2.5], "texture": "#0"},
				"east": {"uv": [13.75, 0, 16, 2], "texture": "#0"},
				"south": {"uv": [13, 0, 16, 2.5], "texture": "#0"},
				"west": {"uv": [13.5, 0, 16, 2.25], "texture": "#0"},
				"up": {"uv": [13.25, 0, 16, 2], "rotation": 90, "texture": "#0"},
				"down": {"uv": [13.75, 0, 16, 1.75], "rotation": 270, "texture": "#0"}
			}
		},
		{
			"from": [3, 5, 11],
			"to": [4, 11, 12],
			"faces": {
				"north": {"uv": [13.5, 0, 16, 2.5], "texture": "#0"},
				"east": {"uv": [13.75, 0, 16, 2], "texture": "#0"},
				"south": {"uv": [13, 0, 16, 2.5], "texture": "#0"},
				"west": {"uv": [13.5, 0, 16, 2.25], "texture": "#0"},
				"up": {"uv": [13.25, 0, 16, 2], "rotation": 90, "texture": "#0"},
				"down": {"uv": [13.75, 0, 16, 1.75], "rotation": 270, "texture": "#0"}
			}
		}
	],
	"display": {
		"head": {
			"translation": [0, 15, -7.25],
			"scale": [3, 3, 3]
		}
	}
}