{
    "__comment": "Model generated using MrCrayfish's Model Creator (https://mrcrayfish.com/tools?id=mc)",
    "textures": {
        "hardened_clay_white": "minecraft:blocks/hardened_clay_white"
    },
    "display": {
        "gui": {
            "rotation": [ 0, 90, 0 ],
            "translation": [ -8, -9.5, 0 ],
            "scale": [ 0.9, 0.9, 0.9 ]
        },
        "ground": {
            "rotation": [ 0, 0, 0 ],
            "translation": [ 0, 0, 0 ],
            "scale": [ 1, 1, 1 ]
        },
        "fixed": {
            "rotation": [ 0, 0, 0 ],
            "translation": [ 0, 0, 0 ],
            "scale": [ 1, 1, 1 ]
        },
        "head": {
            "rotation": [ 0, 180, 0 ],
            "translation": [ 0, 0, 0 ],
            "scale": [ 1, 1, 1 ]
        },
        "firstperson_righthand": {
            "rotation": [ 0, 0, 0 ],
            "translation": [ 0, 0, 0 ],
            "scale": [ 1, 1, 1 ]
        },
        "thirdperson_righthand": {
            "rotation": [ 0, 0, 0 ],
            "translation": [ 0, 0, 0 ],
            "scale": [ 1, 1, 1 ]
        }
    },
    "elements": [
        {
            "name": "Cube",
            "from": [ 5, 13, 8 ], 
            "to": [ 11, 14, 14 ], 
            "rotation": { "origin": [ 8.0, 13.0, 11.0 ], "axis": "x", "angle": 45.0 },
            "faces": {
                "north": { "texture": "#hardened_clay_white", "uv": [ 0, 4, 6, 5 ] },
                "east": { "texture": "#hardened_clay_white", "uv": [ 0, 4, 6, 5 ] },
                "south": { "texture": "#hardened_clay_white", "uv": [ 0, 4, 6, 5 ] },
                "west": { "texture": "#hardened_clay_white", "uv": [ 0, 4, 6, 5 ] },
                "up": { "texture": "#hardened_clay_white", "uv": [ 0, 4, 6, 10 ] },
                "down": { "texture": "#hardened_clay_white", "uv": [ 0, 4, 6, 10 ] }
            }
        },
        {
            "name": "Cube",
            "from": [ 5.1, 14, 8.1 ], 
            "to": [ 10.9, 15, 13.9 ], 
            "rotation": { "origin": [ 8.0, 13.0, 11.0 ], "axis": "x", "angle": 45.0 },
            "faces": {
                "north": { "texture": "#hardened_clay_white", "uv": [ 0, 4, 5.8, 5 ] },
                "east": { "texture": "#hardened_clay_white", "uv": [ 0, 4, 5.8, 5 ] },
                "south": { "texture": "#hardened_clay_white", "uv": [ 0, 4, 5.8, 5 ] },
                "west": { "texture": "#hardened_clay_white", "uv": [ 0, 4, 5.8, 5 ] },
                "up": { "texture": "#hardened_clay_white", "uv": [ 0, 4, 5.8, 9.8 ] },
                "down": { "texture": "#hardened_clay_white", "uv": [ 0, 4, 5.8, 9.8 ] }
            }
        },
        {
            "name": "Cube",
            "from": [ 5.2, 15, 8.2 ], 
            "to": [ 10.8, 16, 13.8 ], 
            "rotation": { "origin": [ 8.0, 13.0, 11.0 ], "axis": "x", "angle": 45.0 },
            "faces": {
                "north": { "texture": "#hardened_clay_white", "uv": [ 0, 4, 5.6, 5 ] },
                "east": { "texture": "#hardened_clay_white", "uv": [ 0, 4, 5.6, 5 ] },
                "south": { "texture": "#hardened_clay_white", "uv": [ 0, 4, 5.6, 5 ] },
                "west": { "texture": "#hardened_clay_white", "uv": [ 0, 4, 5.6, 5 ] },
                "up": { "texture": "#hardened_clay_white", "uv": [ 0, 4, 5.6, 9.6 ] },
                "down": { "texture": "#hardened_clay_white", "uv": [ 0, 4, 5.6, 9.6 ] }
            }
        },
        {
            "name": "Cube",
            "from": [ 5.3, 16, 8.3 ], 
            "to": [ 10.7, 17, 13.7 ], 
            "rotation": { "origin": [ 8.0, 13.0, 11.0 ], "axis": "x", "angle": 45.0 },
            "faces": {
                "north": { "texture": "#hardened_clay_white", "uv": [ 0, 4, 5.4, 5 ] },
                "east": { "texture": "#hardened_clay_white", "uv": [ 0, 4, 5.4, 5 ] },
                "south": { "texture": "#hardened_clay_white", "uv": [ 0, 4, 5.4, 5 ] },
                "west": { "texture": "#hardened_clay_white", "uv": [ 0, 4, 5.4, 5 ] },
                "up": { "texture": "#hardened_clay_white", "uv": [ 0, 4, 5.4, 9.4 ] },
                "down": { "texture": "#hardened_clay_white", "uv": [ 0, 4, 5.4, 9.4 ] }
            }
        },
        {
            "name": "Cube",
            "from": [ 5.4, 17, 8.4 ], 
            "to": [ 10.6, 18, 13.6 ], 
            "rotation": { "origin": [ 8.0, 13.0, 11.0 ], "axis": "x", "angle": 45.0 },
            "faces": {
                "north": { "texture": "#hardened_clay_white", "uv": [ 0, 4, 5.2, 5 ] },
                "east": { "texture": "#hardened_clay_white", "uv": [ 0, 4, 5.2, 5 ] },
                "south": { "texture": "#hardened_clay_white", "uv": [ 0, 4, 5.2, 5 ] },
                "west": { "texture": "#hardened_clay_white", "uv": [ 0, 4, 5.2, 5 ] },
                "up": { "texture": "#hardened_clay_white", "uv": [ 0, 4, 5.2, 9.2 ] },
                "down": { "texture": "#hardened_clay_white", "uv": [ 0, 4, 5.2, 9.2 ] }
            }
        },
        {
            "name": "Cube",
            "from": [ 5.5, 18, 8.5 ], 
            "to": [ 10.5, 19, 13.5 ], 
            "rotation": { "origin": [ 8.0, 13.0, 11.0 ], "axis": "x", "angle": 45.0 },
            "faces": {
                "north": { "texture": "#hardened_clay_white", "uv": [ 0, 4, 5, 5 ] },
                "east": { "texture": "#hardened_clay_white", "uv": [ 0, 4, 5, 5 ] },
                "south": { "texture": "#hardened_clay_white", "uv": [ 0, 4, 5, 5 ] },
                "west": { "texture": "#hardened_clay_white", "uv": [ 0, 4, 5, 5 ] },
                "up": { "texture": "#hardened_clay_white", "uv": [ 0, 4, 5, 9 ] },
                "down": { "texture": "#hardened_clay_white", "uv": [ 0, 4, 5, 9 ] }
            }
        },
        {
            "name": "Cube",
            "from": [ 5.6, 19, 8.6 ], 
            "to": [ 10.4, 20, 13.4 ], 
            "rotation": { "origin": [ 8.0, 13.0, 11.0 ], "axis": "x", "angle": 45.0 },
            "faces": {
                "north": { "texture": "#hardened_clay_white", "uv": [ 0, 4, 4.8, 5 ] },
                "east": { "texture": "#hardened_clay_white", "uv": [ 0, 4, 4.8, 5 ] },
                "south": { "texture": "#hardened_clay_white", "uv": [ 0, 4, 4.8, 5 ] },
                "west": { "texture": "#hardened_clay_white", "uv": [ 0, 4, 4.8, 5 ] },
                "up": { "texture": "#hardened_clay_white", "uv": [ 0, 4, 4.8, 8.8 ] },
                "down": { "texture": "#hardened_clay_white", "uv": [ 0, 4, 4.8, 8.8 ] }
            }
        },
        {
            "name": "Cube",
            "from": [ 5.7, 20, 8.7 ], 
            "to": [ 10.3, 21, 13.3 ], 
            "rotation": { "origin": [ 8.0, 13.0, 11.0 ], "axis": "x", "angle": 45.0 },
            "faces": {
                "north": { "texture": "#hardened_clay_white", "uv": [ 0, 4, 4.6, 5 ] },
                "east": { "texture": "#hardened_clay_white", "uv": [ 0, 4, 4.6, 5 ] },
                "south": { "texture": "#hardened_clay_white", "uv": [ 0, 4, 4.6, 5 ] },
                "west": { "texture": "#hardened_clay_white", "uv": [ 0, 4, 4.6, 5 ] },
                "up": { "texture": "#hardened_clay_white", "uv": [ 0, 4, 4.6, 8.6 ] },
                "down": { "texture": "#hardened_clay_white", "uv": [ 0, 4, 4.6, 8.6 ] }
            }
        },
        {
            "name": "Cube",
            "from": [ 5.8, 21, 8.8 ], 
            "to": [ 10.2, 22, 13.2 ], 
            "rotation": { "origin": [ 8.0, 13.0, 11.0 ], "axis": "x", "angle": 45.0 },
            "faces": {
                "north": { "texture": "#hardened_clay_white", "uv": [ 0, 4, 4.4, 5 ] },
                "east": { "texture": "#hardened_clay_white", "uv": [ 0, 4, 4.4, 5 ] },
                "south": { "texture": "#hardened_clay_white", "uv": [ 0, 4, 4.4, 5 ] },
                "west": { "texture": "#hardened_clay_white", "uv": [ 0, 4, 4.4, 5 ] },
                "up": { "texture": "#hardened_clay_white", "uv": [ 0, 4, 4.4, 8.4 ] },
                "down": { "texture": "#hardened_clay_white", "uv": [ 0, 4, 4.4, 8.4 ] }
            }
        },
        {
            "name": "Cube",
            "from": [ 5.9, 22, 8.9 ], 
            "to": [ 10.1, 23, 13.1 ], 
            "rotation": { "origin": [ 8.0, 13.0, 11.0 ], "axis": "x", "angle": 45.0 },
            "faces": {
                "north": { "texture": "#hardened_clay_white", "uv": [ 0, 4, 4.2, 5 ] },
                "east": { "texture": "#hardened_clay_white", "uv": [ 0, 4, 4.2, 5 ] },
                "south": { "texture": "#hardened_clay_white", "uv": [ 0, 4, 4.2, 5 ] },
                "west": { "texture": "#hardened_clay_white", "uv": [ 0, 4, 4.2, 5 ] },
                "up": { "texture": "#hardened_clay_white", "uv": [ 0, 4, 4.2, 8.2 ] },
                "down": { "texture": "#hardened_clay_white", "uv": [ 0, 4, 4.2, 8.2 ] }
            }
        },
        {
            "name": "Cube",
            "from": [ 6.1, 23, 9.1 ], 
            "to": [ 9.9, 24, 12.9 ], 
            "rotation": { "origin": [ 8.0, 13.0, 11.0 ], "axis": "x", "angle": 45.0 },
            "faces": {
                "north": { "texture": "#hardened_clay_white", "uv": [ 0, 4, 3.8, 5 ] },
                "east": { "texture": "#hardened_clay_white", "uv": [ 0, 4, 3.8, 5 ] },
                "south": { "texture": "#hardened_clay_white", "uv": [ 0, 4, 3.8, 5 ] },
                "west": { "texture": "#hardened_clay_white", "uv": [ 0, 4, 3.8, 5 ] },
                "up": { "texture": "#hardened_clay_white", "uv": [ 0, 4, 3.8, 7.8 ] },
                "down": { "texture": "#hardened_clay_white", "uv": [ 0, 4, 3.8, 7.8 ] }
            }
        },
        {
            "name": "Cube",
            "from": [ 6.2, 24, 9.2 ], 
            "to": [ 9.8, 25, 12.8 ], 
            "rotation": { "origin": [ 8.0, 13.0, 11.0 ], "axis": "x", "angle": 45.0 },
            "faces": {
                "north": { "texture": "#hardened_clay_white", "uv": [ 0, 4, 3.6, 5 ] },
                "east": { "texture": "#hardened_clay_white", "uv": [ 0, 4, 3.6, 5 ] },
                "south": { "texture": "#hardened_clay_white", "uv": [ 0, 4, 3.6, 5 ] },
                "west": { "texture": "#hardened_clay_white", "uv": [ 0, 4, 3.6, 5 ] },
                "up": { "texture": "#hardened_clay_white", "uv": [ 0, 4, 3.6, 7.6 ] },
                "down": { "texture": "#hardened_clay_white", "uv": [ 0, 4, 3.6, 7.6 ] }
            }
        },
        {
            "name": "Cube",
            "from": [ 6.3, 25, 9.3 ], 
            "to": [ 9.7, 26, 12.7 ], 
            "rotation": { "origin": [ 8.0, 13.0, 11.0 ], "axis": "x", "angle": 45.0 },
            "faces": {
                "north": { "texture": "#hardened_clay_white", "uv": [ 0, 4, 3.4, 5 ] },
                "east": { "texture": "#hardened_clay_white", "uv": [ 0, 4, 3.4, 5 ] },
                "south": { "texture": "#hardened_clay_white", "uv": [ 0, 4, 3.4, 5 ] },
                "west": { "texture": "#hardened_clay_white", "uv": [ 0, 4, 3.4, 5 ] },
                "up": { "texture": "#hardened_clay_white", "uv": [ 0, 4, 3.4, 7.4 ] },
                "down": { "texture": "#hardened_clay_white", "uv": [ 0, 4, 3.4, 7.4 ] }
            }
        },
        {
            "name": "Cube",
            "from": [ 6.4, 26, 9.4 ], 
            "to": [ 9.6, 27, 12.6 ], 
            "rotation": { "origin": [ 8.0, 13.0, 11.0 ], "axis": "x", "angle": 45.0 },
            "faces": {
                "north": { "texture": "#hardened_clay_white", "uv": [ 0, 4, 3.2, 5 ] },
                "east": { "texture": "#hardened_clay_white", "uv": [ 0, 4, 3.2, 5 ] },
                "south": { "texture": "#hardened_clay_white", "uv": [ 0, 4, 3.2, 5 ] },
                "west": { "texture": "#hardened_clay_white", "uv": [ 0, 4, 3.2, 5 ] },
                "up": { "texture": "#hardened_clay_white", "uv": [ 0, 4, 3.2, 7.2 ] },
                "down": { "texture": "#hardened_clay_white", "uv": [ 0, 4, 3.2, 7.2 ] }
            }
        },
        {
            "name": "Cube",
            "from": [ 6.5, 27, 9.5 ], 
            "to": [ 9.5, 28, 12.5 ], 
            "rotation": { "origin": [ 8.0, 13.0, 11.0 ], "axis": "x", "angle": 45.0 },
            "faces": {
                "north": { "texture": "#hardened_clay_white", "uv": [ 0, 4, 3, 5 ] },
                "east": { "texture": "#hardened_clay_white", "uv": [ 0, 4, 3, 5 ] },
                "south": { "texture": "#hardened_clay_white", "uv": [ 0, 4, 3, 5 ] },
                "west": { "texture": "#hardened_clay_white", "uv": [ 0, 4, 3, 5 ] },
                "up": { "texture": "#hardened_clay_white", "uv": [ 0, 4, 3, 7 ] },
                "down": { "texture": "#hardened_clay_white", "uv": [ 0, 4, 3, 7 ] }
            }
        },
        {
            "name": "Cube",
            "from": [ 6.6, 28, 9.6 ], 
            "to": [ 9.4, 29, 12.4 ], 
            "rotation": { "origin": [ 8.0, 13.0, 11.0 ], "axis": "x", "angle": 45.0 },
            "faces": {
                "north": { "texture": "#hardened_clay_white", "uv": [ 0, 4, 2.8, 5 ] },
                "east": { "texture": "#hardened_clay_white", "uv": [ 0, 4, 2.8, 5 ] },
                "south": { "texture": "#hardened_clay_white", "uv": [ 0, 4, 2.8, 5 ] },
                "west": { "texture": "#hardened_clay_white", "uv": [ 0, 4, 2.8, 5 ] },
                "up": { "texture": "#hardened_clay_white", "uv": [ 0, 4, 2.8, 6.8 ] },
                "down": { "texture": "#hardened_clay_white", "uv": [ 0, 4, 2.8, 6.8 ] }
            }
        },
        {
            "name": "Cube",
            "from": [ 6.8, 29, 9.8 ], 
            "to": [ 9.2, 30, 12.2 ], 
            "rotation": { "origin": [ 8.0, 13.0, 11.0 ], "axis": "x", "angle": 45.0 },
            "faces": {
                "north": { "texture": "#hardened_clay_white", "uv": [ 0, 4, 2.4, 5 ] },
                "east": { "texture": "#hardened_clay_white", "uv": [ 0, 4, 2.4, 5 ] },
                "south": { "texture": "#hardened_clay_white", "uv": [ 0, 4, 2.4, 5 ] },
                "west": { "texture": "#hardened_clay_white", "uv": [ 0, 4, 2.4, 5 ] },
                "up": { "texture": "#hardened_clay_white", "uv": [ 0, 4, 2.4, 6.4 ] },
                "down": { "texture": "#hardened_clay_white", "uv": [ 0, 4, 2.4, 6.4 ] }
            }
        },
        {
            "name": "Cube",
            "from": [ 7, 30, 10 ], 
            "to": [ 9, 31, 12 ], 
            "rotation": { "origin": [ 8.0, 13.0, 11.0 ], "axis": "x", "angle": 45.0 },
            "faces": {
                "north": { "texture": "#hardened_clay_white", "uv": [ 0, 4, 2, 5 ] },
                "east": { "texture": "#hardened_clay_white", "uv": [ 0, 4, 2, 5 ] },
                "south": { "texture": "#hardened_clay_white", "uv": [ 0, 4, 2, 5 ] },
                "west": { "texture": "#hardened_clay_white", "uv": [ 0, 4, 2, 5 ] },
                "up": { "texture": "#hardened_clay_white", "uv": [ 0, 4, 2, 6 ] },
                "down": { "texture": "#hardened_clay_white", "uv": [ 0, 4, 2, 6 ] }
            }
        },
        {
            "name": "Cube",
            "from": [ 7.3, 31, 10.3 ], 
            "to": [ 8.7, 32, 11.7 ], 
            "rotation": { "origin": [ 8.0, 13.0, 11.0 ], "axis": "x", "angle": 45.0 },
            "faces": {
                "north": { "texture": "#hardened_clay_white", "uv": [ 0, 4, 1.4, 5 ] },
                "east": { "texture": "#hardened_clay_white", "uv": [ 0, 4, 1.4, 5 ] },
                "south": { "texture": "#hardened_clay_white", "uv": [ 0, 4, 1.4, 5 ] },
                "west": { "texture": "#hardened_clay_white", "uv": [ 0, 4, 1.4, 5 ] },
                "up": { "texture": "#hardened_clay_white", "uv": [ 0, 4, 1.4, 5.4 ] },
                "down": { "texture": "#hardened_clay_white", "uv": [ 0, 4, 1.4, 5.4 ] }
            }
        }
    ]
}