{
	"credit": "Made with Blockbench",
	"textures": {
		"0": "blocks/whiteegg",
		"particle": "blocks/whiteegg"
	},
	"elements": [
		{
			"from": [4, 0, 4],
			"to": [12, 1, 12],
			"faces": {
				"north": {"uv": [0, 0, 12, 1], "texture": "#0"},
				"east": {"uv": [0, 0, 12, 1], "texture": "#0"},
				"south": {"uv": [0, 0, 12, 1], "texture": "#0"},
				"west": {"uv": [0, 0, 12, 1], "texture": "#0"},
				"up": {"uv": [0, 0, 12, 12], "texture": "#0"},
				"down": {"uv": [0, 0, 12, 12], "texture": "#0"}
			}
		},
		{
			"from": [3, 1, 3],
			"to": [13, 3, 13],
			"faces": {
				"north": {"uv": [0, 0, 14, 2], "texture": "#0"},
				"east": {"uv": [0, 0, 14, 2], "texture": "#0"},
				"south": {"uv": [0, 0, 14, 2], "texture": "#0"},
				"west": {"uv": [0, 0, 14, 2], "texture": "#0"},
				"up": {"uv": [0, 0, 14, 14], "texture": "#0"},
				"down": {"uv": [0, 0, 14, 14], "texture": "#0"}
			}
		},
		{
			"from": [2, 3, 2],
			"to": [14, 8, 14],
			"faces": {
				"north": {"uv": [0, 3, 16, 8], "texture": "#0"},
				"east": {"uv": [0, 0, 16, 5], "texture": "#0"},
				"south": {"uv": [0, 2, 16, 7], "texture": "#0"},
				"west": {"uv": [0, 9, 16, 14], "texture": "#0"},
				"up": {"uv": [0, 0, 16, 16], "texture": "#0"},
				"down": {"uv": [0, 0, 16, 16], "texture": "#0"}
			}
		},
		{
			"from": [3, 8, 3],
			"to": [13, 10.5, 13],
			"faces": {
				"north": {"uv": [0, 6, 14, 9], "texture": "#0"},
				"east": {"uv": [0, 6, 14, 9], "texture": "#0"},
				"south": {"uv": [0, 1, 14, 4], "texture": "#0"},
				"west": {"uv": [0, 13, 14, 16], "texture": "#0"},
				"up": {"uv": [0, 0, 14, 14], "texture": "#0"},
				"down": {"uv": [0, 0, 14, 14], "texture": "#0"}
			}
		},
		{
			"from": [4.5, 10.5, 4.5],
			"to": [11.5, 13, 11.5],
			"faces": {
				"north": {"uv": [8, 6, 16, 8], "texture": "#0"},
				"east": {"uv": [4, 6, 12, 8], "texture": "#0"},
				"south": {"uv": [8, 3, 16, 5], "texture": "#0"},
				"west": {"uv": [0, 6, 8, 8], "texture": "#0"},
				"up": {"uv": [0, 0, 8, 8], "texture": "#0"},
				"down": {"uv": [0, 0, 8, 8], "texture": "#0"}
			}
		},
		{
			"from": [6, 13, 6],
			"to": [10, 14, 10],
			"faces": {
				"north": {"uv": [0, 0, 6, 1], "texture": "#0"},
				"east": {"uv": [0, 0, 6, 1], "texture": "#0"},
				"south": {"uv": [0, 0, 6, 1], "texture": "#0"},
				"west": {"uv": [0, 0, 6, 1], "texture": "#0"},
				"up": {"uv": [0, 0, 6, 6], "texture": "#0"},
				"down": {"uv": [0, 0, 6, 6], "texture": "#0"}
			}
		}
	],
	"display": {
		"head": {
			"translation": [0, -33.5, 0],
			"scale": [1.2, 1.2, 1.2]
		}
	}
}