{
    "__comment": "Model generated using MrCrayfish's Model Creator (http://mrcrayfish.com/modelcreator/)",
    "textures": {
        "0": "blocks/purpur_block",
        "1": "blocks/hardened_clay_white"
    },
    "elements": [
        {
            "name": "Head",
            "from": [ 0.0, 0.0, 0.0 ], 
            "to": [ 16.0, 16.0, 16.0 ], 
            "faces": {
                "north": { "texture": "#0", "uv": [ 4.0, 4.0, 8.0, 8.0 ] },
                "east": { "texture": "#0", "uv": [ 0.0, 4.0, 4.0, 8.0 ] },
                "south": { "texture": "#0", "uv": [ 12.0, 4.0, 16.0, 8.0 ] },
                "west": { "texture": "#0", "uv": [ 8.0, 4.0, 12.0, 8.0 ] },
                "up": { "texture": "#0", "uv": [ 4.0, 0.0, 8.0, 4.0 ] },
                "down": { "texture": "#0", "uv": [ 8.0, 0.0, 12.0, 4.0 ] }
            }
        },
        {
            "name": "Hat",
            "from": [ -2.0, 16.0, -2.0 ], 
            "to": [ 18.0, 17.0, 18.0 ], 
            "faces": {
                "north": { "texture": "#1", "uv": [ 0.0, 4.0, 16.0, 5.0 ] },
                "east": { "texture": "#1", "uv": [ 0.0, 5.0, 16.0, 6.0 ] },
                "south": { "texture": "#1", "uv": [ 0.0, 6.0, 16.0, 7.0 ] },
                "west": { "texture": "#1", "uv": [ 0.0, 7.0, 16.0, 8.0 ] },
                "up": { "texture": "#1", "uv": [ 5.0, 4.0, 13.0, 12.0 ] },
                "down": { "texture": "#1", "uv": [ 5.0, 4.0, 13.0, 12.0 ] }
            }
        },
        {
            "name": "Cube",
            "from": [ 1.8999999985098839, 12.899999998509884, 1.8999999985098839 ], 
            "to": [ 14.100000001490116, 14.200000002980232, 14.100000001490116 ], 
            "faces": {
                "north": { "texture": "#1", "uv": [ 0.0, 4.0, 12.200000002980232, 5.300000004470348 ] },
                "east": { "texture": "#1", "uv": [ 0.0, 5.0, 12.200000002980232, 6.300000004470348 ] },
                "south": { "texture": "#1", "uv": [ 0.0, 6.0, 12.200000002980232, 7.300000004470348 ] },
                "west": { "texture": "#1", "uv": [ 0.0, 7.0, 12.200000002980232, 8.300000004470348 ] },
                "up": { "texture": "#1", "uv": [ 5.0, 4.0, 13.0, 12.0 ] },
                "down": { "texture": "#1", "uv": [ 5.0, 4.0, 13.0, 12.0 ] }
            }
        },
        {
            "name": "Cube",
            "from": [ 2.0, 13.799999997019768, 2.0 ], 
            "to": [ 14.0, 14.699999995529652, 14.0 ], 
            "faces": {
                "north": { "texture": "#1", "uv": [ 0.0, 4.0, 12.0, 4.899999998509884 ] },
                "east": { "texture": "#1", "uv": [ 0.0, 5.0, 12.0, 5.899999998509884 ] },
                "south": { "texture": "#1", "uv": [ 0.0, 6.0, 12.0, 6.899999998509884 ] },
                "west": { "texture": "#1", "uv": [ 0.0, 7.0, 12.0, 7.899999998509884 ] },
                "up": { "texture": "#1", "uv": [ 5.0, 4.0, 13.0, 12.0 ] },
                "down": { "texture": "#1", "uv": [ 5.0, 4.0, 13.0, 12.0 ] }
            }
        },
        {
            "name": "Cube",
            "from": [ 2.100000001490116, 14.599999994039536, 2.100000001490116 ], 
            "to": [ 13.899999998509884, 15.49999999254942, 13.899999998509884 ], 
            "faces": {
                "north": { "texture": "#1", "uv": [ 0.0, 4.0, 11.799999997019768, 4.899999998509884 ] },
                "east": { "texture": "#1", "uv": [ 0.0, 5.0, 11.799999997019768, 5.899999998509884 ] },
                "south": { "texture": "#1", "uv": [ 0.0, 6.0, 11.799999997019768, 6.899999998509884 ] },
                "west": { "texture": "#1", "uv": [ 0.0, 7.0, 11.799999997019768, 7.899999998509884 ] },
                "up": { "texture": "#1", "uv": [ 5.0, 4.0, 13.0, 12.0 ] },
                "down": { "texture": "#1", "uv": [ 5.0, 4.0, 13.0, 12.0 ] }
            }
        },
        {
            "name": "Cube",
            "from": [ 2.2000000029802322, 15.399999991059303, 2.2000000029802322 ], 
            "to": [ 13.799999997019768, 16.299999989569187, 13.799999997019768 ], 
            "faces": {
                "north": { "texture": "#1", "uv": [ 0.0, 4.0, 11.599999994039536, 4.899999998509884 ] },
                "east": { "texture": "#1", "uv": [ 0.0, 5.0, 11.599999994039536, 5.899999998509884 ] },
                "south": { "texture": "#1", "uv": [ 0.0, 6.0, 11.599999994039536, 6.899999998509884 ] },
                "west": { "texture": "#1", "uv": [ 0.0, 7.0, 11.599999994039536, 7.899999998509884 ] },
                "up": { "texture": "#1", "uv": [ 5.0, 4.0, 13.0, 12.0 ] },
                "down": { "texture": "#1", "uv": [ 5.0, 4.0, 13.0, 12.0 ] }
            }
        },
        {
            "name": "Cube",
            "from": [ 2.3000000044703484, 16.19999998807907, 2.3000000044703484 ], 
            "to": [ 13.699999995529652, 17.099999986588955, 13.699999995529652 ], 
            "faces": {
                "north": { "texture": "#1", "uv": [ 0.0, 4.0, 11.399999991059303, 4.899999998509884 ] },
                "east": { "texture": "#1", "uv": [ 0.0, 5.0, 11.399999991059303, 5.899999998509884 ] },
                "south": { "texture": "#1", "uv": [ 0.0, 6.0, 11.399999991059303, 6.899999998509884 ] },
                "west": { "texture": "#1", "uv": [ 0.0, 7.0, 11.399999991059303, 7.899999998509884 ] },
                "up": { "texture": "#1", "uv": [ 5.0, 4.0, 13.0, 12.0 ] },
                "down": { "texture": "#1", "uv": [ 5.0, 4.0, 13.0, 12.0 ] }
            }
        },
        {
            "name": "Cube",
            "from": [ 2.5000000074505806, 16.99999998509884, 2.5000000074505806 ], 
            "to": [ 13.49999999254942, 17.899999983608723, 13.49999999254942 ], 
            "faces": {
                "north": { "texture": "#1", "uv": [ 0.0, 4.0, 10.999999985098839, 4.899999998509884 ] },
                "east": { "texture": "#1", "uv": [ 0.0, 5.0, 10.999999985098839, 5.899999998509884 ] },
                "south": { "texture": "#1", "uv": [ 0.0, 6.0, 10.999999985098839, 6.899999998509884 ] },
                "west": { "texture": "#1", "uv": [ 0.0, 7.0, 10.999999985098839, 7.899999998509884 ] },
                "up": { "texture": "#1", "uv": [ 5.0, 4.0, 13.0, 12.0 ] },
                "down": { "texture": "#1", "uv": [ 5.0, 4.0, 13.0, 12.0 ] }
            }
        },
        {
            "name": "Cube",
            "from": [ 2.700000010430813, 17.799999982118607, 2.700000010430813 ], 
            "to": [ 13.299999989569187, 18.69999998062849, 13.299999989569187 ], 
            "faces": {
                "north": { "texture": "#1", "uv": [ 0.0, 4.0, 10.599999979138374, 4.899999998509884 ] },
                "east": { "texture": "#1", "uv": [ 0.0, 5.0, 10.599999979138374, 5.899999998509884 ] },
                "south": { "texture": "#1", "uv": [ 0.0, 6.0, 10.599999979138374, 6.899999998509884 ] },
                "west": { "texture": "#1", "uv": [ 0.0, 7.0, 10.599999979138374, 7.899999998509884 ] },
                "up": { "texture": "#1", "uv": [ 5.0, 4.0, 13.0, 12.0 ] },
                "down": { "texture": "#1", "uv": [ 5.0, 4.0, 13.0, 12.0 ] }
            }
        },
        {
            "name": "Cube",
            "from": [ 2.900000013411045, 18.599999979138374, 2.900000013411045 ], 
            "to": [ 13.099999986588955, 19.499999977648258, 13.099999986588955 ], 
            "faces": {
                "north": { "texture": "#1", "uv": [ 0.0, 4.0, 10.19999997317791, 4.899999998509884 ] },
                "east": { "texture": "#1", "uv": [ 0.0, 5.0, 10.19999997317791, 5.899999998509884 ] },
                "south": { "texture": "#1", "uv": [ 0.0, 6.0, 10.19999997317791, 6.899999998509884 ] },
                "west": { "texture": "#1", "uv": [ 0.0, 7.0, 10.19999997317791, 7.899999998509884 ] },
                "up": { "texture": "#1", "uv": [ 5.0, 4.0, 13.0, 12.0 ] },
                "down": { "texture": "#1", "uv": [ 5.0, 4.0, 13.0, 12.0 ] }
            }
        },
        {
            "name": "Cube",
            "from": [ 3.1000000163912773, 19.399999976158142, 3.1000000163912773 ], 
            "to": [ 12.899999983608723, 20.299999974668026, 12.899999983608723 ], 
            "faces": {
                "north": { "texture": "#1", "uv": [ 0.0, 4.0, 9.799999967217445, 4.899999998509884 ] },
                "east": { "texture": "#1", "uv": [ 0.0, 5.0, 9.799999967217445, 5.899999998509884 ] },
                "south": { "texture": "#1", "uv": [ 0.0, 6.0, 9.799999967217445, 6.899999998509884 ] },
                "west": { "texture": "#1", "uv": [ 0.0, 7.0, 9.799999967217445, 7.899999998509884 ] },
                "up": { "texture": "#1", "uv": [ 5.0, 4.0, 13.0, 12.0 ] },
                "down": { "texture": "#1", "uv": [ 5.0, 4.0, 13.0, 12.0 ] }
            }
        },
        {
            "name": "Cube",
            "from": [ 3.3000000193715096, 20.19999997317791, 3.3000000193715096 ], 
            "to": [ 12.69999998062849, 21.099999971687794, 12.69999998062849 ], 
            "faces": {
                "north": { "texture": "#1", "uv": [ 0.0, 4.0, 9.399999961256981, 4.899999998509884 ] },
                "east": { "texture": "#1", "uv": [ 0.0, 5.0, 9.399999961256981, 5.899999998509884 ] },
                "south": { "texture": "#1", "uv": [ 0.0, 6.0, 9.399999961256981, 6.899999998509884 ] },
                "west": { "texture": "#1", "uv": [ 0.0, 7.0, 9.399999961256981, 7.899999998509884 ] },
                "up": { "texture": "#1", "uv": [ 5.0, 4.0, 13.0, 12.0 ] },
                "down": { "texture": "#1", "uv": [ 5.0, 4.0, 13.0, 12.0 ] }
            }
        },
        {
            "name": "Cube",
            "from": [ 3.500000022351742, 20.999999970197678, 3.500000022351742 ], 
            "to": [ 12.499999977648258, 21.89999996870756, 12.499999977648258 ], 
            "faces": {
                "north": { "texture": "#1", "uv": [ 0.0, 4.0, 8.999999955296516, 4.899999998509884 ] },
                "east": { "texture": "#1", "uv": [ 0.0, 5.0, 8.999999955296516, 5.899999998509884 ] },
                "south": { "texture": "#1", "uv": [ 0.0, 6.0, 8.999999955296516, 6.899999998509884 ] },
                "west": { "texture": "#1", "uv": [ 0.0, 7.0, 8.999999955296516, 7.899999998509884 ] },
                "up": { "texture": "#1", "uv": [ 5.0, 4.0, 13.0, 12.0 ] },
                "down": { "texture": "#1", "uv": [ 5.0, 4.0, 13.0, 12.0 ] }
            }
        },
        {
            "name": "Cube",
            "from": [ 3.80000002682209, 21.799999967217445, 3.80000002682209 ], 
            "to": [ 12.19999997317791, 22.69999996572733, 12.19999997317791 ], 
            "faces": {
                "north": { "texture": "#1", "uv": [ 0.0, 4.0, 8.39999994635582, 4.899999998509884 ] },
                "east": { "texture": "#1", "uv": [ 0.0, 5.0, 8.39999994635582, 5.899999998509884 ] },
                "south": { "texture": "#1", "uv": [ 0.0, 6.0, 8.39999994635582, 6.899999998509884 ] },
                "west": { "texture": "#1", "uv": [ 0.0, 7.0, 8.39999994635582, 7.899999998509884 ] },
                "up": { "texture": "#1", "uv": [ 5.0, 4.0, 13.0, 12.0 ] },
                "down": { "texture": "#1", "uv": [ 5.0, 4.0, 13.0, 12.0 ] }
            }
        },
        {
            "name": "Cube",
            "from": [ 4.1000000312924385, 22.599999964237213, 4.1000000312924385 ], 
            "to": [ 11.899999968707561, 23.499999962747097, 11.899999968707561 ], 
            "faces": {
                "north": { "texture": "#1", "uv": [ 0.0, 4.0, 7.799999937415123, 4.899999998509884 ] },
                "east": { "texture": "#1", "uv": [ 0.0, 5.0, 7.799999937415123, 5.899999998509884 ] },
                "south": { "texture": "#1", "uv": [ 0.0, 6.0, 7.799999937415123, 6.899999998509884 ] },
                "west": { "texture": "#1", "uv": [ 0.0, 7.0, 7.799999937415123, 7.899999998509884 ] },
                "up": { "texture": "#1", "uv": [ 5.0, 4.0, 13.0, 12.0 ] },
                "down": { "texture": "#1", "uv": [ 5.0, 4.0, 13.0, 12.0 ] }
            }
        },
        {
            "name": "Cube",
            "from": [ 4.400000035762787, 23.39999996125698, 4.400000035762787 ], 
            "to": [ 11.599999964237213, 24.299999959766865, 11.599999964237213 ], 
            "faces": {
                "north": { "texture": "#1", "uv": [ 0.0, 4.0, 7.199999928474426, 4.899999998509884 ] },
                "east": { "texture": "#1", "uv": [ 0.0, 5.0, 7.199999928474426, 5.899999998509884 ] },
                "south": { "texture": "#1", "uv": [ 0.0, 6.0, 7.199999928474426, 6.899999998509884 ] },
                "west": { "texture": "#1", "uv": [ 0.0, 7.0, 7.199999928474426, 7.899999998509884 ] },
                "up": { "texture": "#1", "uv": [ 5.0, 4.0, 13.0, 12.0 ] },
                "down": { "texture": "#1", "uv": [ 5.0, 4.0, 13.0, 12.0 ] }
            }
        },
        {
            "name": "Cube",
            "from": [ 4.700000040233135, 24.19999995827675, 4.700000040233135 ], 
            "to": [ 11.299999959766865, 25.099999956786633, 11.299999959766865 ], 
            "faces": {
                "north": { "texture": "#1", "uv": [ 0.0, 4.0, 6.5999999195337296, 4.899999998509884 ] },
                "east": { "texture": "#1", "uv": [ 0.0, 5.0, 6.5999999195337296, 5.899999998509884 ] },
                "south": { "texture": "#1", "uv": [ 0.0, 6.0, 6.5999999195337296, 6.899999998509884 ] },
                "west": { "texture": "#1", "uv": [ 0.0, 7.0, 6.5999999195337296, 7.899999998509884 ] },
                "up": { "texture": "#1", "uv": [ 5.0, 4.0, 13.0, 12.0 ] },
                "down": { "texture": "#1", "uv": [ 5.0, 4.0, 13.0, 12.0 ] }
            }
        },
        {
            "name": "Cube",
            "from": [ 5.000000044703484, 24.999999955296516, 5.000000044703484 ], 
            "to": [ 10.999999955296516, 25.8999999538064, 10.999999955296516 ], 
            "faces": {
                "north": { "texture": "#1", "uv": [ 0.0, 4.0, 5.999999910593033, 4.899999998509884 ] },
                "east": { "texture": "#1", "uv": [ 0.0, 5.0, 5.999999910593033, 5.899999998509884 ] },
                "south": { "texture": "#1", "uv": [ 0.0, 6.0, 5.999999910593033, 6.899999998509884 ] },
                "west": { "texture": "#1", "uv": [ 0.0, 7.0, 5.999999910593033, 7.899999998509884 ] },
                "up": { "texture": "#1", "uv": [ 5.0, 4.0, 13.0, 12.0 ] },
                "down": { "texture": "#1", "uv": [ 5.0, 4.0, 13.0, 12.0 ] }
            }
        },
        {
            "name": "Cube",
            "from": [ 5.300000049173832, 25.799999952316284, 5.300000049173832 ], 
            "to": [ 10.699999950826168, 26.699999950826168, 10.699999950826168 ], 
            "faces": {
                "north": { "texture": "#1", "uv": [ 0.0, 4.0, 5.399999901652336, 4.899999998509884 ] },
                "east": { "texture": "#1", "uv": [ 0.0, 5.0, 5.399999901652336, 5.899999998509884 ] },
                "south": { "texture": "#1", "uv": [ 0.0, 6.0, 5.399999901652336, 6.899999998509884 ] },
                "west": { "texture": "#1", "uv": [ 0.0, 7.0, 5.399999901652336, 7.899999998509884 ] },
                "up": { "texture": "#1", "uv": [ 5.0, 4.0, 13.0, 12.0 ] },
                "down": { "texture": "#1", "uv": [ 5.0, 4.0, 13.0, 12.0 ] }
            }
        },
        {
            "name": "Cube",
            "from": [ 5.60000005364418, 26.599999949336052, 5.60000005364418 ], 
            "to": [ 10.39999994635582, 27.499999947845936, 10.39999994635582 ], 
            "faces": {
                "north": { "texture": "#1", "uv": [ 0.0, 4.0, 4.799999892711639, 4.899999998509884 ] },
                "east": { "texture": "#1", "uv": [ 0.0, 5.0, 4.799999892711639, 5.899999998509884 ] },
                "south": { "texture": "#1", "uv": [ 0.0, 6.0, 4.799999892711639, 6.899999998509884 ] },
                "west": { "texture": "#1", "uv": [ 0.0, 7.0, 4.799999892711639, 7.899999998509884 ] },
                "up": { "texture": "#1", "uv": [ 5.0, 4.0, 13.0, 12.0 ] },
                "down": { "texture": "#1", "uv": [ 5.0, 4.0, 13.0, 12.0 ] }
            }
        },
        {
            "name": "Cube",
            "from": [ 5.900000058114529, 27.39999994635582, 5.900000058114529 ], 
            "to": [ 10.099999941885471, 28.299999944865704, 10.099999941885471 ], 
            "faces": {
                "north": { "texture": "#1", "uv": [ 0.0, 4.0, 4.199999883770943, 4.899999998509884 ] },
                "east": { "texture": "#1", "uv": [ 0.0, 5.0, 4.199999883770943, 5.899999998509884 ] },
                "south": { "texture": "#1", "uv": [ 0.0, 6.0, 4.199999883770943, 6.899999998509884 ] },
                "west": { "texture": "#1", "uv": [ 0.0, 7.0, 4.199999883770943, 7.899999998509884 ] },
                "up": { "texture": "#1", "uv": [ 5.0, 4.0, 13.0, 12.0 ] },
                "down": { "texture": "#1", "uv": [ 5.0, 4.0, 13.0, 12.0 ] }
            }
        },
        {
            "name": "Cube",
            "from": [ 6.200000062584877, 28.199999943375587, 6.200000062584877 ], 
            "to": [ 9.799999937415123, 29.09999994188547, 9.799999937415123 ], 
            "faces": {
                "north": { "texture": "#1", "uv": [ 0.0, 4.0, 3.599999874830246, 4.899999998509884 ] },
                "east": { "texture": "#1", "uv": [ 0.0, 5.0, 3.599999874830246, 5.899999998509884 ] },
                "south": { "texture": "#1", "uv": [ 0.0, 6.0, 3.599999874830246, 6.899999998509884 ] },
                "west": { "texture": "#1", "uv": [ 0.0, 7.0, 3.599999874830246, 7.899999998509884 ] },
                "up": { "texture": "#1", "uv": [ 5.0, 4.0, 13.0, 12.0 ] },
                "down": { "texture": "#1", "uv": [ 5.0, 4.0, 13.0, 12.0 ] }
            }
        },
        {
            "name": "Cube",
            "from": [ 6.500000067055225, 28.999999940395355, 6.500000067055225 ], 
            "to": [ 9.499999932944775, 29.89999993890524, 9.499999932944775 ], 
            "faces": {
                "north": { "texture": "#1", "uv": [ 0.0, 4.0, 2.9999998658895493, 4.899999998509884 ] },
                "east": { "texture": "#1", "uv": [ 0.0, 5.0, 2.9999998658895493, 5.899999998509884 ] },
                "south": { "texture": "#1", "uv": [ 0.0, 6.0, 2.9999998658895493, 6.899999998509884 ] },
                "west": { "texture": "#1", "uv": [ 0.0, 7.0, 2.9999998658895493, 7.899999998509884 ] },
                "up": { "texture": "#1", "uv": [ 5.0, 4.0, 13.0, 12.0 ] },
                "down": { "texture": "#1", "uv": [ 5.0, 4.0, 13.0, 12.0 ] }
            }
        },
        {
            "name": "Cube",
            "from": [ 6.800000071525574, 29.799999937415123, 6.800000071525574 ], 
            "to": [ 9.199999928474426, 30.699999935925007, 9.199999928474426 ], 
            "faces": {
                "north": { "texture": "#1", "uv": [ 0.0, 4.0, 2.3999998569488525, 4.899999998509884 ] },
                "east": { "texture": "#1", "uv": [ 0.0, 5.0, 2.3999998569488525, 5.899999998509884 ] },
                "south": { "texture": "#1", "uv": [ 0.0, 6.0, 2.3999998569488525, 6.899999998509884 ] },
                "west": { "texture": "#1", "uv": [ 0.0, 7.0, 2.3999998569488525, 7.899999998509884 ] },
                "up": { "texture": "#1", "uv": [ 5.0, 4.0, 13.0, 12.0 ] },
                "down": { "texture": "#1", "uv": [ 5.0, 4.0, 13.0, 12.0 ] }
            }
        },
        {
            "name": "Cube",
            "from": [ 7.100000075995922, 30.59999993443489, 7.100000075995922 ], 
            "to": [ 8.899999924004078, 31.499999932944775, 8.899999924004078 ], 
            "faces": {
                "north": { "texture": "#1", "uv": [ 0.0, 4.0, 1.7999998480081558, 4.899999998509884 ] },
                "east": { "texture": "#1", "uv": [ 0.0, 5.0, 1.7999998480081558, 5.899999998509884 ] },
                "south": { "texture": "#1", "uv": [ 0.0, 6.0, 1.7999998480081558, 6.899999998509884 ] },
                "west": { "texture": "#1", "uv": [ 0.0, 7.0, 1.7999998480081558, 7.899999998509884 ] },
                "up": { "texture": "#1", "uv": [ 5.0, 4.0, 13.0, 12.0 ] },
                "down": { "texture": "#1", "uv": [ 5.0, 4.0, 13.0, 12.0 ] }
            }
        }
    ]
}