{
	"credit": "Made with Blockbench",
	"texture_size": [64, 64],
	"textures": {
		"0": "custom/name",
		"particle": "custom/name"
	},
	"elements": [
		{
			"name": "Name",
			"from": [-16, 22, 8],
			"to": [32, 29, 8],
			"rotation": {"angle": 0, "axis": "y", "origin": [-8, 30, 16]},
			"faces": {
				"north": {"uv": [0, 3.84375, 16, 6.06175], "texture": "#0"},
				"east": {"uv": [0, 3.84375, 16, 6.06175], "texture": "#0"},
				"south": {"uv": [0, 3.84375, 16, 6.06175], "texture": "#0"},
				"west": {"uv": [0, 3.84375, 16, 6.06175], "texture": "#0"},
				"up": {"uv": [0, 3.84375, 16, 6.06175], "texture": "#0"},
				"down": {"uv": [0, 3.84375, 16, 6.06175], "texture": "#0"}
			}
		}
	],
	"display": {
		"head": {
			"scale": [1.5, 1.5, 1.5]
		}
	}
}