{
"music.elevator":{"sounds":[{"name": "music/elevator","volume":1,"pitch":1,"weight":1,"stream":true,"attenuation_distance":100000,"preload":false}]},"music.tension":{"sounds":[{"name": "music/tension","volume":1,"pitch":1,"weight":1,"stream":true,"attenuation_distance":100000,"preload":false}]},"dialog.tiffany_0":{"sounds":[{"name": "dialog/tiffany_0","volume":1,"pitch":1,"weight":1,"stream":true,"attenuation_distance":100000,"preload":false}]},"dialog.tiffany_1":{"sounds":[{"name": "dialog/tiffany_1","volume":1,"pitch":1,"weight":1,"stream":true,"attenuation_distance":100000,"preload":false}]},"dialog.tiffany_2":{"sounds":[{"name": "dialog/tiffany_2","volume":1,"pitch":1,"weight":1,"stream":true,"attenuation_distance":100000,"preload":false}]},"dialog.tiffany_3":{"sounds":[{"name": "dialog/tiffany_3","volume":1,"pitch":1,"weight":1,"stream":true,"attenuation_distance":100000,"preload":false}]},"dialog.kernel_0":{"sounds":[{"name": "dialog/kernel_0","volume":1,"pitch":1,"weight":1,"stream":true,"attenuation_distance":100000,"preload":false}]},"dialog.kernel_1":{"sounds":[{"name": "dialog/kernel_1","volume":1,"pitch":1,"weight":1,"stream":true,"attenuation_distance":100000,"preload":false}]},"dialog.kernel_2":{"sounds":[{"name": "dialog/kernel_2","volume":1,"pitch":1,"weight":1,"stream":true,"attenuation_distance":100000,"preload":false}]},"dialog.kernel_3":{"sounds":[{"name": "dialog/kernel_3","volume":1,"pitch":1,"weight":1,"stream":true,"attenuation_distance":100000,"preload":false}]},"dialog.kernel_4":{"sounds":[{"name": "dialog/kernel_4","volume":1,"pitch":1,"weight":1,"stream":true,"attenuation_distance":100000,"preload":false}]},"dialog.kernel_5":{"sounds":[{"name": "dialog/kernel_5","volume":1,"pitch":1,"weight":1,"stream":true,"attenuation_distance":100000,"preload":false}]},"dialog.kernel_6":{"sounds":[{"name": "dialog/kernel_6","volume":1,"pitch":1,"weight":1,"stream":true,"attenuation_distance":100000,"preload":false}]},"dialog.kernel_7":{"sounds":[{"name": "dialog/kernel_7","volume":1,"pitch":1,"weight":1,"stream":true,"attenuation_distance":100000,"preload":false}]},"dialog.kernel_8":{"sounds":[{"name": "dialog/kernel_8","volume":1,"pitch":1,"weight":1,"stream":true,"attenuation_distance":100000,"preload":false}]},"dialog.kernel_9":{"sounds":[{"name": "dialog/kernel_9","volume":1,"pitch":1,"weight":1,"stream":true,"attenuation_distance":100000,"preload":false}]},"dialog.outro_0":{"sounds":[{"name": "dialog/outro_0","volume":1,"pitch":1,"weight":1,"stream":true,"attenuation_distance":100000,"preload":false}]},"dialog.outro_1":{"sounds":[{"name": "dialog/outro_1","volume":1,"pitch":1,"weight":1,"stream":true,"attenuation_distance":100000,"preload":false}]},"dialog.outro_2":{"sounds":[{"name": "dialog/outro_2","volume":1,"pitch":1,"weight":1,"stream":true,"attenuation_distance":100000,"preload":false}]},"dialog.outro_3":{"sounds":[{"name": "dialog/outro_3","volume":1,"pitch":1,"weight":1,"stream":true,"attenuation_distance":100000,"preload":false}]},"dialog.outro_4":{"sounds":[{"name": "dialog/outro_4","volume":1,"pitch":1,"weight":1,"stream":true,"attenuation_distance":100000,"preload":false}]},"dialog.outro_5":{"sounds":[{"name": "dialog/outro_5","volume":1,"pitch":1,"weight":1,"stream":true,"attenuation_distance":100000,"preload":false}]},"dialog.outro_6":{"sounds":[{"name": "dialog/outro_6","volume":1,"pitch":1,"weight":1,"stream":true,"attenuation_distance":100000,"preload":false}]},"dialog.outro_7":{"sounds":[{"name": "dialog/outro_7","volume":1,"pitch":1,"weight":1,"stream":true,"attenuation_distance":100000,"preload":false}]},"dialog.outro_8":{"sounds":[{"name": "dialog/outro_8","volume":1,"pitch":1,"weight":1,"stream":true,"attenuation_distance":100000,"preload":false}]},"dialog.outro_9":{"sounds":[{"name": "dialog/outro_9","volume":1,"pitch":1,"weight":1,"stream":true,"attenuation_distance":100000,"preload":false}]},"dialog.outro_10":{"sounds":[{"name": "dialog/outro_10","volume":1,"pitch":1,"weight":1,"stream":true,"attenuation_distance":100000,"preload":false}]},"dialog.outro_11":{"sounds":[{"name": "dialog/outro_11","volume":1,"pitch":1,"weight":1,"stream":true,"attenuation_distance":100000,"preload":false}]},"dialog.mid_part_0":{"sounds":[{"name": "dialog/mid_part_0","volume":1,"pitch":1,"weight":1,"stream":true,"attenuation_distance":100000,"preload":false}]},"dialog.mid_part_1":{"sounds":[{"name": "dialog/mid_part_1","volume":1,"pitch":1,"weight":1,"stream":true,"attenuation_distance":100000,"preload":false}]},"dialog.mid_part_2":{"sounds":[{"name": "dialog/mid_part_2","volume":1,"pitch":1,"weight":1,"stream":true,"attenuation_distance":100000,"preload":false}]},"dialog.mid_part_3":{"sounds":[{"name": "dialog/mid_part_3","volume":1,"pitch":1,"weight":1,"stream":true,"attenuation_distance":100000,"preload":false}]},"dialog.mid_part_4":{"sounds":[{"name": "dialog/mid_part_4","volume":1,"pitch":1,"weight":1,"stream":true,"attenuation_distance":100000,"preload":false}]},"dialog.mid_part_5":{"sounds":[{"name": "dialog/mid_part_5","volume":1,"pitch":1,"weight":1,"stream":true,"attenuation_distance":100000,"preload":false}]},"dialog.mid_part_6":{"sounds":[{"name": "dialog/mid_part_6","volume":1,"pitch":1,"weight":1,"stream":true,"attenuation_distance":100000,"preload":false}]},"dialog.mid_part_7":{"sounds":[{"name": "dialog/mid_part_7","volume":1,"pitch":1,"weight":1,"stream":true,"attenuation_distance":100000,"preload":false}]},"dialog.mid_part_8":{"sounds":[{"name": "dialog/mid_part_8","volume":1,"pitch":1,"weight":1,"stream":true,"attenuation_distance":100000,"preload":false}]},"dialog.mid_part_9":{"sounds":[{"name": "dialog/mid_part_9","volume":1,"pitch":1,"weight":1,"stream":true,"attenuation_distance":100000,"preload":false}]},"dialog.mid_part_10":{"sounds":[{"name": "dialog/mid_part_10","volume":1,"pitch":1,"weight":1,"stream":true,"attenuation_distance":100000,"preload":false}]}
}
