{
"parent": "item/generated",
"textures": {
"layer0": "item/acacia_boat"
}
,
"overrides": [{"predicate": {"custom_model_data": 1},"model": "item/pigeon/idle"},{"predicate": {"custom_model_data": 2},"model": "item/pigeon/walk_0"},{"predicate": {"custom_model_data": 3},"model": "item/pigeon/walk_1"},{"predicate": {"custom_model_data": 4},"model": "item/pigeon/walk_2"},{"predicate": {"custom_model_data": 5},"model": "item/pigeon/walk_3"},{"predicate": {"custom_model_data": 11},"model": "item/pigeon/peck_0"},{"predicate": {"custom_model_data": 12},"model": "item/pigeon/peck_1"},{"predicate": {"custom_model_data": 13},"model": "item/pigeon/peck_2"},{"predicate": {"custom_model_data": 14},"model": "item/pigeon/peck_3"},{"predicate": {"custom_model_data": 15},"model": "item/pigeon/peck_4"}]
}
