{
"parent": "item/generated",
"textures": {
"layer0": "item/book"
}
,
"overrides": [{"predicate": {"custom_model_data": 1},"model": "item/book/head"},{"predicate": {"custom_model_data": 2},"model": "item/book/body"},{"predicate": {"custom_model_data": 3},"model": "item/book/rightarm"},{"predicate": {"custom_model_data": 4},"model": "item/book/leftarm"},{"predicate": {"custom_model_data": 5},"model": "item/book/rightleg"},{"predicate": {"custom_model_data": 6},"model": "item/book/leftleg"}]
}
