{
"parent": "item/generated",
"textures": {
"layer0": "item/brick"
}
,
"overrides": [{"predicate": {"custom_model_data": 1},"model": "item/brick/head"},{"predicate": {"custom_model_data": 2},"model": "item/brick/body"},{"predicate": {"custom_model_data": 3},"model": "item/brick/rightarm"},{"predicate": {"custom_model_data": 4},"model": "item/brick/leftarm"},{"predicate": {"custom_model_data": 5},"model": "item/brick/rightleg"},{"predicate": {"custom_model_data": 6},"model": "item/brick/leftleg"}]
}
