{
"parent": "item/generated",
"textures": {
"layer0": "item/charcoal"
}
,
"overrides": [{"predicate": {"custom_model_data": 1},"model": "item/charcoal/head"},{"predicate": {"custom_model_data": 2},"model": "item/charcoal/body"},{"predicate": {"custom_model_data": 3},"model": "item/charcoal/rightarm"},{"predicate": {"custom_model_data": 4},"model": "item/charcoal/leftarm"},{"predicate": {"custom_model_data": 5},"model": "item/charcoal/rightleg"},{"predicate": {"custom_model_data": 6},"model": "item/charcoal/leftleg"}]
}
