{
"parent": "item/generated",
"textures": {
"layer0": "item/clay_ball"
}
,
"overrides": [{"predicate": {"custom_model_data": 1},"model": "item/clay_ball/head"},{"predicate": {"custom_model_data": 2},"model": "item/clay_ball/body"},{"predicate": {"custom_model_data": 3},"model": "item/clay_ball/rightarm"},{"predicate": {"custom_model_data": 4},"model": "item/clay_ball/leftarm"},{"predicate": {"custom_model_data": 5},"model": "item/clay_ball/rightleg"},{"predicate": {"custom_model_data": 6},"model": "item/clay_ball/leftleg"}]
}
