{
"parent": "item/generated",
"textures": {
"layer0": "item/diamond"
}
,
"overrides": [{"predicate": {"custom_model_data": 1},"model": "item/diamond/head"},{"predicate": {"custom_model_data": 2},"model": "item/diamond/body"},{"predicate": {"custom_model_data": 3},"model": "item/diamond/rightarm"},{"predicate": {"custom_model_data": 4},"model": "item/diamond/leftarm"},{"predicate": {"custom_model_data": 5},"model": "item/diamond/rightleg"},{"predicate": {"custom_model_data": 6},"model": "item/diamond/leftleg"}]
}
