{
    "credit": "Made with Blockbench",
    "texture_size": [32, 32],
    "textures": {
        "0": "custom/dirt_wand",
        "particle": "custom/dirt_wand"
    },
    "elements": [
        {
            "from": [7, 0, 7],
            "to": [10, 7, 10],
            "rotation": {"angle": 0, "axis": "y", "origin": [16, 8, 15]},
            "faces": {
                "north": {"uv": [7, 7, 8.5, 10.5], "texture": "#0"},
                "east": {"uv": [7, 0, 8.5, 3.5], "texture": "#0"},
                "south": {"uv": [7, 3.5, 8.5, 7], "texture": "#0"},
                "west": {"uv": [8.5, 8.5, 10, 12], "texture": "#0"},
                "up": {"uv": [10, 8.5, 8.5, 7], "texture": "#0"},
                "down": {"uv": [8.5, 10.5, 7, 12], "texture": "#0"}
            }
        },
        {
            "from": [7, 2, 7.5],
            "to": [8, 7, 9.5],
            "rotation": {"angle": 22.5, "axis": "z", "origin": [8, 2, 8.5]},
            "faces": {
                "north": {"uv": [7, 12, 7.5, 14.5], "texture": "#0"},
                "east": {"uv": [3, 10.5, 4, 13], "texture": "#0"},
                "south": {"uv": [7.5, 12, 8, 14.5], "texture": "#0"},
                "west": {"uv": [4, 10.5, 5, 13], "texture": "#0"},
                "up": {"uv": [9.5, 13, 9, 12], "texture": "#0"},
                "down": {"uv": [10, 12, 9.5, 13], "texture": "#0"}
            }
        },
        {
            "from": [9, 1.6, 7.5],
            "to": [10, 6.6, 9.5],
            "rotation": {"angle": -22.5, "axis": "z", "origin": [10, 1.6, 8.5]},
            "faces": {
                "north": {"uv": [8, 12, 8.5, 14.5], "texture": "#0"},
                "east": {"uv": [5, 10.5, 6, 13], "texture": "#0"},
                "south": {"uv": [8.5, 12, 9, 14.5], "texture": "#0"},
                "west": {"uv": [6, 10.5, 7, 13], "texture": "#0"},
                "up": {"uv": [6.5, 14, 6, 13], "texture": "#0"},
                "down": {"uv": [7, 13, 6.5, 14], "texture": "#0"}
            }
        },
        {
            "from": [7, 12, 7],
            "to": [10, 18, 10],
            "rotation": {"angle": 0, "axis": "y", "origin": [16, 20, 15]},
            "faces": {
                "north": {"uv": [10, 3.5, 11.5, 6.5], "texture": "#0"},
                "east": {"uv": [10, 6.5, 11.5, 9.5], "texture": "#0"},
                "south": {"uv": [0, 10.5, 1.5, 13.5], "texture": "#0"},
                "west": {"uv": [1.5, 10.5, 3, 13.5], "texture": "#0"},
                "up": {"uv": [13, 13, 11.5, 11.5], "texture": "#0"},
                "down": {"uv": [13, 0, 11.5, 1.5], "texture": "#0"}
            }
        },
        {
            "from": [7.3, 6.3, 7.3],
            "to": [9.7, 12.7, 9.7],
            "rotation": {"angle": 0, "axis": "y", "origin": [16, 20, 15]},
            "faces": {
                "north": {"uv": [8.5, 0, 10, 3.5], "texture": "#0"},
                "east": {"uv": [8.5, 3.5, 10, 7], "texture": "#0"},
                "south": {"uv": [10, 10, 11.5, 13.5], "texture": "#0"},
                "west": {"uv": [10, 0, 11.5, 3.5], "texture": "#0"},
                "up": {"uv": [13, 3, 11.5, 1.5], "texture": "#0"},
                "down": {"uv": [13, 3, 11.5, 4.5], "texture": "#0"}
            }
        },
        {
            "from": [5, 19, 5],
            "to": [12, 26, 12],
            "rotation": {"angle": 0, "axis": "y", "origin": [16, 27, 15]},
            "faces": {
                "north": {"uv": [0, 0, 3.5, 3.5], "texture": "#0"},
                "east": {"uv": [0, 3.5, 3.5, 7], "texture": "#0"},
                "south": {"uv": [3.5, 3.5, 7, 7], "texture": "#0"},
                "west": {"uv": [3.5, 0, 7, 3.5], "texture": "#0"},
                "up": {"uv": [3.5, 10.5, 0, 7], "texture": "#0"},
                "down": {"uv": [7, 7, 3.5, 10.5], "texture": "#0"}
            }
        },
        {
            "from": [7, 8, 7],
            "to": [10, 9, 10],
            "rotation": {"angle": 0, "axis": "y", "origin": [16, 6, 15]},
            "faces": {
                "north": {"uv": [10, 9.5, 11.5, 10], "texture": "#0"},
                "east": {"uv": [11.5, 10.5, 13, 11], "texture": "#0"},
                "south": {"uv": [11.5, 11, 13, 11.5], "texture": "#0"},
                "west": {"uv": [3, 13, 4.5, 13.5], "texture": "#0"},
                "up": {"uv": [13, 6, 11.5, 4.5], "texture": "#0"},
                "down": {"uv": [13, 6, 11.5, 7.5], "texture": "#0"}
            }
        },
        {
            "from": [7, 10, 7],
            "to": [10, 11, 10],
            "rotation": {"angle": 0, "axis": "y", "origin": [16, 8, 15]},
            "faces": {
                "north": {"uv": [4.5, 13, 6, 13.5], "texture": "#0"},
                "east": {"uv": [11.5, 13, 13, 13.5], "texture": "#0"},
                "south": {"uv": [13, 13, 14.5, 13.5], "texture": "#0"},
                "west": {"uv": [13, 0, 14.5, 0.5], "texture": "#0"},
                "up": {"uv": [13, 9, 11.5, 7.5], "texture": "#0"},
                "down": {"uv": [13, 9, 11.5, 10.5], "texture": "#0"}
            }
        }
    ],
    "display": {
        "thirdperson_righthand": {
            "translation": [-0.25, 1.5, 1],
            "scale": [0.7, 0.7, 0.7]
        },
        "thirdperson_lefthand": {
            "translation": [0.5, 2.75, 1.25],
            "scale": [0.7, 0.7, 0.7]
        },
        "firstperson_righthand": {
            "scale": [0.5, 0.5, 0.5]
        },
        "firstperson_lefthand": {
            "scale": [0.5, 0.5, 0.5]
        },
        "gui": {
            "rotation": [9.75, -32, 0],
            "translation": [0, -1.75, 0],
            "scale": [0.5, 0.5, 0.5]
        },
        "head": {
            "translation": [0, -23.25, 0]
        },
        "fixed": {
            "translation": [0, -2.25, 0],
            "scale": [0.5, 0.5, 0.5]
        }
    }
}