{
	"credit": "Made with Blockbench",
	"texture_size": [32, 32],
	"textures": {
		"0": "custom/fire_wand",
		"particle": "custom/fire_wand"
	},
	"elements": [
		{
			"from": [7, 1, 7],
			"to": [10, 7, 10],
			"rotation": {"angle": 0, "axis": "y", "origin": [16, 8, 15]},
			"faces": {
				"north": {"uv": [3, 0, 4.5, 3], "texture": "#0"},
				"east": {"uv": [6, 0, 7.5, 3], "texture": "#0"},
				"south": {"uv": [6, 3, 7.5, 6], "texture": "#0"},
				"west": {"uv": [3, 6.5, 4.5, 9.5], "texture": "#0"},
				"up": {"uv": [3, 1.5, 1.5, 0], "texture": "#0"},
				"down": {"uv": [10, 3, 8.5, 4.5], "texture": "#0"}
			}
		},
		{
			"from": [7.6, 0.2, 7.6],
			"to": [9.4, 1, 9.4],
			"rotation": {"angle": 0, "axis": "y", "origin": [16.5, 7.1, 14.5]},
			"faces": {
				"north": {"uv": [13, 1, 14, 1.5], "texture": "#0"},
				"east": {"uv": [13, 1.5, 14, 2], "texture": "#0"},
				"south": {"uv": [13, 2, 14, 2.5], "texture": "#0"},
				"west": {"uv": [13, 2.5, 14, 3], "texture": "#0"},
				"up": {"uv": [5.5, 4.5, 4.5, 3.5], "texture": "#0"},
				"down": {"uv": [9.5, 7.5, 8.5, 8.5], "texture": "#0"}
			}
		},
		{
			"from": [7, 2, 7.5],
			"to": [8, 11, 9.5],
			"rotation": {"angle": 22.5, "axis": "z", "origin": [8, 2, 8.5]},
			"faces": {
				"north": {"uv": [5.5, 8, 6, 12.5], "texture": "#0"},
				"east": {"uv": [0, 7, 1, 11.5], "texture": "#0"},
				"south": {"uv": [2.5, 8.5, 3, 13], "texture": "#0"},
				"west": {"uv": [7.5, 7.5, 8.5, 12], "texture": "#0"},
				"up": {"uv": [6, 4.5, 5.5, 3.5], "texture": "#0"},
				"down": {"uv": [10, 7.5, 9.5, 8.5], "texture": "#0"}
			}
		},
		{
			"from": [7, 15.2, 7],
			"to": [8, 22.2, 10],
			"rotation": {"angle": 22.5, "axis": "z", "origin": [8, 15.2, 9]},
			"faces": {
				"north": {"uv": [1.5, 11.5, 2, 15], "texture": "#0"},
				"east": {"uv": [0, 0, 1.5, 3.5], "texture": "#0"},
				"south": {"uv": [2, 11.5, 2.5, 15], "texture": "#0"},
				"west": {"uv": [1.5, 1.5, 3, 5], "texture": "#0"},
				"up": {"uv": [1.5, 8.5, 1, 7], "texture": "#0"},
				"down": {"uv": [4.5, 9.5, 4, 11], "texture": "#0"}
			}
		},
		{
			"from": [13.2, 21.525, 7],
			"to": [14.2, 24.525, 10],
			"rotation": {"angle": 22.5, "axis": "z", "origin": [14.2, 17.525, 9]},
			"faces": {
				"north": {"uv": [4, 11, 4.5, 12.5], "texture": "#0"},
				"east": {"uv": [9, 4.5, 10.5, 6], "texture": "#0"},
				"south": {"uv": [7, 12.5, 7.5, 14], "texture": "#0"},
				"west": {"uv": [9, 6, 10.5, 7.5], "texture": "#0"},
				"up": {"uv": [0.5, 14.5, 0, 13], "texture": "#0"},
				"down": {"uv": [1, 13, 0.5, 14.5], "texture": "#0"}
			}
		},
		{
			"from": [9, 1.6, 7.5],
			"to": [10, 10.6, 9.5],
			"rotation": {"angle": -22.5, "axis": "z", "origin": [10, 1.6, 8.5]},
			"faces": {
				"north": {"uv": [3, 9.5, 3.5, 14], "texture": "#0"},
				"east": {"uv": [7.5, 0, 8.5, 4.5], "texture": "#0"},
				"south": {"uv": [3.5, 9.5, 4, 14], "texture": "#0"},
				"west": {"uv": [4.5, 8, 5.5, 12.5], "texture": "#0"},
				"up": {"uv": [13.5, 4, 13, 3], "texture": "#0"},
				"down": {"uv": [13.5, 7.5, 13, 8.5], "texture": "#0"}
			}
		},
		{
			"from": [9, 14.75, 7],
			"to": [10, 21.75, 10],
			"rotation": {"angle": -22.5, "axis": "z", "origin": [10, 14.75, 8]},
			"faces": {
				"north": {"uv": [7.5, 12, 8, 15.5], "texture": "#0"},
				"east": {"uv": [3, 3, 4.5, 6.5], "texture": "#0"},
				"south": {"uv": [8, 12, 8.5, 15.5], "texture": "#0"},
				"west": {"uv": [0, 3.5, 1.5, 7], "texture": "#0"},
				"up": {"uv": [1.5, 14.5, 1, 13], "texture": "#0"},
				"down": {"uv": [3, 13, 2.5, 14.5], "texture": "#0"}
			}
		},
		{
			"from": [2.775, 21.225, 7],
			"to": [3.775, 24.225, 10],
			"rotation": {"angle": -22.5, "axis": "z", "origin": [3.775, 17.225, 8]},
			"faces": {
				"north": {"uv": [8.5, 13, 9, 14.5], "texture": "#0"},
				"east": {"uv": [6, 9.5, 7.5, 11], "texture": "#0"},
				"south": {"uv": [9, 13, 9.5, 14.5], "texture": "#0"},
				"west": {"uv": [10, 10, 11.5, 11.5], "texture": "#0"},
				"up": {"uv": [10, 14.5, 9.5, 13], "texture": "#0"},
				"down": {"uv": [10.5, 13, 10, 14.5], "texture": "#0"}
			}
		},
		{
			"from": [7, 12, 7],
			"to": [10, 18, 10],
			"rotation": {"angle": 0, "axis": "y", "origin": [16, 20, 15]},
			"faces": {
				"north": {"uv": [7.5, 4.5, 9, 7.5], "texture": "#0"},
				"east": {"uv": [1, 8.5, 2.5, 11.5], "texture": "#0"},
				"south": {"uv": [8.5, 8.5, 10, 11.5], "texture": "#0"},
				"west": {"uv": [8.5, 0, 10, 3], "texture": "#0"},
				"up": {"uv": [11.5, 1.5, 10, 0], "texture": "#0"},
				"down": {"uv": [11.5, 1.5, 10, 3], "texture": "#0"}
			}
		},
		{
			"from": [6.6, 14.6, 6.6],
			"to": [10.4, 18.4, 10.4],
			"rotation": {"angle": 0, "axis": "y", "origin": [16, 20, 15]},
			"faces": {
				"north": {"uv": [10, 3, 11.5, 4.5], "texture": "#0"},
				"east": {"uv": [10, 7.5, 11.5, 9], "texture": "#0"},
				"south": {"uv": [10.5, 4.5, 12, 6], "texture": "#0"},
				"west": {"uv": [10.5, 6, 12, 7.5], "texture": "#0"},
				"up": {"uv": [7.5, 12.5, 6, 11], "texture": "#0"},
				"down": {"uv": [1.5, 11.5, 0, 13], "texture": "#0"}
			}
		},
		{
			"from": [7, 19.55, 7],
			"to": [10, 22.55, 10],
			"rotation": {"angle": 0, "axis": "y", "origin": [16, 27.55, 15]},
			"faces": {
				"north": {"uv": [8.5, 11.5, 10, 13], "texture": "#0"},
				"east": {"uv": [10, 11.5, 11.5, 13], "texture": "#0"},
				"south": {"uv": [11.5, 11.5, 13, 13], "texture": "#0"},
				"west": {"uv": [11.5, 0, 13, 1.5], "texture": "#0"},
				"up": {"uv": [13, 3, 11.5, 1.5], "texture": "#0"},
				"down": {"uv": [13, 3, 11.5, 4.5], "texture": "#0"}
			}
		},
		{
			"from": [7.3, 6.3, 7.3],
			"to": [9.7, 12.7, 9.7],
			"rotation": {"angle": 0, "axis": "y", "origin": [16, 20, 15]},
			"faces": {
				"north": {"uv": [4.5, 4.5, 6, 8], "texture": "#0"},
				"east": {"uv": [4.5, 0, 6, 3.5], "texture": "#0"},
				"south": {"uv": [1.5, 5, 3, 8.5], "texture": "#0"},
				"west": {"uv": [6, 6, 7.5, 9.5], "texture": "#0"},
				"up": {"uv": [13, 9, 11.5, 7.5], "texture": "#0"},
				"down": {"uv": [13, 9, 11.5, 10.5], "texture": "#0"}
			}
		},
		{
			"from": [7, 8, 7],
			"to": [10, 9, 10],
			"rotation": {"angle": 0, "axis": "y", "origin": [16, 6, 15]},
			"faces": {
				"north": {"uv": [10, 9, 11.5, 9.5], "texture": "#0"},
				"east": {"uv": [10, 9.5, 11.5, 10], "texture": "#0"},
				"south": {"uv": [11.5, 10.5, 13, 11], "texture": "#0"},
				"west": {"uv": [11.5, 11, 13, 11.5], "texture": "#0"},
				"up": {"uv": [13.5, 6, 12, 4.5], "texture": "#0"},
				"down": {"uv": [13.5, 6, 12, 7.5], "texture": "#0"}
			}
		},
		{
			"from": [7, 10, 7],
			"to": [10, 11, 10],
			"rotation": {"angle": 0, "axis": "y", "origin": [16, 8, 15]},
			"faces": {
				"north": {"uv": [10.5, 13, 12, 13.5], "texture": "#0"},
				"east": {"uv": [12, 13, 13.5, 13.5], "texture": "#0"},
				"south": {"uv": [13, 0, 14.5, 0.5], "texture": "#0"},
				"west": {"uv": [13, 0.5, 14.5, 1], "texture": "#0"},
				"up": {"uv": [5.5, 14, 4, 12.5], "texture": "#0"},
				"down": {"uv": [7, 12.5, 5.5, 14], "texture": "#0"}
			}
		}
	],
	"display": {
		"thirdperson_righthand": {
			"translation": [-0.25, 1.5, 1],
			"scale": [0.7, 0.7, 0.7]
		},
		"thirdperson_lefthand": {
			"translation": [0.5, 2.75, 1.25],
			"scale": [0.7, 0.7, 0.7]
		},
		"firstperson_righthand": {
			"scale": [0.5, 0.5, 0.5]
		},
		"firstperson_lefthand": {
			"scale": [0.5, 0.5, 0.5]
		},
		"ground": {
			"translation": [0, 4, 0]
		},
		"gui": {
			"rotation": [9.75, -32, 0],
			"translation": [0, -1.75, 0],
			"scale": [0.5, 0.5, 0.5]
		},
		"head": {
			"translation": [0, -23.25, 0]
		},
		"fixed": {
			"translation": [0, -2.25, 0],
			"scale": [0.5, 0.5, 0.5]
		}
	}
}