{
"parent": "item/generated",
"textures": {
"layer0": "item/flint"
}
,
"overrides": [{"predicate": {"custom_model_data": 1},"model": "item/flint/head"},{"predicate": {"custom_model_data": 2},"model": "item/flint/body"},{"predicate": {"custom_model_data": 3},"model": "item/flint/rightarm"},{"predicate": {"custom_model_data": 4},"model": "item/flint/leftarm"},{"predicate": {"custom_model_data": 5},"model": "item/flint/rightleg"},{"predicate": {"custom_model_data": 6},"model": "item/flint/leftleg"}]
}
