{
"parent": "item/generated",
"textures": {
"layer0": "item/golden_hoe"
}
,
"overrides": [{"predicate": {"custom_model_data": 1},"model": "item/dirt_wand"},{"predicate": {"custom_model_data": 2},"model": "item/water_wand"},{"predicate": {"custom_model_data": 3},"model": "item/wind_wand"},{"predicate": {"custom_model_data": 4},"model": "item/fire_wand"},{"predicate": {"custom_model_data": 5},"model": "item/bluestone"},{"predicate": {"custom_model_data": 6},"model": "item/boots"},{"predicate": {"custom_model_data": 7},"model": "item/headset"},{"predicate": {"custom_model_data": 8},"model": "item/deco/rewind"},{"predicate": {"custom_model_data": 9},"model": "item/deco/skybuster"},{"predicate": {"custom_model_data": 10},"model": "item/cartridge"},{"predicate": {"custom_model_data": 11},"model": "item/helmet"},{"predicate": {"custom_model_data": 12},"model": "item/deco/bottle"}]
}
