{
"parent": "item/generated",
"textures": {
"layer0": "item/iron_ingot"
}
,
"overrides": [{"predicate": {"custom_model_data": 1},"model": "item/screen_crimson"},{"predicate": {"custom_model_data": 2},"model": "item/screen_delta"},{"predicate": {"custom_model_data": 3},"model": "item/screen_forest"},{"predicate": {"custom_model_data": 4},"model": "item/screen_house"},{"predicate": {"custom_model_data": 5},"model": "item/screen_library"},{"predicate": {"custom_model_data": 6},"model": "item/screen_lush"},{"predicate": {"custom_model_data": 7},"model": "item/screen_mine"},{"predicate": {"custom_model_data": 8},"model": "item/screen_mushroom"},{"predicate": {"custom_model_data": 9},"model": "item/screen_ocean"},{"predicate": {"custom_model_data": 10},"model": "item/screen_ravine"},{"predicate": {"custom_model_data": 11},"model": "item/screen_ship"},{"predicate": {"custom_model_data": 12},"model": "item/screen_soulsand"}]
}
