{
"parent": "item/generated",
"textures": {
"layer0": "item/paper"
}
,
"overrides": [{"predicate": {"custom_model_data": 1},"model": "item/paper/head"},{"predicate": {"custom_model_data": 2},"model": "item/paper/body"},{"predicate": {"custom_model_data": 3},"model": "item/paper/rightarm"},{"predicate": {"custom_model_data": 4},"model": "item/paper/leftarm"},{"predicate": {"custom_model_data": 5},"model": "item/paper/rightleg"},{"predicate": {"custom_model_data": 6},"model": "item/paper/leftleg"}]
}
