{
"parent": "item/generated",
"textures": {
"layer0": "item/raw_copper"
}
,
"overrides": [{"predicate": {"custom_model_data": 1},"model": "item/raw_copper/head"},{"predicate": {"custom_model_data": 2},"model": "item/raw_copper/body"},{"predicate": {"custom_model_data": 3},"model": "item/raw_copper/rightarm"},{"predicate": {"custom_model_data": 4},"model": "item/raw_copper/leftarm"},{"predicate": {"custom_model_data": 5},"model": "item/raw_copper/rightleg"},{"predicate": {"custom_model_data": 6},"model": "item/raw_copper/leftleg"}]
}
