{
"credit": "Made with Blockbench",
"textures": {
"0": "custom/screen_house",
"particle": "custom/screen_house"
}
,
"elements": [
{
"from": [-16, -16, 9],
"to": [32, 32, 9],
"rotation": {"angle": 0, "axis": "y", "origin": [8, 8, 9]},
"faces": {
"north": {"uv": [0, 0, 16, 16], "texture": "#0"},
"east": {"uv": [0, 0, 16, 16], "texture": "#0"},
"south": {"uv": [0, 0, 16, 16], "texture": "#0"},
"west": {"uv": [0, 0, 16, 16], "texture": "#0"},
"up": {"uv": [0, 0, 16, 16], "texture": "#0"},
"down": {"uv": [0, 0, 16, 16], "texture": "#0"}
}
}
],
"display": {
"head": {
"translation": [0, -12.5, 0],
"scale": [3, 3, 3]
}
}
}
