{
    "credit": "Made with Blockbench",
    "texture_size": [64, 64],
    "textures": {
        "0": "custom/water_wand",
        "particle": "custom/water_wand"
    },
    "elements": [
        {
            "from": [7, 1, 7],
            "to": [10, 7, 10],
            "rotation": {"angle": 0, "axis": "y", "origin": [16, 8, 15]},
            "faces": {
                "north": {"uv": [2.25, 5.25, 3, 6.75], "texture": "#0"},
                "east": {"uv": [3, 5.25, 3.75, 6.75], "texture": "#0"},
                "south": {"uv": [3.75, 5.25, 4.5, 6.75], "texture": "#0"},
                "west": {"uv": [5.5, 2.5, 6.25, 4], "texture": "#0"},
                "up": {"uv": [7.5, 5.25, 6.75, 4.5], "texture": "#0"},
                "down": {"uv": [7.5, 5.25, 6.75, 6], "texture": "#0"}
            }
        },
        {
            "from": [7.6, 0.2, 7.6],
            "to": [9.4, 1, 9.4],
            "rotation": {"angle": 0, "axis": "y", "origin": [16.5, 7.1, 14.5]},
            "faces": {
                "north": {"uv": [5.5, 4, 6, 4.25], "texture": "#0"},
                "east": {"uv": [6.25, 3, 6.75, 3.25], "texture": "#0"},
                "south": {"uv": [6.25, 3.25, 6.75, 3.5], "texture": "#0"},
                "west": {"uv": [6.25, 3.5, 6.75, 3.75], "texture": "#0"},
                "up": {"uv": [5.25, 4.75, 4.75, 4.25], "texture": "#0"},
                "down": {"uv": [5.75, 4.25, 5.25, 4.75], "texture": "#0"}
            }
        },
        {
            "from": [7, 12, 7],
            "to": [10, 18, 10],
            "rotation": {"angle": 0, "axis": "y", "origin": [16, 20, 15]},
            "faces": {
                "north": {"uv": [6, 6, 6.75, 7.5], "texture": "#0"},
                "east": {"uv": [6, 0, 6.75, 1.5], "texture": "#0"},
                "south": {"uv": [6, 4, 6.75, 5.5], "texture": "#0"},
                "west": {"uv": [6.25, 1.5, 7, 3], "texture": "#0"},
                "up": {"uv": [7.5, 6.75, 6.75, 6], "texture": "#0"},
                "down": {"uv": [0.75, 7, 0, 7.75], "texture": "#0"}
            }
        },
        {
            "from": [6, 15.55, 6],
            "to": [11, 22.55, 11],
            "rotation": {"angle": 0, "axis": "y", "origin": [16, 23.55, 15]},
            "faces": {
                "north": {"uv": [3.5, 3.5, 4.75, 5.25], "texture": "#0"},
                "east": {"uv": [3.5, 0, 4.75, 1.75], "texture": "#0"},
                "south": {"uv": [3.5, 1.75, 4.75, 3.5], "texture": "#0"},
                "west": {"uv": [4.75, 4.75, 6, 6.5], "texture": "#0"},
                "up": {"uv": [6, 1.25, 4.75, 0], "texture": "#0"},
                "down": {"uv": [6, 1.25, 4.75, 2.5], "texture": "#0"}
            }
        },
        {
            "from": [5, 23.55, 5],
            "to": [12, 30.55, 12],
            "rotation": {"angle": 0, "axis": "y", "origin": [16, 30.55, 15]},
            "faces": {
                "north": {"uv": [0, 0, 1.75, 1.75], "texture": "#0"},
                "east": {"uv": [0, 1.75, 1.75, 3.5], "texture": "#0"},
                "south": {"uv": [1.75, 1.75, 3.5, 3.5], "texture": "#0"},
                "west": {"uv": [1.75, 0, 3.5, 1.75], "texture": "#0"},
                "up": {"uv": [1.75, 5.25, 0, 3.5], "texture": "#0"},
                "down": {"uv": [3.5, 3.5, 1.75, 5.25], "texture": "#0"}
            }
        },
        {
            "from": [11, 10.55, 7],
            "to": [14, 16.55, 10],
            "rotation": {"angle": -22.5, "axis": "z", "origin": [21, 20.55, 15]},
            "faces": {
                "north": {"uv": [4.5, 6.5, 5.25, 8], "texture": "#0"},
                "east": {"uv": [5.25, 6.5, 6, 8], "texture": "#0"},
                "south": {"uv": [2.25, 6.75, 3, 8.25], "texture": "#0"},
                "west": {"uv": [3, 6.75, 3.75, 8.25], "texture": "#0"},
                "up": {"uv": [1.5, 7.75, 0.75, 7], "texture": "#0"},
                "down": {"uv": [2.25, 7, 1.5, 7.75], "texture": "#0"}
            }
        },
        {
            "from": [1.7, 16.95, 7],
            "to": [4.7, 22.95, 10],
            "rotation": {"angle": 22.5, "axis": "z", "origin": [11.7, 26.95, 15]},
            "faces": {
                "north": {"uv": [3.75, 6.75, 4.5, 8.25], "texture": "#0"},
                "east": {"uv": [6.75, 6.75, 7.5, 8.25], "texture": "#0"},
                "south": {"uv": [6.75, 0, 7.5, 1.5], "texture": "#0"},
                "west": {"uv": [6.75, 3, 7.5, 4.5], "texture": "#0"},
                "up": {"uv": [7.75, 2.25, 7, 1.5], "texture": "#0"},
                "down": {"uv": [7.75, 2.25, 7, 3], "texture": "#0"}
            }
        },
        {
            "from": [7.3, 6.3, 7.3],
            "to": [9.7, 12.7, 9.7],
            "rotation": {"angle": 0, "axis": "y", "origin": [16, 20, 15]},
            "faces": {
                "north": {"uv": [4.75, 2.5, 5.5, 4.25], "texture": "#0"},
                "east": {"uv": [0, 5.25, 0.75, 7], "texture": "#0"},
                "south": {"uv": [0.75, 5.25, 1.5, 7], "texture": "#0"},
                "west": {"uv": [1.5, 5.25, 2.25, 7], "texture": "#0"},
                "up": {"uv": [8.25, 3.75, 7.5, 3], "texture": "#0"},
                "down": {"uv": [8.25, 3.75, 7.5, 4.5], "texture": "#0"}
            }
        },
        {
            "from": [7, 8, 7],
            "to": [10, 9, 10],
            "rotation": {"angle": 0, "axis": "y", "origin": [16, 6, 15]},
            "faces": {
                "north": {"uv": [6, 5.5, 6.75, 5.75], "texture": "#0"},
                "east": {"uv": [6, 5.75, 6.75, 6], "texture": "#0"},
                "south": {"uv": [7.5, 4.5, 8.25, 4.75], "texture": "#0"},
                "west": {"uv": [7.5, 4.75, 8.25, 5], "texture": "#0"},
                "up": {"uv": [6.75, 8.25, 6, 7.5], "texture": "#0"},
                "down": {"uv": [8.25, 7.5, 7.5, 8.25], "texture": "#0"}
            }
        },
        {
            "from": [7, 10, 7],
            "to": [10, 11, 10],
            "rotation": {"angle": 0, "axis": "y", "origin": [16, 8, 15]},
            "faces": {
                "north": {"uv": [7.5, 5, 8.25, 5.25], "texture": "#0"},
                "east": {"uv": [7.5, 5.25, 8.25, 5.5], "texture": "#0"},
                "south": {"uv": [7.5, 5.5, 8.25, 5.75], "texture": "#0"},
                "west": {"uv": [7.5, 5.75, 8.25, 6], "texture": "#0"},
                "up": {"uv": [8.25, 0.75, 7.5, 0], "texture": "#0"},
                "down": {"uv": [8.25, 0.75, 7.5, 1.5], "texture": "#0"}
            }
        }
    ],
    "display": {
        "thirdperson_righthand": {
            "translation": [-0.25, 0.5, 1],
            "scale": [0.7, 0.7, 0.7]
        },
        "thirdperson_lefthand": {
            "translation": [0.5, 2.75, 1.25],
            "scale": [0.7, 0.7, 0.7]
        },
        "firstperson_righthand": {
            "scale": [0.5, 0.5, 0.5]
        },
        "firstperson_lefthand": {
            "scale": [0.5, 0.5, 0.5]
        },
        "ground": {
            "translation": [0, 4, 0]
        },
        "gui": {
            "rotation": [9.75, -32, 0],
            "translation": [0, -3.25, 0],
            "scale": [0.5, 0.5, 0.5]
        },
        "head": {
            "translation": [-0.5, -28.75, 0]
        },
        "fixed": {
            "translation": [0, -3.25, 0],
            "scale": [0.5, 0.5, 0.5]
        }
    }
}