{
	"credit": "Made with Blockbench",
	"texture_size": [32, 32],
	"textures": {
		"0": "custom/wind_wand",
		"particle": "custom/wind_wand"
	},
	"elements": [
		{
			"from": [7, 1, 7],
			"to": [10, 7, 10],
			"rotation": {"angle": 0, "axis": "y", "origin": [16, 8, 15]},
			"faces": {
				"north": {"uv": [6, 8.5, 7.5, 11.5], "texture": "#0"},
				"east": {"uv": [9, 0, 10.5, 3], "texture": "#0"},
				"south": {"uv": [9, 3, 10.5, 6], "texture": "#0"},
				"west": {"uv": [7.5, 10, 9, 13], "texture": "#0"},
				"up": {"uv": [9, 6.5, 7.5, 5], "texture": "#0"},
				"down": {"uv": [10.5, 6, 9, 7.5], "texture": "#0"}
			}
		},
		{
			"from": [7.6, 0.2, 7.6],
			"to": [9.4, 1, 9.4],
			"rotation": {"angle": 0, "axis": "y", "origin": [16.5, 7.1, 14.5]},
			"faces": {
				"north": {"uv": [11.5, 11, 12.5, 11.5], "texture": "#0"},
				"east": {"uv": [0, 12, 1, 12.5], "texture": "#0"},
				"south": {"uv": [1, 12, 2, 12.5], "texture": "#0"},
				"west": {"uv": [11.5, 12, 12.5, 12.5], "texture": "#0"},
				"up": {"uv": [8.5, 7.5, 7.5, 6.5], "texture": "#0"},
				"down": {"uv": [11, 9, 10, 10], "texture": "#0"}
			}
		},
		{
			"from": [6, 15.55, 6],
			"to": [11, 22.55, 11],
			"rotation": {"angle": 0, "axis": "y", "origin": [16, 23.55, 15]},
			"faces": {
				"north": {"uv": [0, 0, 2.5, 3.5], "texture": "#0"},
				"east": {"uv": [2.5, 2.5, 5, 6], "texture": "#0"},
				"south": {"uv": [0, 3.5, 2.5, 7], "texture": "#0"},
				"west": {"uv": [5, 5, 7.5, 8.5], "texture": "#0"},
				"up": {"uv": [5, 2.5, 2.5, 0], "texture": "#0"},
				"down": {"uv": [10, 7.5, 7.5, 10], "texture": "#0"}
			}
		},
		{
			"from": [2, 20.55, 8],
			"to": [4, 30.55, 9],
			"rotation": {"angle": 22.5, "axis": "z", "origin": [12, 28.55, 13]},
			"faces": {
				"north": {"uv": [4, 6, 5, 11], "texture": "#0"},
				"east": {"uv": [9, 10, 9.5, 15], "texture": "#0"},
				"south": {"uv": [1.5, 7, 2.5, 12], "texture": "#0"},
				"west": {"uv": [9.5, 10, 10, 15], "texture": "#0"},
				"up": {"uv": [13, 0.5, 12, 0], "texture": "#0"},
				"down": {"uv": [13, 0.5, 12, 1], "texture": "#0"}
			}
		},
		{
			"from": [-2, 20.55, 8],
			"to": [-1, 25.55, 9],
			"rotation": {"angle": 45, "axis": "z", "origin": [8, 28.55, 13]},
			"faces": {
				"north": {"uv": [2.5, 11, 3, 13.5], "texture": "#0"},
				"east": {"uv": [3, 11, 3.5, 13.5], "texture": "#0"},
				"south": {"uv": [3.5, 11, 4, 13.5], "texture": "#0"},
				"west": {"uv": [4, 11, 4.5, 13.5], "texture": "#0"},
				"up": {"uv": [9, 7, 8.5, 6.5], "texture": "#0"},
				"down": {"uv": [9, 7, 8.5, 7.5], "texture": "#0"}
			}
		},
		{
			"from": [12, 7.25, 8],
			"to": [13, 12.25, 9],
			"rotation": {"angle": -45, "axis": "z", "origin": [22, 15.25, 13]},
			"faces": {
				"north": {"uv": [4.5, 11, 5, 13.5], "texture": "#0"},
				"east": {"uv": [11, 11, 11.5, 13.5], "texture": "#0"},
				"south": {"uv": [6, 11.5, 6.5, 14], "texture": "#0"},
				"west": {"uv": [6.5, 11.5, 7, 14], "texture": "#0"},
				"up": {"uv": [7.5, 12, 7, 11.5], "texture": "#0"},
				"down": {"uv": [2.5, 12, 2, 12.5], "texture": "#0"}
			}
		},
		{
			"from": [11, 13.55, 8],
			"to": [13, 23.55, 9],
			"rotation": {"angle": -22.5, "axis": "z", "origin": [21, 21.55, 13]},
			"faces": {
				"north": {"uv": [8, 0, 9, 5], "texture": "#0"},
				"east": {"uv": [10, 10, 10.5, 15], "texture": "#0"},
				"south": {"uv": [5, 8.5, 6, 13.5], "texture": "#0"},
				"west": {"uv": [10.5, 10.5, 11, 15.5], "texture": "#0"},
				"up": {"uv": [13, 1.5, 12, 1], "texture": "#0"},
				"down": {"uv": [13, 1.5, 12, 2], "texture": "#0"}
			}
		},
		{
			"from": [7.3, 6.3, 7.3],
			"to": [9.7, 15.7, 9.7],
			"rotation": {"angle": 0, "axis": "y", "origin": [16, 20, 15]},
			"faces": {
				"north": {"uv": [5, 0, 6.5, 5], "texture": "#0"},
				"east": {"uv": [2.5, 6, 4, 11], "texture": "#0"},
				"south": {"uv": [6.5, 0, 8, 5], "texture": "#0"},
				"west": {"uv": [0, 7, 1.5, 12], "texture": "#0"},
				"up": {"uv": [11.5, 9, 10, 7.5], "texture": "#0"},
				"down": {"uv": [12, 0, 10.5, 1.5], "texture": "#0"}
			}
		},
		{
			"from": [7, 8, 7],
			"to": [10, 9, 10],
			"rotation": {"angle": 0, "axis": "y", "origin": [16, 6, 15]},
			"faces": {
				"north": {"uv": [10.5, 10, 12, 10.5], "texture": "#0"},
				"east": {"uv": [11, 9, 12.5, 9.5], "texture": "#0"},
				"south": {"uv": [11, 9.5, 12.5, 10], "texture": "#0"},
				"west": {"uv": [11, 10.5, 12.5, 11], "texture": "#0"},
				"up": {"uv": [12, 3, 10.5, 1.5], "texture": "#0"},
				"down": {"uv": [12, 3, 10.5, 4.5], "texture": "#0"}
			}
		},
		{
			"from": [7, 14, 7],
			"to": [10, 15, 10],
			"rotation": {"angle": 0, "axis": "y", "origin": [16, 12, 15]},
			"faces": {
				"north": {"uv": [11.5, 11.5, 13, 12], "texture": "#0"},
				"east": {"uv": [11.5, 7.5, 13, 8], "texture": "#0"},
				"south": {"uv": [11.5, 8, 13, 8.5], "texture": "#0"},
				"west": {"uv": [11.5, 8.5, 13, 9], "texture": "#0"},
				"up": {"uv": [12, 6, 10.5, 4.5], "texture": "#0"},
				"down": {"uv": [12, 6, 10.5, 7.5], "texture": "#0"}
			}
		}
	],
	"display": {
		"thirdperson_righthand": {
			"translation": [-0.25, 0.5, 1],
			"scale": [0.7, 0.7, 0.7]
		},
		"thirdperson_lefthand": {
			"translation": [0.5, 2.75, 1.25],
			"scale": [0.7, 0.7, 0.7]
		},
		"firstperson_righthand": {
			"scale": [0.5, 0.5, 0.5]
		},
		"firstperson_lefthand": {
			"scale": [0.5, 0.5, 0.5]
		},
		"ground": {
			"translation": [0, 4, 0]
		},
		"gui": {
			"rotation": [9.75, -32, 0],
			"translation": [0, -2.5, 0],
			"scale": [0.5, 0.5, 0.5]
		},
		"head": {
			"translation": [-0.5, -23.25, 0]
		},
		"fixed": {
			"translation": [0, -3.25, -0.25],
			"scale": [0.5, 0.5, 0.5]
		}
	}
}