{
"credit": "Made with Blockbench",
"texture_size": [64, 64],
"textures": {
"0": "custom/theblueman003",
"particle": "custom/theblueman003"
}
,
"elements": [
{
"from": [6, -6, 6],
"to": [10, 6, 10],
"rotation": {"angle": 0, "axis": "y", "origin": [8, 4, 8]},
"faces": {
"north": {"uv": [11, 5, 12, 8], "texture": "#0"},
"east": {"uv": [10, 5, 11, 8], "texture": "#0"},
"south": {"uv": [13, 5, 14, 8], "texture": "#0"},
"west": {"uv": [12, 5, 13, 8], "texture": "#0"},
"up": {"uv": [11, 4, 12, 5], "rotation": 180, "texture": "#0"},
"down": {"uv": [12, 4, 13, 5], "texture": "#0"}
}
}
,
{
"from": [5.8, -6.2, 5.8],
"to": [10.2, 6.2, 10.2],
"rotation": {"angle": 0, "axis": "y", "origin": [8, 4, 8]},
"faces": {
"north": {"uv": [11, 9, 12, 12], "texture": "#0"},
"east": {"uv": [10, 9, 11, 12], "texture": "#0"},
"south": {"uv": [13, 9, 14, 12], "texture": "#0"},
"west": {"uv": [12, 9, 13, 12], "texture": "#0"},
"up": {"uv": [11, 8, 12, 9], "rotation": 180, "texture": "#0"},
"down": {"uv": [12, 8, 13, 9], "texture": "#0"}
}
}
],
"display": {
"head": {
"scale": [1.5, 1.5, 1.5],
"translation": [0.0, -1.75, 0.0]
}
}
}
